account_id,customer_id,account_type,balance,account_open_date
ACC_0001,CID_0001,Saving,207192.5,28-09-2018
ACC_0002,CID_0001,Current,221371.83,28-09-2018
ACC_0003,CID_0001,Demat,163023.42,28-09-2018
ACC_0004,CID_0002,Saving,191252.3,03-08-2018
ACC_0005,CID_0002,Current,910044.45,03-08-2018
ACC_0006,CID_0002,Demat,1616112.01,03-08-2018
ACC_0007,CID_0003,Recurring Deposit,404595.52,19-07-2019
ACC_0008,CID_0004,Saving,34587.7,22-02-2024
ACC_0009,CID_0005,Saving,154623.49,17-04-2021
ACC_0010,CID_0006,Saving,80500.61,20-12-2018
ACC_0011,CID_0007,Saving,243096.98,03-04-2018
ACC_0012,CID_0008,Recurring Deposit,363826.43,22-10-2018
ACC_0013,CID_0009,Saving,54688.43,19-05-2018
ACC_0014,CID_0010,Saving,199965.86,16-08-2022
ACC_0015,CID_0010,Current,997965.48,16-08-2022
ACC_0016,CID_0010,Demat,930050.51,16-08-2022
ACC_0017,CID_0011,Saving,210964.8,06-02-2021
ACC_0018,CID_0012,Recurring Deposit,36620.96,29-03-2018
ACC_0019,CID_0013,Fixed Deposit,1257896.54,24-04-2018
ACC_0020,CID_0014,Recurring Deposit,357626.58,27-09-2018
ACC_0021,CID_0015,Recurring Deposit,17721.64,18-07-2018
ACC_0022,CID_0016,Recurring Deposit,105015.12,09-09-2018
ACC_0023,CID_0017,Fixed Deposit,801471.07,01-01-2018
ACC_0024,CID_0018,Saving,30974.31,07-09-2018
ACC_0025,CID_0018,Current,481748.36,07-09-2018
ACC_0026,CID_0018,Demat,601132.1,07-09-2018
ACC_0027,CID_0019,Saving,243331.88,16-05-2024
ACC_0028,CID_0020,Saving,81466.12,27-09-2018
ACC_0029,CID_0020,Current,168193,27-09-2018
ACC_0030,CID_0020,Demat,555819.59,27-09-2018
ACC_0031,CID_0021,Saving,2728,12-03-2018
ACC_0032,CID_0022,Saving,172842.48,29-07-2022
ACC_0033,CID_0022,Current,688718.13,29-07-2022
ACC_0034,CID_0022,Demat,314208.93,29-07-2022
ACC_0035,CID_0023,Saving,125229.84,15-07-2018
ACC_0036,CID_0023,Current,686258.7,15-07-2018
ACC_0037,CID_0023,Demat,680152.08,15-07-2018
ACC_0038,CID_0024,Saving,38902.65,05-05-2018
ACC_0039,CID_0025,Recurring Deposit,159053.04,28-10-2018
ACC_0040,CID_0026,Saving,223003.09,21-12-2021
ACC_0041,CID_0027,Saving,181237.59,17-06-2020
ACC_0042,CID_0028,Saving,176803.18,20-11-2018
ACC_0043,CID_0028,Current,559465.77,20-11-2018
ACC_0044,CID_0028,Demat,1087754.48,20-11-2018
ACC_0045,CID_0029,Saving,87242.34,17-09-2018
ACC_0046,CID_0030,Saving,207921.72,17-06-2024
ACC_0047,CID_0030,Current,914559.53,17-06-2024
ACC_0048,CID_0030,Demat,1111268.02,17-06-2024
ACC_0049,CID_0031,Saving,112621.36,01-09-2018
ACC_0050,CID_0032,Saving,194091.52,27-03-2018
ACC_0051,CID_0033,Saving,5170.6,16-06-2021
ACC_0052,CID_0034,Saving,80513.18,11-05-2018
ACC_0053,CID_0034,Current,64278.41,11-05-2018
ACC_0054,CID_0034,Demat,1934490.5,11-05-2018
ACC_0055,CID_0035,Saving,170964.43,03-10-2018
ACC_0056,CID_0035,Current,765968.36,03-10-2018
ACC_0057,CID_0035,Demat,312492.37,03-10-2018
ACC_0058,CID_0036,Saving,160405.53,12-03-2018
ACC_0059,CID_0036,Current,111353.67,12-03-2018
ACC_0060,CID_0036,Demat,1048785.08,12-03-2018
ACC_0061,CID_0037,Saving,234480.98,12-08-2025
ACC_0062,CID_0038,Saving,27210.26,14-07-2018
ACC_0063,CID_0038,Current,192425.02,14-07-2018
ACC_0064,CID_0038,Demat,68475.21,14-07-2018
ACC_0065,CID_0039,Saving,122732.45,04-10-2019
ACC_0066,CID_0039,Current,624346.51,04-10-2019
ACC_0067,CID_0039,Demat,1182650.32,04-10-2019
ACC_0068,CID_0040,Saving,151685.43,14-12-2018
ACC_0069,CID_0040,Current,71803.09,14-12-2018
ACC_0070,CID_0040,Demat,1860771.02,14-12-2018
ACC_0071,CID_0041,Recurring Deposit,416206.77,09-01-2018
ACC_0072,CID_0042,Saving,90551.05,13-05-2018
ACC_0073,CID_0042,Current,743733.96,13-05-2018
ACC_0074,CID_0042,Demat,1781409.07,13-05-2018
ACC_0075,CID_0043,Recurring Deposit,133642,23-04-2018
ACC_0076,CID_0044,Saving,76324.18,19-09-2023
ACC_0077,CID_0044,Current,944658.88,19-09-2023
ACC_0078,CID_0044,Demat,1921370.56,19-09-2023
ACC_0079,CID_0045,Saving,58138.99,07-04-2021
ACC_0080,CID_0045,Current,385945.76,07-04-2021
ACC_0081,CID_0045,Demat,390273.3,07-04-2021
ACC_0082,CID_0046,Recurring Deposit,90270.05,14-10-2018
ACC_0083,CID_0047,Saving,26825.79,26-09-2021
ACC_0084,CID_0047,Current,638985.68,26-09-2021
ACC_0085,CID_0047,Demat,719136.91,26-09-2021
ACC_0086,CID_0048,Saving,26473.55,03-12-2019
ACC_0087,CID_0049,Saving,126420.85,03-01-2018
ACC_0088,CID_0049,Current,657874.35,03-01-2018
ACC_0089,CID_0049,Demat,1070131.45,03-01-2018
ACC_0090,CID_0050,Saving,79131.17,09-12-2025
ACC_0091,CID_0051,Recurring Deposit,215863.45,01-04-2018
ACC_0092,CID_0052,Saving,53875.07,26-05-2018
ACC_0093,CID_0053,Fixed Deposit,2243023.95,28-01-2018
ACC_0094,CID_0054,Saving,71478.3,16-04-2021
ACC_0095,CID_0055,Saving,248356.3,12-01-2018
ACC_0096,CID_0055,Current,302539.81,12-01-2018
ACC_0097,CID_0055,Demat,604166.25,12-01-2018
ACC_0098,CID_0056,Saving,192995.01,12-03-2024
ACC_0099,CID_0057,Saving,231517.65,20-06-2018
ACC_0100,CID_0058,Saving,39448.72,02-03-2018
ACC_0101,CID_0059,Saving,145747.85,14-12-2024
ACC_0102,CID_0059,Current,233761.15,14-12-2024
ACC_0103,CID_0059,Demat,1623093.1,14-12-2024
ACC_0104,CID_0060,Saving,142481.7,15-12-2022
ACC_0105,CID_0061,Saving,81510.67,25-03-2021
ACC_0106,CID_0061,Current,483050.64,25-03-2021
ACC_0107,CID_0061,Demat,979111.41,25-03-2021
ACC_0108,CID_0062,Recurring Deposit,19648.43,09-05-2018
ACC_0109,CID_0063,Saving,195140.42,05-10-2018
ACC_0110,CID_0063,Current,921949.63,05-10-2018
ACC_0111,CID_0063,Demat,672107.34,05-10-2018
ACC_0112,CID_0064,Fixed Deposit,4350234.71,12-11-2025
ACC_0113,CID_0065,Saving,3352.88,20-01-2024
ACC_0114,CID_0066,Saving,10774.97,20-03-2018
ACC_0115,CID_0067,Saving,174593.28,10-05-2018
ACC_0116,CID_0068,Recurring Deposit,197048.47,13-05-2020
ACC_0117,CID_0069,Recurring Deposit,111820.73,26-11-2018
ACC_0118,CID_0070,Saving,33481.17,27-04-2018
ACC_0119,CID_0070,Current,83462.57,27-04-2018
ACC_0120,CID_0070,Demat,1145023.98,27-04-2018
ACC_0121,CID_0071,Saving,66008.22,07-06-2023
ACC_0122,CID_0072,Fixed Deposit,660572.12,30-09-2018
ACC_0123,CID_0073,Saving,49928.08,18-07-2018
ACC_0124,CID_0073,Current,395923.48,18-07-2018
ACC_0125,CID_0073,Demat,1144804.71,18-07-2018
ACC_0126,CID_0074,Recurring Deposit,121915.23,02-07-2021
ACC_0127,CID_0075,Saving,144216.55,03-04-2018
ACC_0128,CID_0076,Saving,106173.38,27-05-2020
ACC_0129,CID_0077,Saving,86458.96,12-03-2018
ACC_0130,CID_0077,Current,655754.45,12-03-2018
ACC_0131,CID_0077,Demat,1540514.18,12-03-2018
ACC_0132,CID_0078,Recurring Deposit,401595.22,28-10-2018
ACC_0133,CID_0079,Saving,204633.89,18-11-2018
ACC_0134,CID_0080,Saving,39419.81,21-05-2018
ACC_0135,CID_0080,Current,728758.27,21-05-2018
ACC_0136,CID_0080,Demat,176199.81,21-05-2018
ACC_0137,CID_0081,Saving,231719.06,28-06-2025
ACC_0138,CID_0082,Saving,173601.91,13-09-2018
ACC_0139,CID_0082,Current,112166.71,13-09-2018
ACC_0140,CID_0082,Demat,902872.83,13-09-2018
ACC_0141,CID_0083,Saving,185133.24,28-10-2023
ACC_0142,CID_0084,Saving,65035.17,04-04-2018
ACC_0143,CID_0085,Fixed Deposit,3478405.01,16-05-2021
ACC_0144,CID_0086,Saving,226557.05,24-12-2025
ACC_0145,CID_0087,Saving,42994.75,24-09-2018
ACC_0146,CID_0087,Current,284729.53,24-09-2018
ACC_0147,CID_0087,Demat,1579431.05,24-09-2018
ACC_0148,CID_0088,Recurring Deposit,472643.06,11-03-2018
ACC_0149,CID_0089,Saving,68191.94,19-02-2024
ACC_0150,CID_0090,Saving,73477.65,21-05-2024
ACC_0151,CID_0091,Fixed Deposit,2547616.26,09-03-2018
ACC_0152,CID_0092,Saving,216759.8,15-11-2018
ACC_0153,CID_0092,Current,532029.08,15-11-2018
ACC_0154,CID_0092,Demat,376902.69,15-11-2018
ACC_0155,CID_0093,Fixed Deposit,117227.41,30-07-2018
ACC_0156,CID_0094,Saving,98653.25,03-11-2018
ACC_0157,CID_0095,Saving,171235.68,11-10-2018
ACC_0158,CID_0095,Current,356022.76,11-10-2018
ACC_0159,CID_0095,Demat,608140.79,11-10-2018
ACC_0160,CID_0096,Saving,15971.42,19-03-2023
ACC_0161,CID_0096,Current,258421.69,19-03-2023
ACC_0162,CID_0096,Demat,777405.33,19-03-2023
ACC_0163,CID_0097,Saving,56782.88,15-07-2023
ACC_0164,CID_0098,Saving,182607.47,26-09-2019
ACC_0165,CID_0099,Fixed Deposit,3435751.33,27-09-2018
ACC_0166,CID_0100,Saving,242649.02,07-11-2018
ACC_0167,CID_0101,Recurring Deposit,104171.88,28-01-2018
ACC_0168,CID_0102,Saving,171170.13,21-02-2018
ACC_0169,CID_0102,Current,203107.92,21-02-2018
ACC_0170,CID_0102,Demat,280528.73,21-02-2018
ACC_0171,CID_0103,Fixed Deposit,4879126.78,25-08-2018
ACC_0172,CID_0104,Recurring Deposit,159430.61,10-10-2019
ACC_0173,CID_0105,Saving,30037.63,19-02-2021
ACC_0174,CID_0105,Current,318279.99,19-02-2021
ACC_0175,CID_0105,Demat,1759878.05,19-02-2021
ACC_0176,CID_0106,Saving,240318.45,15-12-2023
ACC_0177,CID_0107,Saving,233475.25,22-09-2021
ACC_0178,CID_0107,Current,894235.96,22-09-2021
ACC_0179,CID_0107,Demat,1866833.81,22-09-2021
ACC_0180,CID_0108,Saving,47389.43,23-06-2022
ACC_0181,CID_0108,Current,132414.33,23-06-2022
ACC_0182,CID_0108,Demat,57265.45,23-06-2022
ACC_0183,CID_0109,Recurring Deposit,306568.65,27-12-2018
ACC_0184,CID_0110,Recurring Deposit,180271.41,07-03-2018
ACC_0185,CID_0111,Fixed Deposit,2349129.86,08-04-2018
ACC_0186,CID_0112,Fixed Deposit,2462313.53,16-02-2018
ACC_0187,CID_0113,Saving,56955.13,03-05-2018
ACC_0188,CID_0113,Current,409180.57,03-05-2018
ACC_0189,CID_0113,Demat,1937786.09,03-05-2018
ACC_0190,CID_0114,Recurring Deposit,494133.47,29-12-2018
ACC_0191,CID_0115,Recurring Deposit,492828.19,21-12-2018
ACC_0192,CID_0116,Saving,81561.46,05-06-2020
ACC_0193,CID_0116,Current,458087.38,05-06-2020
ACC_0194,CID_0116,Demat,497333.76,05-06-2020
ACC_0195,CID_0117,Recurring Deposit,190806.71,21-08-2018
ACC_0196,CID_0118,Saving,234815.21,19-09-2018
ACC_0197,CID_0118,Current,572362.52,19-09-2018
ACC_0198,CID_0118,Demat,1074637.97,19-09-2018
ACC_0199,CID_0119,Saving,27774.42,26-08-2022
ACC_0200,CID_0120,Fixed Deposit,2598326.24,08-09-2024
ACC_0201,CID_0121,Saving,191407.39,05-07-2018
ACC_0202,CID_0122,Saving,110168.69,19-09-2021
ACC_0203,CID_0123,Saving,73957.72,08-05-2018
ACC_0204,CID_0124,Saving,225967.07,13-12-2024
ACC_0205,CID_0125,Saving,125414.12,18-02-2018
ACC_0206,CID_0126,Recurring Deposit,273657.15,13-01-2026
ACC_0207,CID_0127,Recurring Deposit,90260.41,03-04-2018
ACC_0208,CID_0128,Saving,113943.46,03-02-2025
ACC_0209,CID_0129,Saving,178011.7,07-07-2020
ACC_0210,CID_0130,Saving,112624.91,18-01-2018
ACC_0211,CID_0131,Recurring Deposit,363710.04,01-10-2018
ACC_0212,CID_0132,Saving,95461.45,02-08-2018
ACC_0213,CID_0133,Recurring Deposit,431473.57,07-09-2018
ACC_0214,CID_0134,Saving,192404.62,05-01-2018
ACC_0215,CID_0134,Current,52259.18,05-01-2018
ACC_0216,CID_0134,Demat,619584.1,05-01-2018
ACC_0217,CID_0135,Saving,224686.21,19-01-2019
ACC_0218,CID_0136,Saving,191466.25,19-12-2018
ACC_0219,CID_0136,Current,13195.56,19-12-2018
ACC_0220,CID_0136,Demat,997767.08,19-12-2018
ACC_0221,CID_0137,Saving,220734.38,10-02-2023
ACC_0222,CID_0138,Saving,165037.92,17-03-2018
ACC_0223,CID_0138,Current,454284.75,17-03-2018
ACC_0224,CID_0138,Demat,886541.35,17-03-2018
ACC_0225,CID_0139,Saving,61555.94,23-02-2018
ACC_0226,CID_0139,Current,547794.27,23-02-2018
ACC_0227,CID_0139,Demat,1241433.25,23-02-2018
ACC_0228,CID_0140,Saving,14238.45,05-02-2018
ACC_0229,CID_0141,Recurring Deposit,333831.27,05-04-2018
ACC_0230,CID_0142,Fixed Deposit,254666.5,05-06-2018
ACC_0231,CID_0143,Recurring Deposit,305933.79,14-08-2018
ACC_0232,CID_0144,Saving,140763.21,29-08-2022
ACC_0233,CID_0144,Current,966326.97,29-08-2022
ACC_0234,CID_0144,Demat,1499922.94,29-08-2022
ACC_0235,CID_0145,Recurring Deposit,162088.1,02-02-2018
ACC_0236,CID_0146,Saving,107117.3,05-01-2022
ACC_0237,CID_0146,Current,550920.61,05-01-2022
ACC_0238,CID_0146,Demat,589201.26,05-01-2022
ACC_0239,CID_0147,Saving,214922.28,31-07-2020
ACC_0240,CID_0147,Current,329879.32,31-07-2020
ACC_0241,CID_0147,Demat,830447.03,31-07-2020
ACC_0242,CID_0148,Saving,153207.41,09-09-2018
ACC_0243,CID_0148,Current,110192.93,09-09-2018
ACC_0244,CID_0148,Demat,1460808.4,09-09-2018
ACC_0245,CID_0149,Recurring Deposit,344638.48,20-12-2018
ACC_0246,CID_0150,Recurring Deposit,130570.36,28-08-2018
ACC_0247,CID_0151,Fixed Deposit,3075307,08-12-2018
ACC_0248,CID_0152,Recurring Deposit,246759.72,10-05-2021
ACC_0249,CID_0153,Saving,177292.47,22-03-2018
ACC_0250,CID_0153,Current,979278.4,22-03-2018
ACC_0251,CID_0153,Demat,8153.93,22-03-2018
ACC_0252,CID_0154,Saving,199284.77,06-05-2025
ACC_0253,CID_0155,Saving,103803.26,20-04-2018
ACC_0254,CID_0155,Current,334458.46,20-04-2018
ACC_0255,CID_0155,Demat,1123028.93,20-04-2018
ACC_0256,CID_0156,Recurring Deposit,345318.51,03-04-2018
ACC_0257,CID_0157,Saving,75420.86,27-11-2018
ACC_0258,CID_0157,Current,550443.61,27-11-2018
ACC_0259,CID_0157,Demat,1535230.04,27-11-2018
ACC_0260,CID_0158,Saving,85669.72,16-08-2018
ACC_0261,CID_0159,Fixed Deposit,978137.74,27-08-2018
ACC_0262,CID_0160,Recurring Deposit,398829.94,30-09-2018
ACC_0263,CID_0161,Saving,115424.18,20-10-2018
ACC_0264,CID_0162,Saving,196105.26,17-05-2018
ACC_0265,CID_0162,Current,414539.11,17-05-2018
ACC_0266,CID_0162,Demat,1486456.37,17-05-2018
ACC_0267,CID_0163,Recurring Deposit,158435.92,03-09-2018
ACC_0268,CID_0164,Recurring Deposit,166527.93,03-09-2018
ACC_0269,CID_0165,Saving,70474.78,08-05-2018
ACC_0270,CID_0165,Current,32141.99,08-05-2018
ACC_0271,CID_0165,Demat,1967319.44,08-05-2018
ACC_0272,CID_0166,Saving,151619.43,23-11-2023
ACC_0273,CID_0167,Recurring Deposit,376018.56,16-08-2018
ACC_0274,CID_0168,Saving,22156.05,17-09-2018
ACC_0275,CID_0169,Recurring Deposit,152011.72,20-02-2018
ACC_0276,CID_0170,Saving,196343.52,04-12-2018
ACC_0277,CID_0171,Saving,199856.81,15-12-2018
ACC_0278,CID_0172,Saving,121126.25,08-04-2018
ACC_0279,CID_0173,Saving,192485.61,25-05-2022
ACC_0280,CID_0174,Saving,248183.73,06-03-2020
ACC_0281,CID_0174,Current,205981.92,06-03-2020
ACC_0282,CID_0174,Demat,77922.31,06-03-2020
ACC_0283,CID_0175,Saving,233118.17,07-08-2018
ACC_0284,CID_0176,Recurring Deposit,24023.75,23-06-2018
ACC_0285,CID_0177,Saving,144601.18,21-09-2021
ACC_0286,CID_0178,Saving,50538.6,04-01-2025
ACC_0287,CID_0179,Saving,110558.35,09-12-2018
ACC_0288,CID_0180,Saving,39795.26,08-05-2018
ACC_0289,CID_0180,Current,115345.93,08-05-2018
ACC_0290,CID_0180,Demat,1916804.62,08-05-2018
ACC_0291,CID_0181,Saving,87904.38,19-04-2018
ACC_0292,CID_0182,Recurring Deposit,402197.42,05-03-2018
ACC_0293,CID_0183,Saving,153509.09,04-11-2018
ACC_0294,CID_0184,Saving,13156.18,14-12-2018
ACC_0295,CID_0184,Current,29963.69,14-12-2018
ACC_0296,CID_0184,Demat,1807068.35,14-12-2018
ACC_0297,CID_0185,Saving,13923.07,21-08-2022
ACC_0298,CID_0186,Recurring Deposit,445746.67,06-01-2018
ACC_0299,CID_0187,Saving,89228.27,08-09-2020
ACC_0300,CID_0188,Recurring Deposit,404840.61,28-12-2020
ACC_0301,CID_0189,Saving,23682.59,17-10-2018
ACC_0302,CID_0190,Saving,161282.44,22-03-2018
ACC_0303,CID_0191,Fixed Deposit,727171.2,14-03-2018
ACC_0304,CID_0192,Saving,46246.59,23-06-2025
ACC_0305,CID_0193,Saving,16808.62,03-03-2018
ACC_0306,CID_0194,Saving,115579.8,31-05-2021
ACC_0307,CID_0195,Saving,87479.55,23-03-2022
ACC_0308,CID_0195,Current,575103.58,23-03-2022
ACC_0309,CID_0195,Demat,1018359.58,23-03-2022
ACC_0310,CID_0196,Saving,139259.39,23-04-2018
ACC_0311,CID_0196,Current,71853.07,23-04-2018
ACC_0312,CID_0196,Demat,607725.66,23-04-2018
ACC_0313,CID_0197,Saving,155408.27,31-03-2018
ACC_0314,CID_0198,Saving,85508.18,27-10-2018
ACC_0315,CID_0199,Fixed Deposit,2840383.86,05-08-2022
ACC_0316,CID_0200,Saving,165821.76,27-07-2020
ACC_0317,CID_0201,Saving,209268.67,16-08-2022
ACC_0318,CID_0202,Saving,115995.65,21-05-2024
ACC_0319,CID_0203,Saving,111581.45,10-06-2023
ACC_0320,CID_0203,Current,308727.69,10-06-2023
ACC_0321,CID_0203,Demat,814558.43,10-06-2023
ACC_0322,CID_0204,Fixed Deposit,3859003.46,17-05-2020
ACC_0323,CID_0205,Saving,15839.81,02-02-2018
ACC_0324,CID_0206,Saving,188869.63,25-11-2024
ACC_0325,CID_0207,Saving,113517.12,23-10-2024
ACC_0326,CID_0208,Saving,144693.89,22-10-2018
ACC_0327,CID_0208,Current,196470.95,22-10-2018
ACC_0328,CID_0208,Demat,1364625.99,22-10-2018
ACC_0329,CID_0209,Saving,198689.49,16-10-2018
ACC_0330,CID_0209,Current,679879.37,16-10-2018
ACC_0331,CID_0209,Demat,1837410.74,16-10-2018
ACC_0332,CID_0210,Recurring Deposit,306133.89,02-01-2018
ACC_0333,CID_0211,Saving,73899.07,05-01-2024
ACC_0334,CID_0212,Saving,140227.55,12-03-2018
ACC_0335,CID_0213,Saving,8280.59,26-04-2024
ACC_0336,CID_0214,Saving,98869.95,28-03-2018
ACC_0337,CID_0214,Current,318809.18,28-03-2018
ACC_0338,CID_0214,Demat,768665.28,28-03-2018
ACC_0339,CID_0215,Saving,43765.82,24-03-2018
ACC_0340,CID_0216,Saving,231158.27,29-11-2019
ACC_0341,CID_0217,Fixed Deposit,3353629.75,22-06-2018
ACC_0342,CID_0218,Saving,36426.97,23-10-2018
ACC_0343,CID_0219,Fixed Deposit,687520.97,18-10-2018
ACC_0344,CID_0220,Saving,114279.15,01-03-2026
ACC_0345,CID_0221,Saving,45359.45,24-12-2018
ACC_0346,CID_0221,Current,509905.5,24-12-2018
ACC_0347,CID_0221,Demat,1106339.81,24-12-2018
ACC_0348,CID_0222,Saving,56822.36,20-12-2018
ACC_0349,CID_0222,Current,425347.09,20-12-2018
ACC_0350,CID_0222,Demat,19822.83,20-12-2018
ACC_0351,CID_0223,Recurring Deposit,206008.07,21-12-2020
ACC_0352,CID_0224,Saving,9947.33,26-03-2018
ACC_0353,CID_0225,Saving,28734.51,08-04-2018
ACC_0354,CID_0225,Current,482051.38,08-04-2018
ACC_0355,CID_0225,Demat,1382542.04,08-04-2018
ACC_0356,CID_0226,Recurring Deposit,233003.23,04-10-2023
ACC_0357,CID_0227,Saving,61685.21,25-11-2018
ACC_0358,CID_0228,Saving,158605.07,01-01-2020
ACC_0359,CID_0229,Saving,86214.77,02-10-2018
ACC_0360,CID_0230,Saving,128409.45,12-02-2025
ACC_0361,CID_0231,Saving,88552.18,17-06-2021
ACC_0362,CID_0232,Saving,230754.7,04-10-2018
ACC_0363,CID_0233,Saving,118553.55,04-11-2018
ACC_0364,CID_0234,Saving,73292.43,27-02-2018
ACC_0365,CID_0235,Recurring Deposit,64283.85,08-06-2018
ACC_0366,CID_0236,Saving,33568.42,27-08-2018
ACC_0367,CID_0236,Current,281690.96,27-08-2018
ACC_0368,CID_0236,Demat,1716427.48,27-08-2018
ACC_0369,CID_0237,Saving,44066.15,18-07-2018
ACC_0370,CID_0237,Current,592178.36,18-07-2018
ACC_0371,CID_0237,Demat,306515.55,18-07-2018
ACC_0372,CID_0238,Saving,195740.66,13-02-2023
ACC_0373,CID_0239,Recurring Deposit,431145.2,21-01-2018
ACC_0374,CID_0240,Saving,205520.08,03-04-2018
ACC_0375,CID_0241,Saving,165336.49,12-04-2022
ACC_0376,CID_0242,Recurring Deposit,421074.68,24-09-2018
ACC_0377,CID_0243,Saving,188993.24,18-01-2022
ACC_0378,CID_0244,Saving,116271.72,06-01-2018
ACC_0379,CID_0245,Recurring Deposit,376461.5,07-09-2018
ACC_0380,CID_0246,Saving,171035.73,09-07-2018
ACC_0381,CID_0246,Current,390680.42,09-07-2018
ACC_0382,CID_0246,Demat,528937.18,09-07-2018
ACC_0383,CID_0247,Saving,199428.61,08-04-2018
ACC_0384,CID_0248,Recurring Deposit,341755.28,31-01-2018
ACC_0385,CID_0249,Saving,159537.33,13-04-2025
ACC_0386,CID_0250,Recurring Deposit,137022.71,04-08-2025
ACC_0387,CID_0251,Saving,163758.65,30-12-2022
ACC_0388,CID_0252,Recurring Deposit,121656.69,05-05-2022
ACC_0389,CID_0253,Saving,49133.96,13-04-2022
ACC_0390,CID_0253,Current,338069.2,13-04-2022
ACC_0391,CID_0253,Demat,1382105.27,13-04-2022
ACC_0392,CID_0254,Saving,2614.8,14-04-2018
ACC_0393,CID_0255,Saving,24875.84,25-10-2020
ACC_0394,CID_0256,Saving,88203.35,02-01-2018
ACC_0395,CID_0256,Current,725525.41,02-01-2018
ACC_0396,CID_0256,Demat,507532.73,02-01-2018
ACC_0397,CID_0257,Saving,14692.04,02-04-2021
ACC_0398,CID_0258,Fixed Deposit,4752939.91,19-01-2025
ACC_0399,CID_0259,Fixed Deposit,441068.01,18-11-2020
ACC_0400,CID_0260,Recurring Deposit,450048.71,07-06-2018
ACC_0401,CID_0261,Saving,46473.62,05-02-2025
ACC_0402,CID_0262,Saving,234077.42,25-10-2019
ACC_0403,CID_0262,Current,639141.73,25-10-2019
ACC_0404,CID_0262,Demat,1845777.3,25-10-2019
ACC_0405,CID_0263,Saving,225896.18,11-07-2020
ACC_0406,CID_0263,Current,770110.63,11-07-2020
ACC_0407,CID_0263,Demat,650191.23,11-07-2020
ACC_0408,CID_0264,Recurring Deposit,192016.7,22-03-2018
ACC_0409,CID_0265,Saving,238923.62,17-10-2018
ACC_0410,CID_0265,Current,265400.19,17-10-2018
ACC_0411,CID_0265,Demat,883946.79,17-10-2018
ACC_0412,CID_0266,Saving,161548.05,09-09-2018
ACC_0413,CID_0267,Saving,192292.48,07-07-2023
ACC_0414,CID_0268,Saving,110674.64,07-06-2019
ACC_0415,CID_0269,Saving,143050.47,13-10-2018
ACC_0416,CID_0270,Recurring Deposit,75278.28,03-06-2018
ACC_0417,CID_0271,Saving,97925.71,04-12-2025
ACC_0418,CID_0272,Recurring Deposit,287745.49,25-07-2018
ACC_0419,CID_0273,Fixed Deposit,2395915.74,30-01-2026
ACC_0420,CID_0274,Saving,96413.76,11-02-2018
ACC_0421,CID_0275,Recurring Deposit,495809.09,21-09-2018
ACC_0422,CID_0276,Saving,158252,17-10-2018
ACC_0423,CID_0277,Saving,133889.26,12-03-2018
ACC_0424,CID_0277,Current,960964.6,12-03-2018
ACC_0425,CID_0277,Demat,165511.29,12-03-2018
ACC_0426,CID_0278,Saving,138841.63,13-07-2019
ACC_0427,CID_0279,Saving,97831.13,14-04-2018
ACC_0428,CID_0280,Saving,121882.63,17-02-2020
ACC_0429,CID_0281,Saving,9406.72,29-06-2021
ACC_0430,CID_0282,Saving,122563.52,08-05-2018
ACC_0431,CID_0282,Current,63929.64,08-05-2018
ACC_0432,CID_0282,Demat,1083401.33,08-05-2018
ACC_0433,CID_0283,Recurring Deposit,406077.27,23-12-2018
ACC_0434,CID_0284,Saving,14485.59,20-02-2024
ACC_0435,CID_0285,Saving,53313.7,30-01-2021
ACC_0436,CID_0286,Recurring Deposit,339360.83,25-09-2018
ACC_0437,CID_0287,Recurring Deposit,462483.09,15-08-2021
ACC_0438,CID_0288,Saving,163630.97,13-11-2025
ACC_0439,CID_0289,Saving,162372.21,11-01-2018
ACC_0440,CID_0290,Saving,12964.52,11-03-2019
ACC_0441,CID_0290,Current,308030,11-03-2019
ACC_0442,CID_0290,Demat,1588425.72,11-03-2019
ACC_0443,CID_0291,Fixed Deposit,329148.5,30-10-2018
ACC_0444,CID_0292,Saving,148946.86,01-07-2022
ACC_0445,CID_0293,Saving,201211.16,01-06-2018
ACC_0446,CID_0293,Current,426785.25,01-06-2018
ACC_0447,CID_0293,Demat,1623984.45,01-06-2018
ACC_0448,CID_0294,Saving,30640.21,10-04-2018
ACC_0449,CID_0294,Current,684404.3,10-04-2018
ACC_0450,CID_0294,Demat,1094040.17,10-04-2018
ACC_0451,CID_0295,Saving,43775.19,21-02-2022
ACC_0452,CID_0296,Saving,35738.58,05-06-2019
ACC_0453,CID_0297,Saving,92796.87,14-08-2020
ACC_0454,CID_0297,Current,165841.12,14-08-2020
ACC_0455,CID_0297,Demat,491071,14-08-2020
ACC_0456,CID_0298,Saving,211917.99,29-12-2018
ACC_0457,CID_0299,Saving,219966.92,11-06-2022
ACC_0458,CID_0300,Saving,45263.51,11-05-2018
ACC_0459,CID_0301,Saving,148635.77,15-08-2019
ACC_0460,CID_0301,Current,284447.81,15-08-2019
ACC_0461,CID_0301,Demat,1388539.54,15-08-2019
ACC_0462,CID_0302,Saving,160136.51,06-11-2018
ACC_0463,CID_0303,Saving,44049.96,30-03-2018
ACC_0464,CID_0304,Saving,179441.09,12-01-2022
ACC_0465,CID_0305,Fixed Deposit,1512986.84,25-01-2019
ACC_0466,CID_0306,Saving,29818.2,05-07-2018
ACC_0467,CID_0307,Saving,90794.38,19-11-2018
ACC_0468,CID_0307,Current,761367.11,19-11-2018
ACC_0469,CID_0307,Demat,1081747.04,19-11-2018
ACC_0470,CID_0308,Saving,52423.12,12-04-2022
ACC_0471,CID_0309,Saving,199254.94,21-09-2019
ACC_0472,CID_0310,Saving,44492.79,28-02-2018
ACC_0473,CID_0310,Current,670472.49,28-02-2018
ACC_0474,CID_0310,Demat,91015.62,28-02-2018
ACC_0475,CID_0311,Saving,52792.64,25-05-2018
ACC_0476,CID_0311,Current,252130.4,25-05-2018
ACC_0477,CID_0311,Demat,1235554.6,25-05-2018
ACC_0478,CID_0312,Saving,185234.01,06-05-2018
ACC_0479,CID_0312,Current,924936.48,06-05-2018
ACC_0480,CID_0312,Demat,355895.78,06-05-2018
ACC_0481,CID_0313,Saving,29458.24,02-10-2024
ACC_0482,CID_0314,Saving,105057.04,18-04-2018
ACC_0483,CID_0315,Saving,57331.62,22-06-2022
ACC_0484,CID_0316,Saving,222895.6,06-07-2024
ACC_0485,CID_0317,Saving,121359.73,30-05-2022
ACC_0486,CID_0318,Fixed Deposit,2280404.45,06-11-2018
ACC_0487,CID_0319,Recurring Deposit,97883.31,23-01-2018
ACC_0488,CID_0320,Saving,84304.89,15-07-2018
ACC_0489,CID_0320,Current,33062.5,15-07-2018
ACC_0490,CID_0320,Demat,1139488.34,15-07-2018
ACC_0491,CID_0321,Recurring Deposit,229830.88,30-06-2018
ACC_0492,CID_0322,Saving,221659.04,07-12-2018
ACC_0493,CID_0322,Current,604032.35,07-12-2018
ACC_0494,CID_0322,Demat,1580146.2,07-12-2018
ACC_0495,CID_0323,Saving,42898.9,24-04-2025
ACC_0496,CID_0323,Current,970165.71,24-04-2025
ACC_0497,CID_0323,Demat,1710733.02,24-04-2025
ACC_0498,CID_0324,Saving,130681.31,22-03-2024
ACC_0499,CID_0324,Current,862336.85,22-03-2024
ACC_0500,CID_0324,Demat,436803,22-03-2024
ACC_0501,CID_0325,Saving,4118.71,06-04-2018
ACC_0502,CID_0325,Current,428682.26,06-04-2018
ACC_0503,CID_0325,Demat,1745833.95,06-04-2018
ACC_0504,CID_0326,Saving,223009.75,28-09-2018
ACC_0505,CID_0327,Saving,143638.35,30-06-2025
ACC_0506,CID_0327,Current,6072.5,30-06-2025
ACC_0507,CID_0327,Demat,1960467.16,30-06-2025
ACC_0508,CID_0328,Saving,192267.29,14-06-2021
ACC_0509,CID_0328,Current,34586.93,14-06-2021
ACC_0510,CID_0328,Demat,1064587.84,14-06-2021
ACC_0511,CID_0329,Saving,124073.62,04-06-2023
ACC_0512,CID_0330,Saving,173443.38,31-03-2018
ACC_0513,CID_0331,Saving,60146.07,24-12-2018
ACC_0514,CID_0332,Saving,167424.38,06-10-2018
ACC_0515,CID_0332,Current,162641.03,06-10-2018
ACC_0516,CID_0332,Demat,921269.26,06-10-2018
ACC_0517,CID_0333,Saving,244116.98,19-07-2018
ACC_0518,CID_0333,Current,464296.88,19-07-2018
ACC_0519,CID_0333,Demat,281554.71,19-07-2018
ACC_0520,CID_0334,Fixed Deposit,3137786.67,19-09-2022
ACC_0521,CID_0335,Recurring Deposit,193054.75,19-04-2024
ACC_0522,CID_0336,Saving,188345.56,25-09-2018
ACC_0523,CID_0337,Fixed Deposit,3940582.3,26-11-2018
ACC_0524,CID_0338,Saving,84255.82,06-12-2024
ACC_0525,CID_0339,Saving,91315.64,22-06-2025
ACC_0526,CID_0340,Saving,91714.92,20-08-2022
ACC_0527,CID_0341,Saving,91925.03,14-03-2018
ACC_0528,CID_0341,Current,648524.49,14-03-2018
ACC_0529,CID_0341,Demat,1411222.95,14-03-2018
ACC_0530,CID_0342,Saving,245322.28,09-05-2022
ACC_0531,CID_0343,Saving,162435.08,20-07-2018
ACC_0532,CID_0343,Current,737642.68,20-07-2018
ACC_0533,CID_0343,Demat,1505792.89,20-07-2018
ACC_0534,CID_0344,Saving,67205.78,10-03-2018
ACC_0535,CID_0345,Saving,86634.03,23-03-2018
ACC_0536,CID_0346,Saving,207475.18,24-10-2018
ACC_0537,CID_0346,Current,470693.69,24-10-2018
ACC_0538,CID_0346,Demat,1066149.44,24-10-2018
ACC_0539,CID_0347,Recurring Deposit,400152.03,20-02-2018
ACC_0540,CID_0348,Saving,22283.53,02-08-2021
ACC_0541,CID_0349,Fixed Deposit,393967.08,21-06-2018
ACC_0542,CID_0350,Saving,124334.02,07-07-2018
ACC_0543,CID_0351,Saving,6161.22,26-01-2019
ACC_0544,CID_0351,Current,417120.12,26-01-2019
ACC_0545,CID_0351,Demat,1366394.73,26-01-2019
ACC_0546,CID_0352,Saving,105322.43,17-08-2018
ACC_0547,CID_0353,Saving,5998.14,17-07-2018
ACC_0548,CID_0354,Saving,84301.4,18-06-2019
ACC_0549,CID_0354,Current,579125.9,18-06-2019
ACC_0550,CID_0354,Demat,1313242.2,18-06-2019
ACC_0551,CID_0355,Saving,132776.47,23-04-2018
ACC_0552,CID_0356,Saving,76368.54,10-04-2018
ACC_0553,CID_0356,Current,132822.3,10-04-2018
ACC_0554,CID_0356,Demat,1579749.78,10-04-2018
ACC_0555,CID_0357,Saving,242695.65,01-02-2018
ACC_0556,CID_0358,Saving,71453.32,09-05-2022
ACC_0557,CID_0359,Saving,134061.51,23-09-2025
ACC_0558,CID_0360,Saving,177173.73,29-10-2023
ACC_0559,CID_0360,Current,904806.44,29-10-2023
ACC_0560,CID_0360,Demat,1589942.27,29-10-2023
ACC_0561,CID_0361,Saving,79498.15,16-08-2018
ACC_0562,CID_0362,Saving,92733.2,04-11-2018
ACC_0563,CID_0362,Current,205950.21,04-11-2018
ACC_0564,CID_0362,Demat,1415733.09,04-11-2018
ACC_0565,CID_0363,Saving,135196.72,26-04-2018
ACC_0566,CID_0364,Saving,6718.84,07-10-2018
ACC_0567,CID_0365,Fixed Deposit,788705.8,11-04-2018
ACC_0568,CID_0366,Recurring Deposit,148482.88,06-06-2018
ACC_0569,CID_0367,Saving,37197.33,17-12-2019
ACC_0570,CID_0367,Current,565666.28,17-12-2019
ACC_0571,CID_0367,Demat,1814227.17,17-12-2019
ACC_0572,CID_0368,Saving,120005.82,16-06-2020
ACC_0573,CID_0369,Saving,29660.59,24-07-2025
ACC_0574,CID_0370,Saving,210298.79,07-11-2018
ACC_0575,CID_0370,Current,446526.72,07-11-2018
ACC_0576,CID_0370,Demat,189499.86,07-11-2018
ACC_0577,CID_0371,Saving,49189.86,25-03-2025
ACC_0578,CID_0372,Fixed Deposit,1396856.57,11-07-2022
ACC_0579,CID_0373,Saving,212438.12,28-01-2018
ACC_0580,CID_0373,Current,677386.32,28-01-2018
ACC_0581,CID_0373,Demat,1915459.28,28-01-2018
ACC_0582,CID_0374,Saving,122871.11,12-05-2018
ACC_0583,CID_0374,Current,603568.7,12-05-2018
ACC_0584,CID_0374,Demat,1025553.91,12-05-2018
ACC_0585,CID_0375,Saving,99690.72,05-02-2018
ACC_0586,CID_0375,Current,716247.81,05-02-2018
ACC_0587,CID_0375,Demat,858142.75,05-02-2018
ACC_0588,CID_0376,Saving,71520.27,10-04-2018
ACC_0589,CID_0376,Current,352003.68,10-04-2018
ACC_0590,CID_0376,Demat,1955159.64,10-04-2018
ACC_0591,CID_0377,Saving,182099.41,02-11-2018
ACC_0592,CID_0377,Current,444776.14,02-11-2018
ACC_0593,CID_0377,Demat,1985231.35,02-11-2018
ACC_0594,CID_0378,Fixed Deposit,4852099.76,03-09-2018
ACC_0595,CID_0379,Fixed Deposit,2993699.18,18-02-2018
ACC_0596,CID_0380,Saving,216947.69,12-04-2018
ACC_0597,CID_0381,Saving,240043.78,06-12-2025
ACC_0598,CID_0381,Current,756357.94,06-12-2025
ACC_0599,CID_0381,Demat,181454.32,06-12-2025
ACC_0600,CID_0382,Saving,44135.81,05-07-2025
ACC_0601,CID_0383,Fixed Deposit,693265.93,27-09-2018
ACC_0602,CID_0384,Saving,11037.11,30-06-2018
ACC_0603,CID_0385,Saving,123778.07,26-10-2018
ACC_0604,CID_0385,Current,740116.17,26-10-2018
ACC_0605,CID_0385,Demat,452917.84,26-10-2018
ACC_0606,CID_0386,Saving,75392.27,19-02-2025
ACC_0607,CID_0387,Saving,166645.41,08-08-2018
ACC_0608,CID_0388,Saving,172116.87,09-01-2018
ACC_0609,CID_0389,Recurring Deposit,247032.06,05-09-2018
ACC_0610,CID_0390,Saving,90759,21-05-2025
ACC_0611,CID_0391,Fixed Deposit,3143700.28,13-10-2018
ACC_0612,CID_0392,Saving,30336.13,10-05-2023
ACC_0613,CID_0392,Current,513013.34,10-05-2023
ACC_0614,CID_0392,Demat,1152651.05,10-05-2023
ACC_0615,CID_0393,Saving,15098.34,17-01-2018
ACC_0616,CID_0393,Current,320361.43,17-01-2018
ACC_0617,CID_0393,Demat,1757242.94,17-01-2018
ACC_0618,CID_0394,Saving,90610.28,08-05-2018
ACC_0619,CID_0395,Saving,72819.12,04-02-2018
ACC_0620,CID_0395,Current,530082.72,04-02-2018
ACC_0621,CID_0395,Demat,1872952.45,04-02-2018
ACC_0622,CID_0396,Saving,157193.47,11-03-2022
ACC_0623,CID_0396,Current,764924.69,11-03-2022
ACC_0624,CID_0396,Demat,1199531.16,11-03-2022
ACC_0625,CID_0397,Recurring Deposit,413584.18,27-03-2018
ACC_0626,CID_0398,Saving,171518.21,02-02-2018
ACC_0627,CID_0398,Current,688658.3,02-02-2018
ACC_0628,CID_0398,Demat,196187.65,02-02-2018
ACC_0629,CID_0399,Saving,36357.52,20-06-2023
ACC_0630,CID_0399,Current,137812.5,20-06-2023
ACC_0631,CID_0399,Demat,566428.43,20-06-2023
ACC_0632,CID_0400,Fixed Deposit,823515.42,19-08-2018
ACC_0633,CID_0401,Saving,47509.99,16-04-2018
ACC_0634,CID_0402,Fixed Deposit,2633007.6,20-06-2020
ACC_0635,CID_0403,Recurring Deposit,401487.56,12-05-2018
ACC_0636,CID_0404,Saving,204801.76,19-07-2025
ACC_0637,CID_0405,Saving,78237.58,23-10-2024
ACC_0638,CID_0406,Saving,110763.51,30-04-2023
ACC_0639,CID_0406,Current,987594.15,30-04-2023
ACC_0640,CID_0406,Demat,1048626.61,30-04-2023
ACC_0641,CID_0407,Saving,76518.72,03-12-2020
ACC_0642,CID_0407,Current,744715.76,03-12-2020
ACC_0643,CID_0407,Demat,241600.8,03-12-2020
ACC_0644,CID_0408,Saving,172167.77,09-05-2018
ACC_0645,CID_0409,Saving,20111.94,16-09-2018
ACC_0646,CID_0410,Saving,193785.73,04-06-2018
ACC_0647,CID_0410,Current,757576.7,04-06-2018
ACC_0648,CID_0410,Demat,89821.3,04-06-2018
ACC_0649,CID_0411,Saving,165117.32,15-10-2022
ACC_0650,CID_0411,Current,593583,15-10-2022
ACC_0651,CID_0411,Demat,940819.27,15-10-2022
ACC_0652,CID_0412,Saving,3062.96,27-06-2018
ACC_0653,CID_0413,Saving,150647.1,21-08-2025
ACC_0654,CID_0413,Current,588015.44,21-08-2025
ACC_0655,CID_0413,Demat,404048.73,21-08-2025
ACC_0656,CID_0414,Saving,186676.4,14-01-2018
ACC_0657,CID_0415,Saving,213856.95,20-10-2018
ACC_0658,CID_0416,Recurring Deposit,50453.74,29-04-2018
ACC_0659,CID_0417,Saving,54641.02,11-11-2018
ACC_0660,CID_0417,Current,192355.97,11-11-2018
ACC_0661,CID_0417,Demat,567304.3,11-11-2018
ACC_0662,CID_0418,Saving,53896.84,09-04-2021
ACC_0663,CID_0419,Saving,147550.45,25-08-2018
ACC_0664,CID_0420,Saving,89028.18,30-05-2018
ACC_0665,CID_0421,Saving,102190.7,22-10-2018
ACC_0666,CID_0422,Saving,28023.88,14-06-2018
ACC_0667,CID_0422,Current,136776.46,14-06-2018
ACC_0668,CID_0422,Demat,1525735.99,14-06-2018
ACC_0669,CID_0423,Saving,82364.79,13-03-2021
ACC_0670,CID_0424,Saving,114507.97,01-02-2018
ACC_0671,CID_0425,Saving,138702.01,13-11-2023
ACC_0672,CID_0426,Saving,214265.05,27-03-2018
ACC_0673,CID_0426,Current,894859.89,27-03-2018
ACC_0674,CID_0426,Demat,1605860.62,27-03-2018
ACC_0675,CID_0427,Recurring Deposit,246332.54,15-04-2018
ACC_0676,CID_0428,Saving,130904.26,26-07-2021
ACC_0677,CID_0429,Saving,99005.46,27-07-2018
ACC_0678,CID_0430,Fixed Deposit,4889488.11,18-08-2021
ACC_0679,CID_0431,Saving,84988.6,06-12-2018
ACC_0680,CID_0432,Saving,106463.7,03-10-2018
ACC_0681,CID_0433,Recurring Deposit,291377.39,26-02-2022
ACC_0682,CID_0434,Saving,119218.66,26-02-2026
ACC_0683,CID_0435,Saving,128097.92,14-11-2018
ACC_0684,CID_0435,Current,148226.73,14-11-2018
ACC_0685,CID_0435,Demat,911996.31,14-11-2018
ACC_0686,CID_0436,Saving,124569.81,06-07-2020
ACC_0687,CID_0437,Saving,25351.05,01-09-2018
ACC_0688,CID_0437,Current,53799.57,01-09-2018
ACC_0689,CID_0437,Demat,141116.2,01-09-2018
ACC_0690,CID_0438,Saving,151343.69,01-08-2023
ACC_0691,CID_0439,Saving,24535.24,17-10-2018
ACC_0692,CID_0440,Saving,130227.25,10-11-2021
ACC_0693,CID_0440,Current,492695.33,10-11-2021
ACC_0694,CID_0440,Demat,934713.55,10-11-2021
ACC_0695,CID_0441,Saving,122817.46,02-03-2018
ACC_0696,CID_0441,Current,262403.61,02-03-2018
ACC_0697,CID_0441,Demat,690513.22,02-03-2018
ACC_0698,CID_0442,Fixed Deposit,167676.63,25-05-2018
ACC_0699,CID_0443,Saving,112803.82,09-08-2018
ACC_0700,CID_0443,Current,853021.41,09-08-2018
ACC_0701,CID_0443,Demat,887899.51,09-08-2018
ACC_0702,CID_0444,Saving,139388.3,20-03-2022
ACC_0703,CID_0445,Saving,123124.16,06-09-2018
ACC_0704,CID_0445,Current,135353.75,06-09-2018
ACC_0705,CID_0445,Demat,1432867.76,06-09-2018
ACC_0706,CID_0446,Saving,168918.63,05-10-2018
ACC_0707,CID_0446,Current,660418.51,05-10-2018
ACC_0708,CID_0446,Demat,1372321.46,05-10-2018
ACC_0709,CID_0447,Recurring Deposit,78999.17,04-09-2018
ACC_0710,CID_0448,Saving,123925.44,28-11-2018
ACC_0711,CID_0448,Current,970899.89,28-11-2018
ACC_0712,CID_0448,Demat,1235794.65,28-11-2018
ACC_0713,CID_0449,Saving,147820.62,10-03-2018
ACC_0714,CID_0450,Saving,202483.58,10-07-2018
ACC_0715,CID_0451,Fixed Deposit,1712870.06,01-03-2022
ACC_0716,CID_0452,Saving,247990.41,12-07-2020
ACC_0717,CID_0453,Recurring Deposit,124559.35,08-04-2018
ACC_0718,CID_0454,Saving,172153.82,17-04-2018
ACC_0719,CID_0455,Saving,134834.99,28-07-2018
ACC_0720,CID_0456,Saving,215910.45,09-07-2024
ACC_0721,CID_0457,Saving,5590.37,21-03-2025
ACC_0722,CID_0458,Fixed Deposit,1894910.59,02-07-2018
ACC_0723,CID_0459,Saving,24882.56,04-11-2018
ACC_0724,CID_0459,Current,488870.26,04-11-2018
ACC_0725,CID_0459,Demat,1383273.61,04-11-2018
ACC_0726,CID_0460,Saving,191343.52,22-02-2018
ACC_0727,CID_0461,Saving,242372.22,16-10-2018
ACC_0728,CID_0462,Recurring Deposit,393787.65,03-04-2019
ACC_0729,CID_0463,Saving,74681.41,13-06-2018
ACC_0730,CID_0464,Saving,56858.55,18-01-2023
ACC_0731,CID_0464,Current,743145.14,18-01-2023
ACC_0732,CID_0464,Demat,188455.88,18-01-2023
ACC_0733,CID_0465,Saving,17283.81,11-04-2018
ACC_0734,CID_0466,Saving,52829.92,31-07-2018
ACC_0735,CID_0466,Current,795856.1,31-07-2018
ACC_0736,CID_0466,Demat,1304815.94,31-07-2018
ACC_0737,CID_0467,Saving,166032.45,14-01-2023
ACC_0738,CID_0468,Saving,156428.49,18-04-2018
ACC_0739,CID_0469,Recurring Deposit,440567.39,15-02-2022
ACC_0740,CID_0470,Fixed Deposit,2888448.04,30-07-2018
ACC_0741,CID_0471,Recurring Deposit,234180.36,25-06-2023
ACC_0742,CID_0472,Recurring Deposit,384790.46,22-02-2023
ACC_0743,CID_0473,Recurring Deposit,261612.52,19-04-2021
ACC_0744,CID_0474,Saving,186735.16,25-04-2018
ACC_0745,CID_0475,Saving,207638.49,15-03-2018
ACC_0746,CID_0476,Saving,211568.76,26-07-2018
ACC_0747,CID_0476,Current,267667.82,26-07-2018
ACC_0748,CID_0476,Demat,577653.97,26-07-2018
ACC_0749,CID_0477,Saving,150507.45,28-05-2020
ACC_0750,CID_0477,Current,406460.07,28-05-2020
ACC_0751,CID_0477,Demat,231549.36,28-05-2020
ACC_0752,CID_0478,Recurring Deposit,155959.74,05-07-2018
ACC_0753,CID_0479,Saving,226461.08,13-10-2018
ACC_0754,CID_0480,Saving,34539.44,13-02-2018
ACC_0755,CID_0480,Current,259138.45,13-02-2018
ACC_0756,CID_0480,Demat,1608058.67,13-02-2018
ACC_0757,CID_0481,Saving,161251.31,12-12-2018
ACC_0758,CID_0481,Current,43190.14,12-12-2018
ACC_0759,CID_0481,Demat,1446335.63,12-12-2018
ACC_0760,CID_0482,Saving,78819.24,25-09-2022
ACC_0761,CID_0483,Recurring Deposit,448489.85,14-03-2025
ACC_0762,CID_0484,Fixed Deposit,3623929.92,26-11-2018
ACC_0763,CID_0485,Saving,125312.01,10-01-2018
ACC_0764,CID_0486,Saving,207330.9,25-10-2024
ACC_0765,CID_0487,Fixed Deposit,1198003.51,19-02-2018
ACC_0766,CID_0488,Saving,208167.37,21-05-2018
ACC_0767,CID_0488,Current,737499.12,21-05-2018
ACC_0768,CID_0488,Demat,1612654.01,21-05-2018
ACC_0769,CID_0489,Saving,44200.99,21-11-2018
ACC_0770,CID_0490,Saving,147575.5,28-02-2018
ACC_0771,CID_0491,Recurring Deposit,57367.71,28-05-2018
ACC_0772,CID_0492,Saving,170843.24,27-08-2018
ACC_0773,CID_0492,Current,963352.02,27-08-2018
ACC_0774,CID_0492,Demat,1759469.91,27-08-2018
ACC_0775,CID_0493,Recurring Deposit,410861.32,09-05-2018
ACC_0776,CID_0494,Saving,151650.78,21-04-2025
ACC_0777,CID_0494,Current,841631.49,21-04-2025
ACC_0778,CID_0494,Demat,1326135.75,21-04-2025
ACC_0779,CID_0495,Saving,63619.23,03-11-2021
ACC_0780,CID_0496,Fixed Deposit,1820646.94,02-05-2019
ACC_0781,CID_0497,Saving,216804.76,30-12-2018
ACC_0782,CID_0497,Current,857789.49,30-12-2018
ACC_0783,CID_0497,Demat,779999.67,30-12-2018
ACC_0784,CID_0498,Saving,205765.58,01-10-2018
ACC_0785,CID_0499,Recurring Deposit,80953.39,20-09-2018
ACC_0786,CID_0500,Fixed Deposit,3836037.09,12-02-2018
ACC_0787,CID_0501,Fixed Deposit,4117756.92,23-02-2018
ACC_0788,CID_0502,Saving,210370.28,13-07-2021
ACC_0789,CID_0503,Saving,65612.03,29-06-2023
ACC_0790,CID_0504,Saving,150727.93,26-05-2021
ACC_0791,CID_0505,Recurring Deposit,381225.75,03-03-2018
ACC_0792,CID_0506,Recurring Deposit,395718.64,14-02-2018
ACC_0793,CID_0507,Saving,76734.11,06-03-2018
ACC_0794,CID_0508,Saving,129333.29,27-06-2018
ACC_0795,CID_0509,Saving,148707.02,31-12-2023
ACC_0796,CID_0509,Current,410905.89,31-12-2023
ACC_0797,CID_0509,Demat,1879139.35,31-12-2023
ACC_0798,CID_0510,Recurring Deposit,131079.26,04-08-2024
ACC_0799,CID_0511,Saving,21557.54,07-12-2022
ACC_0800,CID_0512,Recurring Deposit,472433.82,29-10-2018
ACC_0801,CID_0513,Saving,237053.25,19-06-2018
ACC_0802,CID_0513,Current,923189.24,19-06-2018
ACC_0803,CID_0513,Demat,1295977.85,19-06-2018
ACC_0804,CID_0514,Saving,115875.01,04-05-2025
ACC_0805,CID_0515,Saving,42604.61,09-02-2024
ACC_0806,CID_0515,Current,401633.88,09-02-2024
ACC_0807,CID_0515,Demat,860662.22,09-02-2024
ACC_0808,CID_0516,Recurring Deposit,85891.32,31-12-2018
ACC_0809,CID_0517,Recurring Deposit,218144.21,26-04-2018
ACC_0810,CID_0518,Saving,30068.83,01-02-2018
ACC_0811,CID_0518,Current,713850.15,01-02-2018
ACC_0812,CID_0518,Demat,385135.61,01-02-2018
ACC_0813,CID_0519,Saving,123794.96,28-09-2021
ACC_0814,CID_0519,Current,131069.13,28-09-2021
ACC_0815,CID_0519,Demat,1713393.77,28-09-2021
ACC_0816,CID_0520,Saving,169458.57,26-06-2023
ACC_0817,CID_0521,Fixed Deposit,153577.85,01-03-2018
ACC_0818,CID_0522,Saving,62455.33,09-11-2018
ACC_0819,CID_0523,Saving,114811.95,09-07-2019
ACC_0820,CID_0523,Current,11309.92,09-07-2019
ACC_0821,CID_0523,Demat,270743.85,09-07-2019
ACC_0822,CID_0524,Saving,178477.32,01-12-2018
ACC_0823,CID_0525,Saving,139471.49,01-10-2018
ACC_0824,CID_0526,Saving,59092.94,19-11-2025
ACC_0825,CID_0526,Current,908318.31,19-11-2025
ACC_0826,CID_0526,Demat,1993495.18,19-11-2025
ACC_0827,CID_0527,Fixed Deposit,36751.32,13-10-2021
ACC_0828,CID_0528,Saving,98976.86,18-07-2018
ACC_0829,CID_0529,Saving,145331.48,05-01-2025
ACC_0830,CID_0530,Saving,85124.6,19-04-2018
ACC_0831,CID_0531,Saving,132840.74,05-01-2018
ACC_0832,CID_0532,Saving,244639.89,04-03-2018
ACC_0833,CID_0533,Saving,107806.46,10-10-2021
ACC_0834,CID_0534,Recurring Deposit,132615.21,10-08-2023
ACC_0835,CID_0535,Saving,41663.46,08-01-2025
ACC_0836,CID_0535,Current,737132.37,08-01-2025
ACC_0837,CID_0535,Demat,985093.19,08-01-2025
ACC_0838,CID_0536,Recurring Deposit,318689.44,05-02-2025
ACC_0839,CID_0537,Saving,37580.89,28-03-2018
ACC_0840,CID_0537,Current,230630.69,28-03-2018
ACC_0841,CID_0537,Demat,76545.19,28-03-2018
ACC_0842,CID_0538,Saving,117049.64,01-11-2020
ACC_0843,CID_0538,Current,116908.02,01-11-2020
ACC_0844,CID_0538,Demat,1790874.56,01-11-2020
ACC_0845,CID_0539,Saving,177402.77,26-11-2018
ACC_0846,CID_0540,Saving,180081.11,22-01-2018
ACC_0847,CID_0541,Saving,217109.19,14-03-2018
ACC_0848,CID_0542,Saving,68561.49,27-10-2021
ACC_0849,CID_0543,Recurring Deposit,485842.05,06-10-2018
ACC_0850,CID_0544,Saving,19670.45,19-01-2018
ACC_0851,CID_0545,Fixed Deposit,139551.22,12-02-2018
ACC_0852,CID_0546,Saving,147789.46,12-02-2018
ACC_0853,CID_0547,Saving,7704.19,02-02-2018
ACC_0854,CID_0548,Recurring Deposit,314550.01,17-10-2019
ACC_0855,CID_0549,Saving,242457.74,05-10-2019
ACC_0856,CID_0550,Saving,183020.53,01-03-2018
ACC_0857,CID_0551,Saving,215888.07,28-09-2018
ACC_0858,CID_0551,Current,801756.4,28-09-2018
ACC_0859,CID_0551,Demat,569493.25,28-09-2018
ACC_0860,CID_0552,Saving,237999.1,10-04-2018
ACC_0861,CID_0552,Current,382009.54,10-04-2018
ACC_0862,CID_0552,Demat,800722.7,10-04-2018
ACC_0863,CID_0553,Recurring Deposit,45504.97,17-04-2022
ACC_0864,CID_0554,Saving,194983.39,18-09-2018
ACC_0865,CID_0554,Current,285650.95,18-09-2018
ACC_0866,CID_0554,Demat,1506354.34,18-09-2018
ACC_0867,CID_0555,Saving,200374.56,15-09-2018
ACC_0868,CID_0556,Saving,166547.31,15-07-2018
ACC_0869,CID_0557,Saving,221410.55,26-06-2018
ACC_0870,CID_0558,Recurring Deposit,46020.95,18-08-2018
ACC_0871,CID_0559,Saving,46995.78,08-10-2018
ACC_0872,CID_0559,Current,631055.57,08-10-2018
ACC_0873,CID_0559,Demat,190430.18,08-10-2018
ACC_0874,CID_0560,Recurring Deposit,324157.7,26-05-2018
ACC_0875,CID_0561,Saving,131407.11,15-09-2018
ACC_0876,CID_0562,Saving,200485.4,23-10-2018
ACC_0877,CID_0563,Saving,75451.96,13-11-2018
ACC_0878,CID_0564,Saving,74222.67,05-08-2018
ACC_0879,CID_0564,Current,48680.55,05-08-2018
ACC_0880,CID_0564,Demat,157682.38,05-08-2018
ACC_0881,CID_0565,Saving,127907.57,10-02-2021
ACC_0882,CID_0566,Saving,165383.39,04-06-2018
ACC_0883,CID_0566,Current,568909.73,04-06-2018
ACC_0884,CID_0566,Demat,510493.76,04-06-2018
ACC_0885,CID_0567,Recurring Deposit,9118.08,01-11-2018
ACC_0886,CID_0568,Fixed Deposit,4216120.02,10-01-2018
ACC_0887,CID_0569,Saving,219250.46,21-12-2023
ACC_0888,CID_0570,Recurring Deposit,378919.78,04-03-2018
ACC_0889,CID_0571,Saving,241696.55,13-02-2023
ACC_0890,CID_0572,Saving,20016.02,25-02-2018
ACC_0891,CID_0572,Current,982204,25-02-2018
ACC_0892,CID_0572,Demat,522338.76,25-02-2018
ACC_0893,CID_0573,Saving,4969.85,13-10-2023
ACC_0894,CID_0574,Saving,119541.41,19-04-2018
ACC_0895,CID_0575,Recurring Deposit,243874.52,10-09-2021
ACC_0896,CID_0576,Recurring Deposit,481607.66,03-02-2018
ACC_0897,CID_0577,Saving,3962.04,19-12-2018
ACC_0898,CID_0578,Saving,242644.83,11-08-2020
ACC_0899,CID_0578,Current,859153.02,11-08-2020
ACC_0900,CID_0578,Demat,422412.81,11-08-2020
ACC_0901,CID_0579,Saving,210601.38,29-07-2019
ACC_0902,CID_0580,Saving,116124.68,07-12-2018
ACC_0903,CID_0581,Saving,225652.63,28-06-2018
ACC_0904,CID_0582,Saving,112654.31,30-07-2018
ACC_0905,CID_0583,Saving,208542.71,13-08-2018
ACC_0906,CID_0584,Saving,26114.55,06-03-2018
ACC_0907,CID_0584,Current,847781.9,06-03-2018
ACC_0908,CID_0584,Demat,866416.97,06-03-2018
ACC_0909,CID_0585,Recurring Deposit,365808.19,14-07-2021
ACC_0910,CID_0586,Saving,128582.25,08-12-2018
ACC_0911,CID_0587,Fixed Deposit,2444628.46,20-04-2025
ACC_0912,CID_0588,Saving,105790.13,20-02-2018
ACC_0913,CID_0589,Saving,162250.92,05-06-2018
ACC_0914,CID_0590,Recurring Deposit,323443.73,06-02-2018
ACC_0915,CID_0591,Saving,5691.33,14-10-2018
ACC_0916,CID_0591,Current,288722.77,14-10-2018
ACC_0917,CID_0591,Demat,388441.59,14-10-2018
ACC_0918,CID_0592,Saving,147120.85,17-03-2018
ACC_0919,CID_0593,Recurring Deposit,328822.11,22-02-2024
ACC_0920,CID_0594,Saving,177990.6,20-03-2021
ACC_0921,CID_0594,Current,959843.56,20-03-2021
ACC_0922,CID_0594,Demat,1666996.09,20-03-2021
ACC_0923,CID_0595,Saving,90383.76,23-06-2021
ACC_0924,CID_0595,Current,472852.52,23-06-2021
ACC_0925,CID_0595,Demat,1942028.57,23-06-2021
ACC_0926,CID_0596,Saving,70973.08,25-08-2018
ACC_0927,CID_0596,Current,749505.05,25-08-2018
ACC_0928,CID_0596,Demat,1335777.62,25-08-2018
ACC_0929,CID_0597,Saving,39500.37,26-11-2018
ACC_0930,CID_0598,Saving,104288.1,19-10-2022
ACC_0931,CID_0598,Current,993773.47,19-10-2022
ACC_0932,CID_0598,Demat,610785.53,19-10-2022
ACC_0933,CID_0599,Recurring Deposit,180034.59,21-01-2018
ACC_0934,CID_0600,Saving,40072.06,08-03-2020
ACC_0935,CID_0600,Current,828120.74,08-03-2020
ACC_0936,CID_0600,Demat,1789442.65,08-03-2020
ACC_0937,CID_0601,Saving,107939.81,29-07-2018
ACC_0938,CID_0601,Current,617945.36,29-07-2018
ACC_0939,CID_0601,Demat,245772.63,29-07-2018
ACC_0940,CID_0602,Recurring Deposit,392658.02,14-10-2018
ACC_0941,CID_0603,Saving,224131.27,20-12-2022
ACC_0942,CID_0604,Saving,13080.3,07-01-2020
ACC_0943,CID_0605,Fixed Deposit,4873552.19,17-11-2023
ACC_0944,CID_0606,Fixed Deposit,518321.52,18-07-2022
ACC_0945,CID_0607,Saving,157666.57,18-05-2018
ACC_0946,CID_0608,Recurring Deposit,354373.52,10-07-2018
ACC_0947,CID_0609,Fixed Deposit,779935.7,07-06-2021
ACC_0948,CID_0610,Saving,212224.48,17-05-2023
ACC_0949,CID_0611,Saving,192373.77,03-04-2022
ACC_0950,CID_0611,Current,246070.75,03-04-2022
ACC_0951,CID_0611,Demat,1619244.71,03-04-2022
ACC_0952,CID_0612,Saving,66870.9,30-04-2018
ACC_0953,CID_0613,Saving,166416.32,13-02-2019
ACC_0954,CID_0613,Current,152459.6,13-02-2019
ACC_0955,CID_0613,Demat,1508246.81,13-02-2019
ACC_0956,CID_0614,Saving,200541.29,05-02-2018
ACC_0957,CID_0614,Current,413996.01,05-02-2018
ACC_0958,CID_0614,Demat,821572.09,05-02-2018
ACC_0959,CID_0615,Saving,170708.56,28-10-2022
ACC_0960,CID_0615,Current,943796.52,28-10-2022
ACC_0961,CID_0615,Demat,887944.49,28-10-2022
ACC_0962,CID_0616,Saving,21652.16,09-02-2024
ACC_0963,CID_0617,Saving,15836.35,29-04-2022
ACC_0964,CID_0618,Saving,160545.71,10-09-2025
ACC_0965,CID_0618,Current,902608.62,10-09-2025
ACC_0966,CID_0618,Demat,120330.61,10-09-2025
ACC_0967,CID_0619,Recurring Deposit,148566.49,23-08-2024
ACC_0968,CID_0620,Recurring Deposit,152857.19,19-09-2020
ACC_0969,CID_0621,Recurring Deposit,450204.05,06-03-2018
ACC_0970,CID_0622,Saving,161147.9,15-09-2020
ACC_0971,CID_0623,Recurring Deposit,221629.77,07-09-2022
ACC_0972,CID_0624,Recurring Deposit,440606.37,27-01-2018
ACC_0973,CID_0625,Saving,97803.39,27-09-2021
ACC_0974,CID_0626,Saving,71340,17-01-2021
ACC_0975,CID_0627,Saving,78406.98,18-05-2018
ACC_0976,CID_0627,Current,341368.17,18-05-2018
ACC_0977,CID_0627,Demat,1273192.58,18-05-2018
ACC_0978,CID_0628,Saving,148329.65,02-04-2025
ACC_0979,CID_0629,Saving,126566.01,18-04-2021
ACC_0980,CID_0630,Saving,156933.89,14-08-2020
ACC_0981,CID_0631,Recurring Deposit,470730.17,27-01-2018
ACC_0982,CID_0632,Saving,184346.24,03-11-2018
ACC_0983,CID_0632,Current,453694.01,03-11-2018
ACC_0984,CID_0632,Demat,1965986.37,03-11-2018
ACC_0985,CID_0633,Fixed Deposit,3142444.32,11-01-2021
ACC_0986,CID_0634,Saving,71491.61,31-03-2018
ACC_0987,CID_0635,Recurring Deposit,260313.66,21-02-2018
ACC_0988,CID_0636,Saving,48542.54,09-05-2018
ACC_0989,CID_0637,Saving,37065.04,14-03-2018
ACC_0990,CID_0637,Current,426266.44,14-03-2018
ACC_0991,CID_0637,Demat,827045.64,14-03-2018
ACC_0992,CID_0638,Saving,222183.07,13-07-2018
ACC_0993,CID_0638,Current,476776.82,13-07-2018
ACC_0994,CID_0638,Demat,895097.35,13-07-2018
ACC_0995,CID_0639,Saving,100987.05,21-10-2018
ACC_0996,CID_0639,Current,559409.48,21-10-2018
ACC_0997,CID_0639,Demat,1558755.32,21-10-2018
ACC_0998,CID_0640,Saving,249129.69,10-03-2018
ACC_0999,CID_0641,Saving,126693.58,24-06-2023
ACC_1000,CID_0642,Saving,176278.91,08-04-2018
ACC_1001,CID_0643,Saving,118602.21,30-07-2020
ACC_1002,CID_0644,Recurring Deposit,60264.26,14-04-2018
ACC_1003,CID_0645,Saving,92711.7,18-09-2018
ACC_1004,CID_0645,Current,290300.98,18-09-2018
ACC_1005,CID_0645,Demat,1047941.11,18-09-2018
ACC_1006,CID_0646,Saving,247759.52,03-11-2018
ACC_1007,CID_0646,Current,303956.82,03-11-2018
ACC_1008,CID_0646,Demat,974421.45,03-11-2018
ACC_1009,CID_0647,Saving,12638.44,18-12-2023
ACC_1010,CID_0648,Saving,185045.25,02-11-2018
ACC_1011,CID_0649,Saving,87487.91,22-11-2025
ACC_1012,CID_0650,Saving,143478.24,02-03-2025
ACC_1013,CID_0651,Saving,94637.75,12-03-2025
ACC_1014,CID_0652,Saving,159296.84,02-02-2022
ACC_1015,CID_0653,Saving,182102.11,27-01-2018
ACC_1016,CID_0654,Saving,97115.16,01-04-2023
ACC_1017,CID_0655,Saving,167775.74,18-02-2018
ACC_1018,CID_0656,Saving,41820.89,28-06-2019
ACC_1019,CID_0657,Saving,199141.62,09-07-2025
ACC_1020,CID_0658,Saving,140058.53,22-06-2019
ACC_1021,CID_0659,Saving,144425.47,25-02-2018
ACC_1022,CID_0659,Current,53821.51,25-02-2018
ACC_1023,CID_0659,Demat,1142637.54,25-02-2018
ACC_1024,CID_0660,Recurring Deposit,61021.31,10-04-2018
ACC_1025,CID_0661,Saving,51848.35,05-06-2018
ACC_1026,CID_0662,Fixed Deposit,3038205.56,25-11-2018
ACC_1027,CID_0663,Saving,123122.52,04-01-2018
ACC_1028,CID_0663,Current,933914.93,04-01-2018
ACC_1029,CID_0663,Demat,683213.33,04-01-2018
ACC_1030,CID_0664,Saving,214982.28,17-07-2018
ACC_1031,CID_0664,Current,318065.05,17-07-2018
ACC_1032,CID_0664,Demat,518069.7,17-07-2018
ACC_1033,CID_0665,Saving,42454.92,23-06-2022
ACC_1034,CID_0666,Recurring Deposit,77959.46,04-03-2018
ACC_1035,CID_0667,Saving,240300.27,18-10-2018
ACC_1036,CID_0668,Saving,97789.96,31-12-2020
ACC_1037,CID_0669,Recurring Deposit,129709.21,05-04-2018
ACC_1038,CID_0670,Saving,60285.93,18-07-2018
ACC_1039,CID_0670,Current,597407.61,18-07-2018
ACC_1040,CID_0670,Demat,476799.78,18-07-2018
ACC_1041,CID_0671,Fixed Deposit,1353744.76,21-08-2018
ACC_1042,CID_0672,Saving,102065.58,29-05-2018
ACC_1043,CID_0672,Current,484687.34,29-05-2018
ACC_1044,CID_0672,Demat,817950.11,29-05-2018
ACC_1045,CID_0673,Saving,146750.09,14-01-2018
ACC_1046,CID_0674,Saving,163061.95,22-12-2024
ACC_1047,CID_0675,Saving,101983.11,30-09-2018
ACC_1048,CID_0675,Current,84824.45,30-09-2018
ACC_1049,CID_0675,Demat,1273418.99,30-09-2018
ACC_1050,CID_0676,Saving,42462.99,17-05-2018
ACC_1051,CID_0677,Recurring Deposit,278020.97,04-07-2018
ACC_1052,CID_0678,Saving,240298.05,26-05-2024
ACC_1053,CID_0679,Fixed Deposit,12709.23,25-08-2019
ACC_1054,CID_0680,Saving,170159.45,30-05-2018
ACC_1055,CID_0681,Saving,127826.94,09-10-2018
ACC_1056,CID_0682,Saving,140988.85,27-05-2025
ACC_1057,CID_0683,Saving,207709.28,13-11-2018
ACC_1058,CID_0684,Saving,108274.63,12-09-2024
ACC_1059,CID_0684,Current,610834.86,12-09-2024
ACC_1060,CID_0684,Demat,1915047.26,12-09-2024
ACC_1061,CID_0685,Saving,244920.27,07-09-2018
ACC_1062,CID_0686,Saving,165738.12,08-07-2018
ACC_1063,CID_0686,Current,322316.61,08-07-2018
ACC_1064,CID_0686,Demat,425194.67,08-07-2018
ACC_1065,CID_0687,Saving,228547.55,11-05-2018
ACC_1066,CID_0687,Current,134592.02,11-05-2018
ACC_1067,CID_0687,Demat,1844904.27,11-05-2018
ACC_1068,CID_0688,Fixed Deposit,3366804.96,05-02-2018
ACC_1069,CID_0689,Recurring Deposit,244999.38,30-01-2025
ACC_1070,CID_0690,Fixed Deposit,3248995.41,27-10-2018
ACC_1071,CID_0691,Saving,223196.76,15-04-2018
ACC_1072,CID_0692,Saving,203288.92,09-10-2018
ACC_1073,CID_0693,Saving,192107.48,04-09-2018
ACC_1074,CID_0694,Saving,92934.92,15-12-2025
ACC_1075,CID_0695,Saving,55769.43,18-03-2018
ACC_1076,CID_0695,Current,20761.89,18-03-2018
ACC_1077,CID_0695,Demat,565863.3,18-03-2018
ACC_1078,CID_0696,Recurring Deposit,312993.04,08-01-2018
ACC_1079,CID_0697,Recurring Deposit,19361.23,29-01-2018
ACC_1080,CID_0698,Saving,151703.73,09-11-2020
ACC_1081,CID_0698,Current,8128.26,09-11-2020
ACC_1082,CID_0698,Demat,1968605.76,09-11-2020
ACC_1083,CID_0699,Saving,217544.1,28-06-2018
ACC_1084,CID_0699,Current,569533.13,28-06-2018
ACC_1085,CID_0699,Demat,990552.59,28-06-2018
ACC_1086,CID_0700,Recurring Deposit,336415.6,20-10-2019
ACC_1087,CID_0701,Saving,32497.48,08-12-2018
ACC_1088,CID_0702,Saving,233424.07,12-04-2019
ACC_1089,CID_0703,Saving,195672.05,08-05-2021
ACC_1090,CID_0703,Current,192659.7,08-05-2021
ACC_1091,CID_0703,Demat,1357567.54,08-05-2021
ACC_1092,CID_0704,Recurring Deposit,441667.87,03-09-2018
ACC_1093,CID_0705,Saving,213538.02,06-12-2024
ACC_1094,CID_0706,Recurring Deposit,137743.76,09-12-2023
ACC_1095,CID_0707,Saving,189875.92,12-02-2018
ACC_1096,CID_0708,Recurring Deposit,266672.73,27-03-2018
ACC_1097,CID_0709,Saving,49054.73,16-10-2018
ACC_1098,CID_0709,Current,82727.09,16-10-2018
ACC_1099,CID_0709,Demat,1145780.14,16-10-2018
ACC_1100,CID_0710,Saving,106243.15,15-05-2025
ACC_1101,CID_0711,Saving,41538.15,29-09-2018
ACC_1102,CID_0712,Saving,7454.25,16-01-2019
ACC_1103,CID_0713,Fixed Deposit,4675953.4,17-04-2018
ACC_1104,CID_0714,Saving,239721.26,03-06-2018
ACC_1105,CID_0715,Saving,198630.72,28-08-2018
ACC_1106,CID_0715,Current,943604.03,28-08-2018
ACC_1107,CID_0715,Demat,1552620.2,28-08-2018
ACC_1108,CID_0716,Saving,24369.85,20-02-2022
ACC_1109,CID_0716,Current,447009.73,20-02-2022
ACC_1110,CID_0716,Demat,254028.61,20-02-2022
ACC_1111,CID_0717,Saving,78663.22,19-06-2018
ACC_1112,CID_0717,Current,847844.45,19-06-2018
ACC_1113,CID_0717,Demat,134731.3,19-06-2018
ACC_1114,CID_0718,Saving,200695.58,13-08-2025
ACC_1115,CID_0718,Current,55734.04,13-08-2025
ACC_1116,CID_0718,Demat,1223423.59,13-08-2025
ACC_1117,CID_0719,Recurring Deposit,280069.77,15-04-2018
ACC_1118,CID_0720,Saving,188114.86,04-01-2018
ACC_1119,CID_0721,Saving,3146.33,30-08-2022
ACC_1120,CID_0722,Saving,107312.38,01-11-2022
ACC_1121,CID_0722,Current,620590.49,01-11-2022
ACC_1122,CID_0722,Demat,207049.47,01-11-2022
ACC_1123,CID_0723,Saving,129544.62,24-07-2022
ACC_1124,CID_0724,Saving,26121.07,04-06-2018
ACC_1125,CID_0724,Current,595579.93,04-06-2018
ACC_1126,CID_0724,Demat,139751.22,04-06-2018
ACC_1127,CID_0725,Saving,64443.38,30-10-2018
ACC_1128,CID_0726,Saving,155402.3,03-04-2021
ACC_1129,CID_0726,Current,186737.48,03-04-2021
ACC_1130,CID_0726,Demat,279657.05,03-04-2021
ACC_1131,CID_0727,Saving,78260.88,13-09-2020
ACC_1132,CID_0728,Fixed Deposit,1562829.32,14-08-2019
ACC_1133,CID_0729,Recurring Deposit,302061.42,22-04-2018
ACC_1134,CID_0730,Saving,129661.31,08-03-2018
ACC_1135,CID_0730,Current,658019.13,08-03-2018
ACC_1136,CID_0730,Demat,293477.77,08-03-2018
ACC_1137,CID_0731,Recurring Deposit,429492.4,17-05-2023
ACC_1138,CID_0732,Saving,244139.44,20-05-2018
ACC_1139,CID_0732,Current,640914.24,20-05-2018
ACC_1140,CID_0732,Demat,406516.17,20-05-2018
ACC_1141,CID_0733,Saving,167131.1,15-10-2018
ACC_1142,CID_0734,Saving,144813.48,13-07-2020
ACC_1143,CID_0735,Saving,40988.86,21-09-2018
ACC_1144,CID_0736,Saving,1422.42,15-02-2018
ACC_1145,CID_0737,Saving,116900.92,02-03-2018
ACC_1146,CID_0737,Current,213925.37,02-03-2018
ACC_1147,CID_0737,Demat,964088.68,02-03-2018
ACC_1148,CID_0738,Saving,100377.99,09-08-2018
ACC_1149,CID_0738,Current,826258.24,09-08-2018
ACC_1150,CID_0738,Demat,18417.15,09-08-2018
ACC_1151,CID_0739,Saving,7989.39,18-04-2025
ACC_1152,CID_0740,Saving,110381.83,25-11-2018
ACC_1153,CID_0741,Saving,191500.42,21-06-2025
ACC_1154,CID_0741,Current,44860.92,21-06-2025
ACC_1155,CID_0741,Demat,64222.72,21-06-2025
ACC_1156,CID_0742,Saving,55126.79,27-11-2018
ACC_1157,CID_0742,Current,262736.85,27-11-2018
ACC_1158,CID_0742,Demat,352697.62,27-11-2018
ACC_1159,CID_0743,Saving,44431.32,02-01-2018
ACC_1160,CID_0744,Recurring Deposit,69484.52,21-06-2018
ACC_1161,CID_0745,Saving,234060.47,04-08-2018
ACC_1162,CID_0745,Current,305767.31,04-08-2018
ACC_1163,CID_0745,Demat,484099.12,04-08-2018
ACC_1164,CID_0746,Recurring Deposit,488573.82,04-11-2018
ACC_1165,CID_0747,Recurring Deposit,60128.17,13-09-2024
ACC_1166,CID_0748,Saving,133372.4,02-10-2018
ACC_1167,CID_0749,Saving,107670.27,13-06-2018
ACC_1168,CID_0749,Current,636506.81,13-06-2018
ACC_1169,CID_0749,Demat,1842422.12,13-06-2018
ACC_1170,CID_0750,Saving,213681.64,30-03-2018
ACC_1171,CID_0750,Current,294888.56,30-03-2018
ACC_1172,CID_0750,Demat,301391,30-03-2018
ACC_1173,CID_0751,Recurring Deposit,436552.89,13-02-2019
ACC_1174,CID_0752,Recurring Deposit,363921.97,13-11-2024
ACC_1175,CID_0753,Saving,127399.14,17-10-2018
ACC_1176,CID_0754,Saving,124897.65,24-05-2018
ACC_1177,CID_0754,Current,464803.01,24-05-2018
ACC_1178,CID_0754,Demat,647037.15,24-05-2018
ACC_1179,CID_0755,Saving,238960.1,30-07-2020
ACC_1180,CID_0756,Saving,230335.71,14-01-2018
ACC_1181,CID_0757,Saving,223773.71,27-10-2018
ACC_1182,CID_0758,Saving,106543.2,18-11-2018
ACC_1183,CID_0759,Recurring Deposit,187679.57,11-07-2018
ACC_1184,CID_0760,Fixed Deposit,1482289.6,06-01-2018
ACC_1185,CID_0761,Recurring Deposit,233161.3,01-03-2018
ACC_1186,CID_0762,Saving,113062.23,23-07-2018
ACC_1187,CID_0762,Current,433073.16,23-07-2018
ACC_1188,CID_0762,Demat,738186.32,23-07-2018
ACC_1189,CID_0763,Saving,45301.65,15-02-2018
ACC_1190,CID_0764,Saving,19434.17,23-06-2019
ACC_1191,CID_0764,Current,901574.37,23-06-2019
ACC_1192,CID_0764,Demat,592563.05,23-06-2019
ACC_1193,CID_0765,Recurring Deposit,393150.77,06-04-2018
ACC_1194,CID_0766,Saving,10051.21,30-08-2018
ACC_1195,CID_0767,Saving,168939.28,30-05-2018
ACC_1196,CID_0767,Current,250773.62,30-05-2018
ACC_1197,CID_0767,Demat,1491696.64,30-05-2018
ACC_1198,CID_0768,Saving,34897.35,29-10-2020
ACC_1199,CID_0769,Fixed Deposit,1416407.9,11-03-2018
ACC_1200,CID_0770,Recurring Deposit,379145.23,06-02-2018
ACC_1201,CID_0771,Saving,128405.42,06-09-2025
ACC_1202,CID_0772,Saving,187409.7,06-11-2018
ACC_1203,CID_0773,Saving,146957.41,27-07-2018
ACC_1204,CID_0773,Current,553062.64,27-07-2018
ACC_1205,CID_0773,Demat,940132.97,27-07-2018
ACC_1206,CID_0774,Saving,211527.52,06-10-2022
ACC_1207,CID_0775,Saving,112768,15-05-2018
ACC_1208,CID_0776,Saving,218500.68,28-05-2018
ACC_1209,CID_0777,Recurring Deposit,417315.14,18-03-2018
ACC_1210,CID_0778,Saving,188280.23,27-05-2018
ACC_1211,CID_0779,Saving,146945.29,25-04-2018
ACC_1212,CID_0779,Current,568009.85,25-04-2018
ACC_1213,CID_0779,Demat,69256.94,25-04-2018
ACC_1214,CID_0780,Saving,199886.87,23-10-2018
ACC_1215,CID_0781,Saving,98026.03,12-06-2024
ACC_1216,CID_0781,Current,381937.24,12-06-2024
ACC_1217,CID_0781,Demat,1897641.89,12-06-2024
ACC_1218,CID_0782,Saving,47490.5,08-04-2021
ACC_1219,CID_0783,Saving,240503.57,03-06-2024
ACC_1220,CID_0784,Saving,168883.94,03-02-2018
ACC_1221,CID_0785,Saving,122409.02,16-07-2023
ACC_1222,CID_0786,Recurring Deposit,193561.16,24-07-2018
ACC_1223,CID_0787,Saving,165062.69,13-07-2018
ACC_1224,CID_0787,Current,70909.45,13-07-2018
ACC_1225,CID_0787,Demat,119619.1,13-07-2018
ACC_1226,CID_0788,Saving,227498.21,08-11-2018
ACC_1227,CID_0789,Saving,32719.85,27-06-2018
ACC_1228,CID_0789,Current,418994.79,27-06-2018
ACC_1229,CID_0789,Demat,1487569.79,27-06-2018
ACC_1230,CID_0790,Fixed Deposit,1555688.31,01-12-2018
ACC_1231,CID_0791,Recurring Deposit,155846.55,17-07-2018
ACC_1232,CID_0792,Saving,69222.52,28-01-2021
ACC_1233,CID_0793,Saving,16460.53,21-08-2025
ACC_1234,CID_0794,Saving,82558.42,11-02-2023
ACC_1235,CID_0795,Recurring Deposit,20503.31,28-04-2018
ACC_1236,CID_0796,Saving,87022.07,29-10-2023
ACC_1237,CID_0797,Saving,205945.69,01-10-2018
ACC_1238,CID_0797,Current,849994.05,01-10-2018
ACC_1239,CID_0797,Demat,833030.25,01-10-2018
ACC_1240,CID_0798,Saving,108303.12,12-06-2021
ACC_1241,CID_0798,Current,385280.33,12-06-2021
ACC_1242,CID_0798,Demat,1319864.67,12-06-2021
ACC_1243,CID_0799,Saving,174811.87,29-10-2018
ACC_1244,CID_0799,Current,44620.8,29-10-2018
ACC_1245,CID_0799,Demat,1771655.93,29-10-2018
ACC_1246,CID_0800,Saving,157206.76,17-10-2024
ACC_1247,CID_0800,Current,292597.7,17-10-2024
ACC_1248,CID_0800,Demat,1833011.19,17-10-2024
ACC_1249,CID_0801,Saving,248101.24,24-03-2018
ACC_1250,CID_0801,Current,553271.07,24-03-2018
ACC_1251,CID_0801,Demat,1990656.18,24-03-2018
ACC_1252,CID_0802,Saving,191751.5,28-12-2020
ACC_1253,CID_0803,Saving,52239.34,12-02-2018
ACC_1254,CID_0804,Saving,18762.28,07-08-2018
ACC_1255,CID_0804,Current,694791.23,07-08-2018
ACC_1256,CID_0804,Demat,1500723.6,07-08-2018
ACC_1257,CID_0805,Saving,100135.79,24-09-2021
ACC_1258,CID_0805,Current,195209.18,24-09-2021
ACC_1259,CID_0805,Demat,80360.45,24-09-2021
ACC_1260,CID_0806,Recurring Deposit,164228.07,26-11-2020
ACC_1261,CID_0807,Saving,137332.92,08-05-2018
ACC_1262,CID_0808,Saving,70145.9,23-02-2018
ACC_1263,CID_0809,Saving,25578.52,22-10-2023
ACC_1264,CID_0810,Recurring Deposit,85058.23,28-12-2018
ACC_1265,CID_0811,Saving,38797.37,25-11-2024
ACC_1266,CID_0812,Recurring Deposit,446451.17,10-11-2018
ACC_1267,CID_0813,Recurring Deposit,418414.07,01-12-2018
ACC_1268,CID_0814,Recurring Deposit,448607.93,11-11-2019
ACC_1269,CID_0815,Saving,111274.68,01-12-2018
ACC_1270,CID_0815,Current,598607.15,01-12-2018
ACC_1271,CID_0815,Demat,102086.07,01-12-2018
ACC_1272,CID_0816,Saving,227234.72,31-10-2025
ACC_1273,CID_0817,Saving,247328.01,12-05-2018
ACC_1274,CID_0818,Saving,167402.89,02-04-2020
ACC_1275,CID_0818,Current,221347.28,02-04-2020
ACC_1276,CID_0818,Demat,1765160.68,02-04-2020
ACC_1277,CID_0819,Saving,27367.12,27-12-2018
ACC_1278,CID_0820,Saving,156883.22,10-08-2018
ACC_1279,CID_0820,Current,625048.68,10-08-2018
ACC_1280,CID_0820,Demat,1868983.1,10-08-2018
ACC_1281,CID_0821,Saving,58485.83,17-09-2018
ACC_1282,CID_0821,Current,106779.43,17-09-2018
ACC_1283,CID_0821,Demat,650118.82,17-09-2018
ACC_1284,CID_0822,Saving,79401.94,01-08-2025
ACC_1285,CID_0823,Saving,164661.44,17-04-2018
ACC_1286,CID_0824,Saving,17299.15,30-12-2018
ACC_1287,CID_0825,Recurring Deposit,250288.44,07-10-2018
ACC_1288,CID_0826,Saving,197919.31,18-03-2024
ACC_1289,CID_0827,Saving,239779.16,26-08-2018
ACC_1290,CID_0827,Current,600267.28,26-08-2018
ACC_1291,CID_0827,Demat,1962924.71,26-08-2018
ACC_1292,CID_0828,Saving,243105.53,26-09-2025
ACC_1293,CID_0828,Current,694027.02,26-09-2025
ACC_1294,CID_0828,Demat,667432.86,26-09-2025
ACC_1295,CID_0829,Fixed Deposit,3335189.24,18-02-2018
ACC_1296,CID_0830,Saving,152329.06,25-05-2018
ACC_1297,CID_0830,Current,585451.88,25-05-2018
ACC_1298,CID_0830,Demat,767830.94,25-05-2018
ACC_1299,CID_0831,Saving,147073.4,17-04-2018
ACC_1300,CID_0831,Current,988392.48,17-04-2018
ACC_1301,CID_0831,Demat,469048.78,17-04-2018
ACC_1302,CID_0832,Saving,107410.22,06-12-2018
ACC_1303,CID_0833,Saving,93943.65,13-10-2018
ACC_1304,CID_0834,Saving,160688.7,27-05-2018
ACC_1305,CID_0835,Recurring Deposit,165016.24,15-12-2018
ACC_1306,CID_0836,Recurring Deposit,20764.13,09-06-2019
ACC_1307,CID_0837,Saving,6411.49,25-03-2023
ACC_1308,CID_0838,Saving,13991.46,08-06-2018
ACC_1309,CID_0839,Saving,171993.78,23-12-2022
ACC_1310,CID_0839,Current,719782.72,23-12-2022
ACC_1311,CID_0839,Demat,1218086.08,23-12-2022
ACC_1312,CID_0840,Saving,46294.6,19-03-2018
ACC_1313,CID_0840,Current,630152.73,19-03-2018
ACC_1314,CID_0840,Demat,133910.68,19-03-2018
ACC_1315,CID_0841,Saving,13500.66,26-04-2018
ACC_1316,CID_0841,Current,992020.56,26-04-2018
ACC_1317,CID_0841,Demat,1876857.68,26-04-2018
ACC_1318,CID_0842,Saving,148361.35,23-11-2018
ACC_1319,CID_0842,Current,831389.66,23-11-2018
ACC_1320,CID_0842,Demat,1863966.32,23-11-2018
ACC_1321,CID_0843,Saving,117035.02,03-10-2018
ACC_1322,CID_0844,Saving,151659.88,30-06-2018
ACC_1323,CID_0845,Saving,159083.14,06-12-2018
ACC_1324,CID_0846,Saving,237777.79,18-10-2018
ACC_1325,CID_0846,Current,360222.35,18-10-2018
ACC_1326,CID_0846,Demat,758546.39,18-10-2018
ACC_1327,CID_0847,Saving,126570.49,25-06-2018
ACC_1328,CID_0847,Current,735193.18,25-06-2018
ACC_1329,CID_0847,Demat,1521847.31,25-06-2018
ACC_1330,CID_0848,Saving,213583.53,02-02-2022
ACC_1331,CID_0849,Saving,38623.28,18-01-2018
ACC_1332,CID_0849,Current,726921.59,18-01-2018
ACC_1333,CID_0849,Demat,518296.99,18-01-2018
ACC_1334,CID_0850,Saving,71164.82,05-03-2018
ACC_1335,CID_0850,Current,562579.96,05-03-2018
ACC_1336,CID_0850,Demat,964284.45,05-03-2018
ACC_1337,CID_0851,Saving,39103.75,13-01-2021
ACC_1338,CID_0852,Saving,215482.95,16-04-2018
ACC_1339,CID_0852,Current,730638.27,16-04-2018
ACC_1340,CID_0852,Demat,751644.34,16-04-2018
ACC_1341,CID_0853,Saving,185677.4,02-02-2026
ACC_1342,CID_0854,Recurring Deposit,294566.19,27-11-2018
ACC_1343,CID_0855,Saving,233066.32,02-09-2025
ACC_1344,CID_0856,Saving,64186.98,11-02-2022
ACC_1345,CID_0857,Saving,172278.1,27-11-2020
ACC_1346,CID_0858,Saving,231666.43,03-06-2022
ACC_1347,CID_0859,Saving,203375.04,19-09-2018
ACC_1348,CID_0860,Saving,7549.89,04-03-2020
ACC_1349,CID_0860,Current,666009.96,04-03-2020
ACC_1350,CID_0860,Demat,300029.14,04-03-2020
ACC_1351,CID_0861,Recurring Deposit,127889.73,07-03-2026
ACC_1352,CID_0862,Fixed Deposit,71563.56,12-11-2019
ACC_1353,CID_0863,Saving,229262.27,17-12-2020
ACC_1354,CID_0863,Current,398269.25,17-12-2020
ACC_1355,CID_0863,Demat,1174390.06,17-12-2020
ACC_1356,CID_0864,Saving,47611.4,30-05-2025
ACC_1357,CID_0864,Current,423521.92,30-05-2025
ACC_1358,CID_0864,Demat,1660350.38,30-05-2025
ACC_1359,CID_0865,Saving,133533.73,12-10-2018
ACC_1360,CID_0866,Recurring Deposit,376478.66,28-11-2018
ACC_1361,CID_0867,Saving,194284.43,07-03-2026
ACC_1362,CID_0868,Recurring Deposit,465078.42,13-01-2018
ACC_1363,CID_0869,Saving,42515.47,29-11-2018
ACC_1364,CID_0870,Saving,17925.45,05-03-2018
ACC_1365,CID_0870,Current,696620.39,05-03-2018
ACC_1366,CID_0870,Demat,1052299.17,05-03-2018
ACC_1367,CID_0871,Saving,108021.92,11-06-2021
ACC_1368,CID_0871,Current,177224.9,11-06-2021
ACC_1369,CID_0871,Demat,376868.08,11-06-2021
ACC_1370,CID_0872,Saving,237146.59,18-05-2018
ACC_1371,CID_0873,Saving,53537.06,08-04-2023
ACC_1372,CID_0873,Current,201739.91,08-04-2023
ACC_1373,CID_0873,Demat,1501081.89,08-04-2023
ACC_1374,CID_0874,Saving,217968.08,28-03-2025
ACC_1375,CID_0874,Current,441289.72,28-03-2025
ACC_1376,CID_0874,Demat,1826377.95,28-03-2025
ACC_1377,CID_0875,Saving,20412.55,21-10-2018
ACC_1378,CID_0876,Saving,69552.17,06-07-2018
ACC_1379,CID_0877,Saving,59077.64,19-02-2018
ACC_1380,CID_0877,Current,485709.16,19-02-2018
ACC_1381,CID_0877,Demat,1522264.52,19-02-2018
ACC_1382,CID_0878,Saving,188073.77,06-10-2024
ACC_1383,CID_0879,Saving,197407.19,24-01-2018
ACC_1384,CID_0879,Current,42817.49,24-01-2018
ACC_1385,CID_0879,Demat,426081.38,24-01-2018
ACC_1386,CID_0880,Saving,246730.76,04-03-2026
ACC_1387,CID_0881,Recurring Deposit,302581.4,13-08-2018
ACC_1388,CID_0882,Recurring Deposit,499723.12,17-04-2020
ACC_1389,CID_0883,Saving,99918.6,02-12-2019
ACC_1390,CID_0883,Current,611198.25,02-12-2019
ACC_1391,CID_0883,Demat,1950733.6,02-12-2019
ACC_1392,CID_0884,Saving,174727.91,26-01-2018
ACC_1393,CID_0885,Saving,132892.02,21-09-2020
ACC_1394,CID_0886,Saving,154778.75,20-02-2018
ACC_1395,CID_0886,Current,659217.23,20-02-2018
ACC_1396,CID_0886,Demat,953022.86,20-02-2018
ACC_1397,CID_0887,Saving,159699.28,20-03-2018
ACC_1398,CID_0888,Saving,11915.69,20-03-2019
ACC_1399,CID_0889,Saving,121391.77,19-12-2018
ACC_1400,CID_0890,Saving,107265.11,24-10-2018
ACC_1401,CID_0890,Current,931551.99,24-10-2018
ACC_1402,CID_0890,Demat,1862034.79,24-10-2018
ACC_1403,CID_0891,Saving,96522.21,21-04-2025
ACC_1404,CID_0892,Saving,36218.78,20-12-2020
ACC_1405,CID_0892,Current,520534.37,20-12-2020
ACC_1406,CID_0892,Demat,1145925.79,20-12-2020
ACC_1407,CID_0893,Recurring Deposit,44457.86,14-11-2018
ACC_1408,CID_0894,Fixed Deposit,4775705.6,08-10-2018
ACC_1409,CID_0895,Saving,53304.38,16-02-2018
ACC_1410,CID_0896,Saving,26814.68,03-01-2018
ACC_1411,CID_0896,Current,993368.11,03-01-2018
ACC_1412,CID_0896,Demat,63297.45,03-01-2018
ACC_1413,CID_0897,Saving,179934.16,10-03-2022
ACC_1414,CID_0898,Recurring Deposit,461445.36,06-10-2018
ACC_1415,CID_0899,Fixed Deposit,1670677.58,11-01-2018
ACC_1416,CID_0900,Recurring Deposit,33268.85,10-03-2022
ACC_1417,CID_0901,Recurring Deposit,368265.24,01-06-2025
ACC_1418,CID_0902,Recurring Deposit,483157.75,28-05-2019
ACC_1419,CID_0903,Saving,65143.94,06-01-2018
ACC_1420,CID_0903,Current,291685.53,06-01-2018
ACC_1421,CID_0903,Demat,227208.13,06-01-2018
ACC_1422,CID_0904,Saving,235530.92,08-01-2026
ACC_1423,CID_0905,Saving,213405.91,10-11-2018
ACC_1424,CID_0905,Current,954114.55,10-11-2018
ACC_1425,CID_0905,Demat,1155949.1,10-11-2018
ACC_1426,CID_0906,Saving,147719.92,18-10-2024
ACC_1427,CID_0907,Saving,91573.45,03-07-2018
ACC_1428,CID_0908,Saving,150603.6,21-10-2023
ACC_1429,CID_0909,Saving,2792.54,13-11-2018
ACC_1430,CID_0909,Current,852509.66,13-11-2018
ACC_1431,CID_0909,Demat,635272.82,13-11-2018
ACC_1432,CID_0910,Saving,170155.24,18-03-2018
ACC_1433,CID_0910,Current,148277.93,18-03-2018
ACC_1434,CID_0910,Demat,570368.69,18-03-2018
ACC_1435,CID_0911,Saving,77568.41,27-10-2022
ACC_1436,CID_0912,Saving,143706,01-06-2025
ACC_1437,CID_0913,Saving,241640.68,08-02-2018
ACC_1438,CID_0914,Saving,207057.23,14-05-2019
ACC_1439,CID_0915,Recurring Deposit,461655.77,16-09-2020
ACC_1440,CID_0916,Saving,246105.19,25-04-2021
ACC_1441,CID_0917,Recurring Deposit,169367.66,26-06-2018
ACC_1442,CID_0918,Saving,18419.89,30-12-2021
ACC_1443,CID_0919,Recurring Deposit,350853.23,14-08-2020
ACC_1444,CID_0920,Saving,188190.49,09-03-2018
ACC_1445,CID_0921,Fixed Deposit,1527329.3,23-01-2024
ACC_1446,CID_0922,Saving,174140.9,12-12-2018
ACC_1447,CID_0923,Saving,187221.44,15-09-2018
ACC_1448,CID_0924,Recurring Deposit,288265.37,15-02-2018
ACC_1449,CID_0925,Saving,42471.62,16-04-2018
ACC_1450,CID_0926,Saving,243552.61,22-12-2018
ACC_1451,CID_0926,Current,180453.25,22-12-2018
ACC_1452,CID_0926,Demat,109681.87,22-12-2018
ACC_1453,CID_0927,Saving,148551.4,04-08-2018
ACC_1454,CID_0927,Current,969757.25,04-08-2018
ACC_1455,CID_0927,Demat,1255810.23,04-08-2018
ACC_1456,CID_0928,Saving,99462.88,06-10-2018
ACC_1457,CID_0929,Saving,238661.56,16-05-2018
ACC_1458,CID_0929,Current,653144.17,16-05-2018
ACC_1459,CID_0929,Demat,753866.42,16-05-2018
ACC_1460,CID_0930,Recurring Deposit,409279.38,12-06-2022
ACC_1461,CID_0931,Saving,163472.27,09-03-2019
ACC_1462,CID_0931,Current,367955.73,09-03-2019
ACC_1463,CID_0931,Demat,244400.77,09-03-2019
ACC_1464,CID_0932,Saving,160531.63,30-04-2025
ACC_1465,CID_0933,Saving,146919.2,08-07-2018
ACC_1466,CID_0933,Current,987361.99,08-07-2018
ACC_1467,CID_0933,Demat,961599.24,08-07-2018
ACC_1468,CID_0934,Saving,96297.99,23-01-2018
ACC_1469,CID_0934,Current,999954.24,23-01-2018
ACC_1470,CID_0934,Demat,1406960.28,23-01-2018
ACC_1471,CID_0935,Saving,25310.59,23-10-2018
ACC_1472,CID_0935,Current,64434.8,23-10-2018
ACC_1473,CID_0935,Demat,1818216.64,23-10-2018
ACC_1474,CID_0936,Fixed Deposit,108534.48,03-02-2018
ACC_1475,CID_0937,Saving,203142.97,29-07-2022
ACC_1476,CID_0937,Current,489074.7,29-07-2022
ACC_1477,CID_0937,Demat,1040207.73,29-07-2022
ACC_1478,CID_0938,Fixed Deposit,3261986.3,04-01-2021
ACC_1479,CID_0939,Saving,29772.85,18-02-2025
ACC_1480,CID_0939,Current,862141.44,18-02-2025
ACC_1481,CID_0939,Demat,1391955.7,18-02-2025
ACC_1482,CID_0940,Saving,200227.99,12-01-2018
ACC_1483,CID_0940,Current,123922.26,12-01-2018
ACC_1484,CID_0940,Demat,261987.9,12-01-2018
ACC_1485,CID_0941,Saving,64561.74,13-08-2018
ACC_1486,CID_0942,Saving,126784,19-10-2018
ACC_1487,CID_0942,Current,364196.08,19-10-2018
ACC_1488,CID_0942,Demat,1091132.16,19-10-2018
ACC_1489,CID_0943,Saving,12018.48,01-01-2018
ACC_1490,CID_0944,Recurring Deposit,70787.67,14-10-2019
ACC_1491,CID_0945,Recurring Deposit,493023.74,08-01-2018
ACC_1492,CID_0946,Saving,127892.29,27-01-2018
ACC_1493,CID_0946,Current,688242.38,27-01-2018
ACC_1494,CID_0946,Demat,1326920.91,27-01-2018
ACC_1495,CID_0947,Saving,47424.38,07-12-2019
ACC_1496,CID_0948,Saving,150735.02,05-01-2018
ACC_1497,CID_0948,Current,216823.93,05-01-2018
ACC_1498,CID_0948,Demat,721335,05-01-2018
ACC_1499,CID_0949,Saving,19052.74,20-06-2018
ACC_1500,CID_0949,Current,255712.4,20-06-2018
ACC_1501,CID_0949,Demat,766655.71,20-06-2018
ACC_1502,CID_0950,Saving,21271.89,26-03-2018
ACC_1503,CID_0950,Current,254925.21,26-03-2018
ACC_1504,CID_0950,Demat,853560.01,26-03-2018
ACC_1505,CID_0951,Saving,183302.39,05-07-2018
ACC_1506,CID_0952,Saving,93349.49,25-06-2019
ACC_1507,CID_0953,Recurring Deposit,82857.49,28-05-2023
ACC_1508,CID_0954,Saving,6964.51,19-04-2023
ACC_1509,CID_0955,Saving,133101.81,28-09-2018
ACC_1510,CID_0956,Saving,22699.05,25-06-2018
ACC_1511,CID_0957,Recurring Deposit,113656.97,13-04-2018
ACC_1512,CID_0958,Saving,244881.56,10-06-2025
ACC_1513,CID_0959,Recurring Deposit,62628.24,11-05-2018
ACC_1514,CID_0960,Fixed Deposit,2453196.81,17-03-2018
ACC_1515,CID_0961,Recurring Deposit,141716.37,17-09-2020
ACC_1516,CID_0962,Saving,224194.28,23-03-2018
ACC_1517,CID_0962,Current,171576.67,23-03-2018
ACC_1518,CID_0962,Demat,1893288.06,23-03-2018
ACC_1519,CID_0963,Saving,201618.21,28-09-2018
ACC_1520,CID_0963,Current,678134.07,28-09-2018
ACC_1521,CID_0963,Demat,1578551.06,28-09-2018
ACC_1522,CID_0964,Fixed Deposit,2389540.73,13-10-2024
ACC_1523,CID_0965,Saving,171821.26,19-03-2018
ACC_1524,CID_0965,Current,713509.44,19-03-2018
ACC_1525,CID_0965,Demat,1316838.05,19-03-2018
ACC_1526,CID_0966,Saving,183987.88,24-09-2018
ACC_1527,CID_0966,Current,53811.76,24-09-2018
ACC_1528,CID_0966,Demat,1452211.45,24-09-2018
ACC_1529,CID_0967,Saving,152371.4,10-06-2022
ACC_1530,CID_0968,Fixed Deposit,3994359.8,05-11-2018
ACC_1531,CID_0969,Fixed Deposit,2607767.37,10-03-2018
ACC_1532,CID_0970,Saving,214551.41,05-04-2019
ACC_1533,CID_0970,Current,947507.19,05-04-2019
ACC_1534,CID_0970,Demat,815997,05-04-2019
ACC_1535,CID_0971,Saving,182623.28,28-03-2019
ACC_1536,CID_0972,Saving,14824.17,26-11-2018
ACC_1537,CID_0972,Current,743666.05,26-11-2018
ACC_1538,CID_0972,Demat,1110548.75,26-11-2018
ACC_1539,CID_0973,Saving,169419.75,06-07-2018
ACC_1540,CID_0973,Current,932508.98,06-07-2018
ACC_1541,CID_0973,Demat,277174.62,06-07-2018
ACC_1542,CID_0974,Fixed Deposit,4441521.86,14-05-2020
ACC_1543,CID_0975,Saving,154263.51,24-01-2018
ACC_1544,CID_0976,Saving,61434.45,01-10-2025
ACC_1545,CID_0977,Recurring Deposit,304079.4,05-05-2020
ACC_1546,CID_0978,Saving,220541.68,12-11-2025
ACC_1547,CID_0978,Current,523992.9,12-11-2025
ACC_1548,CID_0978,Demat,454011.81,12-11-2025
ACC_1549,CID_0979,Saving,33763.04,11-02-2025
ACC_1550,CID_0980,Saving,124129.21,25-06-2018
ACC_1551,CID_0980,Current,171313.48,25-06-2018
ACC_1552,CID_0980,Demat,1939608.17,25-06-2018
ACC_1553,CID_0981,Recurring Deposit,425537.75,09-08-2018
ACC_1554,CID_0982,Saving,121039.61,17-09-2018
ACC_1555,CID_0982,Current,265486.04,17-09-2018
ACC_1556,CID_0982,Demat,9457.44,17-09-2018
ACC_1557,CID_0983,Saving,76552.54,30-10-2018
ACC_1558,CID_0984,Fixed Deposit,4677717.78,10-07-2023
ACC_1559,CID_0985,Saving,154074.8,17-04-2018
ACC_1560,CID_0986,Saving,87755.56,09-12-2018
ACC_1561,CID_0987,Saving,107985.55,14-12-2018
ACC_1562,CID_0988,Saving,38850.81,13-11-2018
ACC_1563,CID_0989,Saving,39329.78,09-01-2018
ACC_1564,CID_0990,Saving,117939.32,27-01-2018
ACC_1565,CID_0990,Current,374935.16,27-01-2018
ACC_1566,CID_0990,Demat,732168.92,27-01-2018
ACC_1567,CID_0991,Saving,247347.63,16-03-2023
ACC_1568,CID_0992,Saving,35398.66,18-08-2018
ACC_1569,CID_0992,Current,747344,18-08-2018
ACC_1570,CID_0992,Demat,16591.39,18-08-2018
ACC_1571,CID_0993,Saving,33853.24,02-04-2018
ACC_1572,CID_0994,Saving,166718.1,17-03-2025
ACC_1573,CID_0995,Saving,122522.42,18-12-2018
ACC_1574,CID_0996,Saving,187896.93,08-01-2021
ACC_1575,CID_0997,Saving,230928.53,14-04-2021
ACC_1576,CID_0997,Current,843219.85,14-04-2021
ACC_1577,CID_0997,Demat,780752.77,14-04-2021
ACC_1578,CID_0998,Saving,31967.83,24-10-2018
ACC_1579,CID_0999,Recurring Deposit,119015.96,22-04-2018
ACC_1580,CID_1000,Recurring Deposit,217729.93,01-08-2019
ACC_1581,CID_1001,Saving,107523.51,26-08-2022
ACC_1582,CID_1002,Recurring Deposit,125483.93,11-05-2021
ACC_1583,CID_1003,Saving,166749.45,12-11-2024
ACC_1584,CID_1004,Recurring Deposit,405166.28,15-04-2019
ACC_1585,CID_1005,Saving,213790.54,18-09-2024
ACC_1586,CID_1006,Saving,33507.81,10-06-2024
ACC_1587,CID_1007,Saving,232310.03,23-09-2022
ACC_1588,CID_1008,Saving,216155.35,02-03-2025
ACC_1589,CID_1009,Saving,76958.26,28-12-2024
ACC_1590,CID_1009,Current,633676.67,28-12-2024
ACC_1591,CID_1009,Demat,466698.16,28-12-2024
ACC_1592,CID_1010,Saving,15806.76,23-07-2024
ACC_1593,CID_1010,Current,427645.76,23-07-2024
ACC_1594,CID_1010,Demat,108052.7,23-07-2024
ACC_1595,CID_1011,Saving,70498.71,17-05-2022
ACC_1596,CID_1012,Saving,223829.01,05-09-2025
ACC_1597,CID_1013,Saving,13506.59,18-11-2024
ACC_1598,CID_1013,Current,745009.95,18-11-2024
ACC_1599,CID_1013,Demat,427895.21,18-11-2024
ACC_1600,CID_1014,Saving,151827.19,18-05-2025
ACC_1601,CID_1014,Current,431476.62,18-05-2025
ACC_1602,CID_1014,Demat,508264.78,18-05-2025
ACC_1603,CID_1015,Saving,24673.36,10-10-2019
ACC_1604,CID_1016,Saving,192730.68,10-09-2025
ACC_1605,CID_1017,Saving,185452.38,13-02-2018
ACC_1606,CID_1017,Current,362023.58,13-02-2018
ACC_1607,CID_1017,Demat,1558722.57,13-02-2018
ACC_1608,CID_1018,Saving,69348.76,28-08-2024
ACC_1609,CID_1019,Fixed Deposit,661122.17,12-05-2024
ACC_1610,CID_1020,Recurring Deposit,456176.24,03-09-2023
ACC_1611,CID_1021,Recurring Deposit,462824.82,09-12-2019
ACC_1612,CID_1022,Saving,86053.04,23-11-2022
ACC_1613,CID_1023,Saving,180331.98,03-10-2018
ACC_1614,CID_1023,Current,44767.3,03-10-2018
ACC_1615,CID_1023,Demat,387454.92,03-10-2018
ACC_1616,CID_1024,Saving,222950.87,30-10-2021
ACC_1617,CID_1024,Current,759595.8,30-10-2021
ACC_1618,CID_1024,Demat,1692945.63,30-10-2021
ACC_1619,CID_1025,Saving,91820,27-01-2025
ACC_1620,CID_1025,Current,630234.77,27-01-2025
ACC_1621,CID_1025,Demat,239270.73,27-01-2025
ACC_1622,CID_1026,Saving,232867.42,18-11-2022
ACC_1623,CID_1027,Recurring Deposit,348656.41,01-10-2018
ACC_1624,CID_1028,Saving,238972.83,16-02-2024
ACC_1625,CID_1028,Current,61732.6,16-02-2024
ACC_1626,CID_1028,Demat,1945085.63,16-02-2024
ACC_1627,CID_1029,Saving,217628.8,26-07-2022
ACC_1628,CID_1030,Saving,187806.58,30-04-2020
ACC_1629,CID_1031,Saving,97866.6,25-06-2022
ACC_1630,CID_1031,Current,607611.16,25-06-2022
ACC_1631,CID_1031,Demat,417814.57,25-06-2022
ACC_1632,CID_1032,Saving,54843.03,05-01-2026
ACC_1633,CID_1033,Saving,126202.53,08-03-2025
ACC_1634,CID_1034,Fixed Deposit,1488854.8,29-05-2020
ACC_1635,CID_1035,Saving,11880.31,12-03-2018
ACC_1636,CID_1036,Saving,235540.48,06-12-2020
ACC_1637,CID_1037,Recurring Deposit,26708.47,11-05-2022
ACC_1638,CID_1038,Saving,162337.05,01-02-2020
ACC_1639,CID_1039,Saving,236633.74,03-12-2025
ACC_1640,CID_1040,Saving,33836.09,13-03-2021
ACC_1641,CID_1040,Current,898437.42,13-03-2021
ACC_1642,CID_1040,Demat,593316.2,13-03-2021
ACC_1643,CID_1041,Saving,206070.98,28-08-2019
ACC_1644,CID_1042,Saving,64368.81,17-08-2020
ACC_1645,CID_1042,Current,16622.85,17-08-2020
ACC_1646,CID_1042,Demat,1316348.6,17-08-2020
ACC_1647,CID_1043,Recurring Deposit,191608.51,23-11-2024
ACC_1648,CID_1044,Recurring Deposit,302566.5,07-07-2024
ACC_1649,CID_1045,Saving,51377.7,13-07-2022
ACC_1650,CID_1046,Saving,182588.07,01-06-2025
ACC_1651,CID_1047,Fixed Deposit,477518.4,27-05-2023
ACC_1652,CID_1048,Saving,203991.7,07-12-2021
ACC_1653,CID_1048,Current,176934.44,07-12-2021
ACC_1654,CID_1048,Demat,1141467.68,07-12-2021
ACC_1655,CID_1049,Saving,5751.3,22-12-2024
ACC_1656,CID_1049,Current,163755.73,22-12-2024
ACC_1657,CID_1049,Demat,359579.87,22-12-2024
ACC_1658,CID_1050,Saving,36308.83,29-12-2025
ACC_1659,CID_1051,Saving,227328.2,19-01-2020
ACC_1660,CID_1051,Current,970415.08,19-01-2020
ACC_1661,CID_1051,Demat,204966.43,19-01-2020
ACC_1662,CID_1052,Saving,187735.83,20-04-2021
ACC_1663,CID_1052,Current,12776.74,20-04-2021
ACC_1664,CID_1052,Demat,203961.24,20-04-2021
ACC_1665,CID_1053,Fixed Deposit,3819594.32,03-04-2024
ACC_1666,CID_1054,Saving,21357.09,16-01-2022
ACC_1667,CID_1055,Saving,241607.01,22-01-2021
ACC_1668,CID_1056,Saving,204654.71,24-06-2022
ACC_1669,CID_1056,Current,852867.49,24-06-2022
ACC_1670,CID_1056,Demat,174505.56,24-06-2022
ACC_1671,CID_1057,Saving,140931.38,15-04-2022
ACC_1672,CID_1057,Current,444881.87,15-04-2022
ACC_1673,CID_1057,Demat,330473.16,15-04-2022
ACC_1674,CID_1058,Saving,136109.85,26-08-2024
ACC_1675,CID_1059,Saving,206318.76,30-05-2025
ACC_1676,CID_1060,Saving,26090.24,13-11-2025
ACC_1677,CID_1061,Saving,228085.66,29-04-2025
ACC_1678,CID_1061,Current,24976.87,29-04-2025
ACC_1679,CID_1061,Demat,857135.19,29-04-2025
ACC_1680,CID_1062,Saving,230461.88,15-04-2025
ACC_1681,CID_1063,Recurring Deposit,450905.71,31-10-2024
ACC_1682,CID_1064,Saving,56518.35,02-08-2023
ACC_1683,CID_1064,Current,956510.02,02-08-2023
ACC_1684,CID_1064,Demat,567219.47,02-08-2023
ACC_1685,CID_1065,Saving,30028.57,12-04-2020
ACC_1686,CID_1065,Current,923396.29,12-04-2020
ACC_1687,CID_1065,Demat,1840147.84,12-04-2020
ACC_1688,CID_1066,Saving,44927.91,14-04-2021
ACC_1689,CID_1066,Current,530950.16,14-04-2021
ACC_1690,CID_1066,Demat,1201224.91,14-04-2021
ACC_1691,CID_1067,Recurring Deposit,151480.32,12-01-2025
ACC_1692,CID_1068,Saving,26428.68,20-08-2024
ACC_1693,CID_1068,Current,916318.12,20-08-2024
ACC_1694,CID_1068,Demat,1325154.77,20-08-2024
ACC_1695,CID_1069,Saving,1043.6,30-11-2022
ACC_1696,CID_1070,Saving,80403.87,10-12-2019
ACC_1697,CID_1070,Current,391208.97,10-12-2019
ACC_1698,CID_1070,Demat,1444080.21,10-12-2019
ACC_1699,CID_1071,Saving,144671.8,17-10-2021
ACC_1700,CID_1071,Current,959625.73,17-10-2021
ACC_1701,CID_1071,Demat,560559.9,17-10-2021
ACC_1702,CID_1072,Saving,45877.15,29-07-2025
ACC_1703,CID_1073,Recurring Deposit,241162.99,17-11-2020
ACC_1704,CID_1074,Recurring Deposit,69972.42,19-10-2022
ACC_1705,CID_1075,Saving,104955.58,20-08-2023
ACC_1706,CID_1075,Current,497605.19,20-08-2023
ACC_1707,CID_1075,Demat,1069872.44,20-08-2023
ACC_1708,CID_1076,Saving,57913.57,04-06-2023
ACC_1709,CID_1076,Current,84534.1,04-06-2023
ACC_1710,CID_1076,Demat,1431267.5,04-06-2023
ACC_1711,CID_1077,Saving,173527.99,02-06-2022
ACC_1712,CID_1077,Current,748535.22,02-06-2022
ACC_1713,CID_1077,Demat,1407671.16,02-06-2022
ACC_1714,CID_1078,Saving,51218.28,03-02-2020
ACC_1715,CID_1078,Current,850744.51,03-02-2020
ACC_1716,CID_1078,Demat,727984.89,03-02-2020
ACC_1717,CID_1079,Saving,27984,28-08-2025
ACC_1718,CID_1079,Current,911450.57,28-08-2025
ACC_1719,CID_1079,Demat,724912.78,28-08-2025
ACC_1720,CID_1080,Saving,213401.4,23-04-2018
ACC_1721,CID_1081,Fixed Deposit,288769.67,27-01-2022
ACC_1722,CID_1082,Recurring Deposit,189352.93,16-05-2023
ACC_1723,CID_1083,Saving,93235.22,17-07-2024
ACC_1724,CID_1084,Saving,18905.69,07-12-2023
ACC_1725,CID_1084,Current,837599.76,07-12-2023
ACC_1726,CID_1084,Demat,1741601.57,07-12-2023
ACC_1727,CID_1085,Saving,35748.73,11-06-2023
ACC_1728,CID_1086,Saving,142511.2,29-12-2024
ACC_1729,CID_1086,Current,813897.55,29-12-2024
ACC_1730,CID_1086,Demat,303685.86,29-12-2024
ACC_1731,CID_1087,Saving,35458.04,28-09-2021
ACC_1732,CID_1087,Current,527922.59,28-09-2021
ACC_1733,CID_1087,Demat,1897787.7,28-09-2021
ACC_1734,CID_1088,Saving,84665.58,04-08-2024
ACC_1735,CID_1088,Current,781615.51,04-08-2024
ACC_1736,CID_1088,Demat,1392017.81,04-08-2024
ACC_1737,CID_1089,Saving,160792.34,22-10-2019
ACC_1738,CID_1090,Saving,99399.48,01-06-2023
ACC_1739,CID_1091,Recurring Deposit,355991.98,24-08-2024
ACC_1740,CID_1092,Saving,57215.06,22-06-2023
ACC_1741,CID_1093,Saving,130614.51,08-08-2023
ACC_1742,CID_1093,Current,977948.36,08-08-2023
ACC_1743,CID_1093,Demat,254641.05,08-08-2023
ACC_1744,CID_1094,Saving,98376.59,26-02-2025
ACC_1745,CID_1095,Saving,173260.44,18-11-2023
ACC_1746,CID_1096,Saving,160651.76,22-08-2019
ACC_1747,CID_1096,Current,827426.43,22-08-2019
ACC_1748,CID_1096,Demat,333824.6,22-08-2019
ACC_1749,CID_1097,Saving,49085.28,08-02-2018
ACC_1750,CID_1097,Current,109292.48,08-02-2018
ACC_1751,CID_1097,Demat,160228.11,08-02-2018
ACC_1752,CID_1098,Saving,41108.72,19-09-2019
ACC_1753,CID_1099,Saving,149479.13,30-08-2019
ACC_1754,CID_1100,Saving,232335.88,08-01-2020
ACC_1755,CID_1101,Saving,244177.46,01-08-2025
ACC_1756,CID_1101,Current,565232.02,01-08-2025
ACC_1757,CID_1101,Demat,1129659.95,01-08-2025
ACC_1758,CID_1102,Saving,235905.53,27-09-2021
ACC_1759,CID_1103,Saving,70959.34,10-11-2021
ACC_1760,CID_1103,Current,398738.25,10-11-2021
ACC_1761,CID_1103,Demat,393792.99,10-11-2021
ACC_1762,CID_1104,Saving,175812.87,14-08-2025
ACC_1763,CID_1104,Current,98282.46,14-08-2025
ACC_1764,CID_1104,Demat,817536.69,14-08-2025
ACC_1765,CID_1105,Fixed Deposit,759431.42,26-11-2025
ACC_1766,CID_1106,Saving,146796.37,06-03-2019
ACC_1767,CID_1106,Current,852175.07,06-03-2019
ACC_1768,CID_1106,Demat,583788.17,06-03-2019
ACC_1769,CID_1107,Saving,156675.2,30-06-2024
ACC_1770,CID_1108,Saving,35645.23,07-08-2025
ACC_1771,CID_1109,Recurring Deposit,304760.72,25-04-2019
ACC_1772,CID_1110,Fixed Deposit,1701713.34,04-12-2024
ACC_1773,CID_1111,Recurring Deposit,20966.44,13-03-2024
ACC_1774,CID_1112,Saving,52600.75,05-04-2025
ACC_1775,CID_1112,Current,610776.85,05-04-2025
ACC_1776,CID_1112,Demat,154621.59,05-04-2025
ACC_1777,CID_1113,Recurring Deposit,49605.62,12-08-2020
ACC_1778,CID_1114,Saving,217679.14,15-07-2025
ACC_1779,CID_1115,Saving,78772.82,24-02-2019
ACC_1780,CID_1116,Saving,70389.27,24-09-2023
ACC_1781,CID_1116,Current,363964.94,24-09-2023
ACC_1782,CID_1116,Demat,183012.34,24-09-2023
ACC_1783,CID_1117,Saving,246542.76,25-04-2022
ACC_1784,CID_1118,Saving,231078.11,16-06-2023
ACC_1785,CID_1118,Current,939889.64,16-06-2023
ACC_1786,CID_1118,Demat,1943502.89,16-06-2023
ACC_1787,CID_1119,Fixed Deposit,2010686.68,01-08-2019
ACC_1788,CID_1120,Saving,128363.57,24-07-2023
ACC_1789,CID_1121,Saving,103591.96,26-05-2020
ACC_1790,CID_1122,Fixed Deposit,3415952.38,05-09-2024
ACC_1791,CID_1123,Recurring Deposit,123163.58,13-11-2024
ACC_1792,CID_1124,Saving,213338.42,05-02-2023
ACC_1793,CID_1124,Current,291369.94,05-02-2023
ACC_1794,CID_1124,Demat,320620.58,05-02-2023
ACC_1795,CID_1125,Saving,115838.5,10-08-2022
ACC_1796,CID_1126,Saving,117387.93,23-09-2018
ACC_1797,CID_1126,Current,535580.64,23-09-2018
ACC_1798,CID_1126,Demat,1637488.04,23-09-2018
ACC_1799,CID_1127,Saving,183078.64,02-06-2025
ACC_1800,CID_1128,Saving,16585.65,22-04-2025
ACC_1801,CID_1129,Saving,185450.55,08-02-2024
ACC_1802,CID_1130,Saving,10051.44,04-03-2024
ACC_1803,CID_1131,Saving,160233.99,03-09-2021
ACC_1804,CID_1131,Current,320866.43,03-09-2021
ACC_1805,CID_1131,Demat,67489.89,03-09-2021
ACC_1806,CID_1132,Saving,234146.69,04-08-2024
ACC_1807,CID_1132,Current,362131.27,04-08-2024
ACC_1808,CID_1132,Demat,863068.93,04-08-2024
ACC_1809,CID_1133,Saving,53267.48,12-05-2024
ACC_1810,CID_1133,Current,23919.79,12-05-2024
ACC_1811,CID_1133,Demat,1518439.7,12-05-2024
ACC_1812,CID_1134,Saving,159103.98,07-12-2023
ACC_1813,CID_1134,Current,84507.69,07-12-2023
ACC_1814,CID_1134,Demat,143171.8,07-12-2023
ACC_1815,CID_1135,Fixed Deposit,2262590.45,15-06-2018
ACC_1816,CID_1136,Recurring Deposit,130464.17,05-06-2022
ACC_1817,CID_1137,Saving,85833.78,14-02-2023
ACC_1818,CID_1138,Saving,105065.72,26-12-2020
ACC_1819,CID_1139,Saving,196072.42,05-03-2025
ACC_1820,CID_1139,Current,965624.24,05-03-2025
ACC_1821,CID_1139,Demat,876384.05,05-03-2025
ACC_1822,CID_1140,Saving,195876.56,04-05-2025
ACC_1823,CID_1141,Recurring Deposit,289666.19,09-10-2024
ACC_1824,CID_1142,Recurring Deposit,469545.56,14-07-2021
ACC_1825,CID_1143,Recurring Deposit,466975.88,09-02-2018
ACC_1826,CID_1144,Fixed Deposit,3372987.1,05-11-2020
ACC_1827,CID_1145,Saving,112914.46,28-09-2023
ACC_1828,CID_1146,Saving,159909.64,12-12-2025
ACC_1829,CID_1146,Current,578798.64,12-12-2025
ACC_1830,CID_1146,Demat,77789.51,12-12-2025
ACC_1831,CID_1147,Saving,136748.51,23-02-2024
ACC_1832,CID_1147,Current,166934.93,23-02-2024
ACC_1833,CID_1147,Demat,758225.36,23-02-2024
ACC_1834,CID_1148,Saving,242950.25,10-07-2024
ACC_1835,CID_1148,Current,577259.59,10-07-2024
ACC_1836,CID_1148,Demat,33670.18,10-07-2024
ACC_1837,CID_1149,Recurring Deposit,251540.51,19-05-2019
ACC_1838,CID_1150,Saving,162403.46,11-07-2023
ACC_1839,CID_1150,Current,456541.49,11-07-2023
ACC_1840,CID_1150,Demat,823721.69,11-07-2023
ACC_1841,CID_1151,Saving,131030.87,04-05-2021
ACC_1842,CID_1151,Current,765316.06,04-05-2021
ACC_1843,CID_1151,Demat,231193.1,04-05-2021
ACC_1844,CID_1152,Saving,138412.02,09-01-2024
ACC_1845,CID_1153,Saving,211350.36,04-12-2018
ACC_1846,CID_1154,Recurring Deposit,469012.87,28-05-2019
ACC_1847,CID_1155,Saving,22864.67,27-05-2021
ACC_1848,CID_1156,Saving,26366.99,10-05-2025
ACC_1849,CID_1157,Recurring Deposit,252177.4,02-06-2024
ACC_1850,CID_1158,Saving,213000.46,08-03-2024
ACC_1851,CID_1159,Saving,113930.16,05-06-2022
ACC_1852,CID_1159,Current,381698.75,05-06-2022
ACC_1853,CID_1159,Demat,395142.68,05-06-2022
ACC_1854,CID_1160,Fixed Deposit,4571006.3,13-07-2021
ACC_1855,CID_1161,Fixed Deposit,1985084.69,10-04-2024
ACC_1856,CID_1162,Saving,219961.99,20-03-2023
ACC_1857,CID_1163,Recurring Deposit,454759.52,10-09-2025
ACC_1858,CID_1164,Saving,225096.72,06-08-2022
ACC_1859,CID_1164,Current,415142.1,06-08-2022
ACC_1860,CID_1164,Demat,35982.48,06-08-2022
ACC_1861,CID_1165,Recurring Deposit,410197.16,30-09-2025
ACC_1862,CID_1166,Saving,43017.48,12-06-2024
ACC_1863,CID_1166,Current,572615.26,12-06-2024
ACC_1864,CID_1166,Demat,862889.27,12-06-2024
ACC_1865,CID_1167,Saving,154258.85,06-02-2021
ACC_1866,CID_1167,Current,393924.43,06-02-2021
ACC_1867,CID_1167,Demat,107904.08,06-02-2021
ACC_1868,CID_1168,Fixed Deposit,1958154.37,28-09-2020
ACC_1869,CID_1169,Saving,40031.69,20-08-2025
ACC_1870,CID_1170,Saving,200392.41,30-08-2023
ACC_1871,CID_1170,Current,504752.79,30-08-2023
ACC_1872,CID_1170,Demat,1264724.93,30-08-2023
ACC_1873,CID_1171,Saving,138449.92,24-07-2025
ACC_1874,CID_1172,Saving,23769.72,08-03-2018
ACC_1875,CID_1172,Current,437983.62,08-03-2018
ACC_1876,CID_1172,Demat,1259643.78,08-03-2018
ACC_1877,CID_1173,Recurring Deposit,272292.57,27-12-2018
ACC_1878,CID_1174,Saving,6809.82,23-02-2018
ACC_1879,CID_1174,Current,734434.99,23-02-2018
ACC_1880,CID_1174,Demat,1966911.31,23-02-2018
ACC_1881,CID_1175,Saving,89851.28,11-06-2022
ACC_1882,CID_1175,Current,240482.16,11-06-2022
ACC_1883,CID_1175,Demat,1796328.93,11-06-2022
ACC_1884,CID_1176,Recurring Deposit,363430,03-06-2018
ACC_1885,CID_1177,Saving,13411.34,20-04-2025
ACC_1886,CID_1177,Current,83880.41,20-04-2025
ACC_1887,CID_1177,Demat,291820.21,20-04-2025
ACC_1888,CID_1178,Saving,28177.41,08-09-2024
ACC_1889,CID_1179,Saving,65867.67,14-09-2025
ACC_1890,CID_1180,Saving,90668.63,06-12-2020
ACC_1891,CID_1181,Saving,123013.72,05-01-2022
ACC_1892,CID_1181,Current,22935.01,05-01-2022
ACC_1893,CID_1181,Demat,151784.06,05-01-2022
ACC_1894,CID_1182,Recurring Deposit,188251.93,14-06-2018
ACC_1895,CID_1183,Saving,40695.36,16-05-2025
ACC_1896,CID_1184,Saving,142039.82,20-08-2025
ACC_1897,CID_1185,Fixed Deposit,4968760.49,02-01-2024
ACC_1898,CID_1186,Recurring Deposit,80035.75,17-06-2018
ACC_1899,CID_1187,Saving,134220.57,25-12-2025
ACC_1900,CID_1188,Saving,216785.13,25-01-2022
ACC_1901,CID_1189,Saving,82221.16,03-03-2025
ACC_1902,CID_1190,Saving,32081.77,12-11-2025
ACC_1903,CID_1191,Saving,238330.73,12-01-2023
ACC_1904,CID_1191,Current,349204.83,12-01-2023
ACC_1905,CID_1191,Demat,1105236.74,12-01-2023
ACC_1906,CID_1192,Recurring Deposit,218594.93,18-09-2021
ACC_1907,CID_1193,Saving,171920.84,04-06-2021
ACC_1908,CID_1194,Saving,146120.24,27-12-2020
ACC_1909,CID_1194,Current,766682.42,27-12-2020
ACC_1910,CID_1194,Demat,626612.33,27-12-2020
ACC_1911,CID_1195,Recurring Deposit,212444.92,20-06-2025
ACC_1912,CID_1196,Saving,96069.94,20-07-2020
ACC_1913,CID_1197,Saving,158358.27,22-10-2020
ACC_1914,CID_1198,Saving,222417.7,07-08-2020
ACC_1915,CID_1198,Current,958139.34,07-08-2020
ACC_1916,CID_1198,Demat,509862,07-08-2020
ACC_1917,CID_1199,Fixed Deposit,3229038.87,03-09-2019
ACC_1918,CID_1200,Saving,7970.02,02-10-2018
ACC_1919,CID_1200,Current,180724.33,02-10-2018
ACC_1920,CID_1200,Demat,648748.92,02-10-2018
ACC_1921,CID_1201,Saving,164410.18,13-04-2020
ACC_1922,CID_1202,Saving,2903.43,26-06-2022
ACC_1923,CID_1203,Saving,116611.47,31-03-2024
ACC_1924,CID_1204,Saving,17025.67,25-06-2023
ACC_1925,CID_1204,Current,284330.64,25-06-2023
ACC_1926,CID_1204,Demat,428289.45,25-06-2023
ACC_1927,CID_1205,Saving,152172.14,23-12-2019
ACC_1928,CID_1206,Saving,223219.67,06-07-2025
ACC_1929,CID_1206,Current,422328.39,06-07-2025
ACC_1930,CID_1206,Demat,1513621.4,06-07-2025
ACC_1931,CID_1207,Saving,200779.94,16-10-2022
ACC_1932,CID_1208,Saving,31461.12,27-12-2025
ACC_1933,CID_1209,Saving,59487.27,31-08-2021
ACC_1934,CID_1210,Saving,161094.82,07-09-2022
ACC_1935,CID_1211,Recurring Deposit,66397.97,13-06-2025
ACC_1936,CID_1212,Recurring Deposit,264229.33,03-02-2025
ACC_1937,CID_1213,Saving,24232.39,21-03-2021
ACC_1938,CID_1214,Saving,86783.2,08-06-2022
ACC_1939,CID_1215,Saving,123707.74,27-12-2021
ACC_1940,CID_1216,Saving,174266.01,31-01-2022
ACC_1941,CID_1217,Recurring Deposit,455325.44,14-01-2024
ACC_1942,CID_1218,Saving,7807.4,25-11-2024
ACC_1943,CID_1218,Current,48786.4,25-11-2024
ACC_1944,CID_1218,Demat,25740.07,25-11-2024
ACC_1945,CID_1219,Saving,56972.14,18-12-2021
ACC_1946,CID_1220,Saving,204128.83,13-04-2024
ACC_1947,CID_1221,Recurring Deposit,27193,14-12-2025
ACC_1948,CID_1222,Saving,236812.64,06-01-2020
ACC_1949,CID_1222,Current,75967.13,06-01-2020
ACC_1950,CID_1222,Demat,662011.3,06-01-2020
ACC_1951,CID_1223,Recurring Deposit,462504.35,08-11-2018
ACC_1952,CID_1224,Saving,215542.78,23-05-2020
ACC_1953,CID_1225,Saving,31032.14,25-09-2023
ACC_1954,CID_1226,Saving,119742.74,28-10-2025
ACC_1955,CID_1226,Current,490613.74,28-10-2025
ACC_1956,CID_1226,Demat,564680.49,28-10-2025
ACC_1957,CID_1227,Saving,74410.43,05-02-2018
ACC_1958,CID_1228,Saving,208967.75,28-04-2022
ACC_1959,CID_1228,Current,243133.88,28-04-2022
ACC_1960,CID_1228,Demat,1296032.87,28-04-2022
ACC_1961,CID_1229,Saving,19248.53,07-05-2021
ACC_1962,CID_1229,Current,495111.14,07-05-2021
ACC_1963,CID_1229,Demat,428888.57,07-05-2021
ACC_1964,CID_1230,Saving,122167.57,12-05-2023
ACC_1965,CID_1231,Saving,147835.51,05-04-2023
ACC_1966,CID_1231,Current,528116.99,05-04-2023
ACC_1967,CID_1231,Demat,1717625.37,05-04-2023
ACC_1968,CID_1232,Saving,212027.84,15-03-2020
ACC_1969,CID_1233,Saving,229215.96,01-12-2018
ACC_1970,CID_1234,Recurring Deposit,102307.34,19-06-2024
ACC_1971,CID_1235,Saving,41466.98,11-07-2024
ACC_1972,CID_1236,Saving,25965.06,18-07-2019
ACC_1973,CID_1236,Current,461493.17,18-07-2019
ACC_1974,CID_1236,Demat,218810.91,18-07-2019
ACC_1975,CID_1237,Saving,223577.46,20-02-2025
ACC_1976,CID_1238,Saving,132955.91,11-06-2019
ACC_1977,CID_1239,Recurring Deposit,42949.32,15-02-2021
ACC_1978,CID_1240,Saving,107996.68,25-05-2024
ACC_1979,CID_1241,Saving,24904.27,23-07-2024
ACC_1980,CID_1242,Fixed Deposit,977718.82,02-06-2021
ACC_1981,CID_1243,Saving,132625.91,23-10-2020
ACC_1982,CID_1244,Saving,27741.55,22-03-2023
ACC_1983,CID_1244,Current,50821.58,22-03-2023
ACC_1984,CID_1244,Demat,501643.77,22-03-2023
ACC_1985,CID_1245,Saving,13757.87,13-07-2025
ACC_1986,CID_1246,Saving,60072.4,14-11-2023
ACC_1987,CID_1247,Saving,155245.07,05-02-2025
ACC_1988,CID_1248,Saving,183614.13,29-11-2024
ACC_1989,CID_1249,Saving,43171.77,26-06-2021
ACC_1990,CID_1249,Current,204371.9,26-06-2021
ACC_1991,CID_1249,Demat,1275613.93,26-06-2021
ACC_1992,CID_1250,Saving,46677.17,24-04-2024
ACC_1993,CID_1251,Saving,226713.61,30-07-2021
ACC_1994,CID_1252,Saving,42078.04,24-05-2020
ACC_1995,CID_1253,Recurring Deposit,333349.66,23-09-2024
ACC_1996,CID_1254,Saving,66326.13,27-10-2022
ACC_1997,CID_1255,Saving,190185.06,30-03-2021
ACC_1998,CID_1255,Current,10724.14,30-03-2021
ACC_1999,CID_1255,Demat,707526.57,30-03-2021
ACC_2000,CID_1256,Recurring Deposit,124507.7,19-02-2021
ACC_2001,CID_1257,Saving,4839.01,15-05-2023
ACC_2002,CID_1257,Current,680366.21,15-05-2023
ACC_2003,CID_1257,Demat,584863.85,15-05-2023
ACC_2004,CID_1258,Saving,37072.45,11-09-2023
ACC_2005,CID_1259,Saving,201071.21,23-04-2019
ACC_2006,CID_1260,Saving,183836.34,28-04-2025
ACC_2007,CID_1260,Current,989803.33,28-04-2025
ACC_2008,CID_1260,Demat,518392.33,28-04-2025
ACC_2009,CID_1261,Recurring Deposit,414046.99,12-03-2018
ACC_2010,CID_1262,Saving,222897.42,12-06-2018
ACC_2011,CID_1262,Current,774751.77,12-06-2018
ACC_2012,CID_1262,Demat,1714627.54,12-06-2018
ACC_2013,CID_1263,Saving,130067.57,13-08-2022
ACC_2014,CID_1264,Fixed Deposit,4282764.97,31-05-2025
ACC_2015,CID_1265,Recurring Deposit,122939.53,24-03-2018
ACC_2016,CID_1266,Recurring Deposit,97727.21,10-10-2023
ACC_2017,CID_1267,Recurring Deposit,438694.87,12-09-2024
ACC_2018,CID_1268,Saving,228141.42,21-07-2025
ACC_2019,CID_1268,Current,987344.33,21-07-2025
ACC_2020,CID_1268,Demat,1752805.22,21-07-2025
ACC_2021,CID_1269,Saving,169927.06,02-06-2025
ACC_2022,CID_1269,Current,888106.91,02-06-2025
ACC_2023,CID_1269,Demat,785097.32,02-06-2025
ACC_2024,CID_1270,Saving,145089.45,18-08-2020
ACC_2025,CID_1271,Saving,114029.4,26-01-2024
ACC_2026,CID_1272,Recurring Deposit,249964.58,14-01-2022
ACC_2027,CID_1273,Saving,241684.53,10-02-2022
ACC_2028,CID_1274,Saving,121962.79,18-11-2021
ACC_2029,CID_1275,Saving,113737.62,24-07-2022
ACC_2030,CID_1276,Saving,13771.72,08-07-2023
ACC_2031,CID_1277,Saving,208610.46,17-09-2020
ACC_2032,CID_1278,Saving,87879.45,22-09-2024
ACC_2033,CID_1279,Recurring Deposit,280813.81,06-01-2023
ACC_2034,CID_1280,Saving,248980.61,07-04-2023
ACC_2035,CID_1281,Saving,229605.83,04-07-2020
ACC_2036,CID_1281,Current,291511.22,04-07-2020
ACC_2037,CID_1281,Demat,69112.7,04-07-2020
ACC_2038,CID_1282,Saving,96867.09,17-03-2023
ACC_2039,CID_1283,Saving,75854.65,11-01-2025
ACC_2040,CID_1284,Saving,219045.14,13-09-2022
ACC_2041,CID_1285,Saving,192031.26,09-01-2023
ACC_2042,CID_1285,Current,250770.42,09-01-2023
ACC_2043,CID_1285,Demat,835543.05,09-01-2023
ACC_2044,CID_1286,Saving,21856.68,03-10-2024
ACC_2045,CID_1286,Current,567098.42,03-10-2024
ACC_2046,CID_1286,Demat,1258496.06,03-10-2024
ACC_2047,CID_1287,Fixed Deposit,4170923.21,26-11-2024
ACC_2048,CID_1288,Saving,110754.38,10-03-2024
ACC_2049,CID_1289,Saving,89710.97,20-12-2025
ACC_2050,CID_1290,Saving,105416.16,22-04-2025
ACC_2051,CID_1290,Current,410848.37,22-04-2025
ACC_2052,CID_1290,Demat,60207.51,22-04-2025
ACC_2053,CID_1291,Saving,189086.19,05-09-2023
ACC_2054,CID_1292,Saving,61040.09,24-08-2022
ACC_2055,CID_1292,Current,512694.59,24-08-2022
ACC_2056,CID_1292,Demat,258913.35,24-08-2022
ACC_2057,CID_1293,Saving,73689.13,16-11-2025
ACC_2058,CID_1293,Current,755579.84,16-11-2025
ACC_2059,CID_1293,Demat,788355.35,16-11-2025
ACC_2060,CID_1294,Saving,115970.55,01-12-2022
ACC_2061,CID_1294,Current,763232.52,01-12-2022
ACC_2062,CID_1294,Demat,1038426.52,01-12-2022
ACC_2063,CID_1295,Saving,67908.62,14-07-2020
ACC_2064,CID_1296,Recurring Deposit,411148.13,19-10-2022
ACC_2065,CID_1297,Saving,15685.76,01-12-2025
ACC_2066,CID_1298,Saving,184971.17,18-01-2024
ACC_2067,CID_1298,Current,53967.25,18-01-2024
ACC_2068,CID_1298,Demat,414103.58,18-01-2024
ACC_2069,CID_1299,Recurring Deposit,69064.97,31-07-2023
ACC_2070,CID_1300,Recurring Deposit,359851.88,08-03-2024
ACC_2071,CID_1301,Saving,172099.79,28-09-2025
ACC_2072,CID_1302,Saving,38679.01,11-02-2019
ACC_2073,CID_1303,Saving,62177.92,18-07-2024
ACC_2074,CID_1304,Saving,208265.25,23-09-2019
ACC_2075,CID_1305,Saving,231548.09,18-10-2019
ACC_2076,CID_1305,Current,300623.83,18-10-2019
ACC_2077,CID_1305,Demat,970020.46,18-10-2019
ACC_2078,CID_1306,Saving,212008.21,18-11-2023
ACC_2079,CID_1306,Current,261011.25,18-11-2023
ACC_2080,CID_1306,Demat,1227456.31,18-11-2023
ACC_2081,CID_1307,Saving,36988.47,04-03-2020
ACC_2082,CID_1308,Saving,204728.25,29-03-2023
ACC_2083,CID_1309,Recurring Deposit,350114.7,04-06-2020
ACC_2084,CID_1310,Saving,167050.11,21-02-2018
ACC_2085,CID_1311,Recurring Deposit,196203.42,27-05-2025
ACC_2086,CID_1312,Saving,203466.65,10-03-2021
ACC_2087,CID_1313,Saving,141270.17,21-02-2021
ACC_2088,CID_1314,Saving,9003.84,09-03-2019
ACC_2089,CID_1314,Current,650771.9,09-03-2019
ACC_2090,CID_1314,Demat,1316096.93,09-03-2019
ACC_2091,CID_1315,Fixed Deposit,4814354.66,15-05-2025
ACC_2092,CID_1316,Saving,39999.47,09-06-2019
ACC_2093,CID_1317,Saving,176703.04,01-08-2022
ACC_2094,CID_1318,Saving,38274.98,05-08-2025
ACC_2095,CID_1319,Saving,115140.7,25-10-2024
ACC_2096,CID_1319,Current,858805.24,25-10-2024
ACC_2097,CID_1319,Demat,284378.4,25-10-2024
ACC_2098,CID_1320,Saving,98785.22,18-09-2025
ACC_2099,CID_1320,Current,916243.86,18-09-2025
ACC_2100,CID_1320,Demat,1292042.34,18-09-2025
ACC_2101,CID_1321,Saving,164913.47,14-08-2025
ACC_2102,CID_1321,Current,576462.92,14-08-2025
ACC_2103,CID_1321,Demat,1855187.43,14-08-2025
ACC_2104,CID_1322,Saving,81357.11,14-01-2021
ACC_2105,CID_1323,Recurring Deposit,202483.15,05-07-2023
ACC_2106,CID_1324,Saving,58310.23,21-11-2021
ACC_2107,CID_1325,Saving,81253.02,30-12-2022
ACC_2108,CID_1326,Recurring Deposit,87824.98,22-04-2022
ACC_2109,CID_1327,Saving,153169.95,09-09-2025
ACC_2110,CID_1328,Saving,110661.35,12-09-2024
ACC_2111,CID_1329,Recurring Deposit,461851.87,28-07-2023
ACC_2112,CID_1330,Saving,33737.55,15-08-2021
ACC_2113,CID_1331,Saving,63497.49,21-07-2020
ACC_2114,CID_1332,Saving,56761.39,12-12-2025
ACC_2115,CID_1332,Current,742411.75,12-12-2025
ACC_2116,CID_1332,Demat,870955.7,12-12-2025
ACC_2117,CID_1333,Saving,145735.93,23-10-2018
ACC_2118,CID_1333,Current,629486.55,23-10-2018
ACC_2119,CID_1333,Demat,1338973.21,23-10-2018
ACC_2120,CID_1334,Saving,1806.45,03-03-2023
ACC_2121,CID_1335,Saving,216190.54,25-05-2024
ACC_2122,CID_1335,Current,341370.6,25-05-2024
ACC_2123,CID_1335,Demat,1366310.61,25-05-2024
ACC_2124,CID_1336,Saving,52264.96,07-07-2018
ACC_2125,CID_1337,Saving,224989.06,17-11-2025
ACC_2126,CID_1338,Saving,94341.5,15-05-2019
ACC_2127,CID_1339,Saving,32234.5,28-08-2019
ACC_2128,CID_1340,Saving,29922.91,15-09-2018
ACC_2129,CID_1340,Current,231342.93,15-09-2018
ACC_2130,CID_1340,Demat,1204971.72,15-09-2018
ACC_2131,CID_1341,Recurring Deposit,145658.34,10-09-2021
ACC_2132,CID_1342,Saving,218174.41,21-09-2023
ACC_2133,CID_1343,Saving,60728.9,24-11-2020
ACC_2134,CID_1344,Saving,154851.91,19-10-2020
ACC_2135,CID_1345,Saving,28163.18,01-01-2025
ACC_2136,CID_1345,Current,471507.73,01-01-2025
ACC_2137,CID_1345,Demat,1835195.72,01-01-2025
ACC_2138,CID_1346,Saving,105640.72,11-11-2021
ACC_2139,CID_1347,Recurring Deposit,70505.03,01-12-2024
ACC_2140,CID_1348,Fixed Deposit,4562474.5,23-09-2025
ACC_2141,CID_1349,Saving,18691.52,19-01-2023
ACC_2142,CID_1350,Fixed Deposit,4039362.6,15-10-2022
ACC_2143,CID_1351,Saving,149737.83,30-04-2025
ACC_2144,CID_1351,Current,612820.22,30-04-2025
ACC_2145,CID_1351,Demat,165784.01,30-04-2025
ACC_2146,CID_1352,Saving,10914.37,29-10-2025
ACC_2147,CID_1353,Saving,56698.64,24-09-2023
ACC_2148,CID_1354,Saving,212533.46,30-05-2023
ACC_2149,CID_1355,Saving,14311.46,20-11-2025
ACC_2150,CID_1355,Current,773839.63,20-11-2025
ACC_2151,CID_1355,Demat,1623669.52,20-11-2025
ACC_2152,CID_1356,Saving,171056.97,18-04-2024
ACC_2153,CID_1357,Saving,13509.03,05-12-2021
ACC_2154,CID_1357,Current,765915.83,05-12-2021
ACC_2155,CID_1357,Demat,1392403.86,05-12-2021
ACC_2156,CID_1358,Recurring Deposit,58676.02,03-05-2018
ACC_2157,CID_1359,Saving,92243.31,07-04-2025
ACC_2158,CID_1359,Current,194451.98,07-04-2025
ACC_2159,CID_1359,Demat,875867.04,07-04-2025
ACC_2160,CID_1360,Saving,23451.71,10-05-2023
ACC_2161,CID_1361,Saving,186995.18,30-08-2024
ACC_2162,CID_1362,Fixed Deposit,84343.81,30-10-2019
ACC_2163,CID_1363,Saving,14635.32,19-02-2021
ACC_2164,CID_1363,Current,439117.33,19-02-2021
ACC_2165,CID_1363,Demat,568778.98,19-02-2021
ACC_2166,CID_1364,Saving,61438.96,12-06-2021
ACC_2167,CID_1365,Saving,164566.91,14-07-2021
ACC_2168,CID_1366,Saving,136139.73,21-01-2019
ACC_2169,CID_1367,Saving,203449.5,14-05-2025
ACC_2170,CID_1367,Current,897742.54,14-05-2025
ACC_2171,CID_1367,Demat,1718226.51,14-05-2025
ACC_2172,CID_1368,Saving,138075.76,12-02-2026
ACC_2173,CID_1369,Saving,223298.13,13-11-2025
ACC_2174,CID_1369,Current,319540.09,13-11-2025
ACC_2175,CID_1369,Demat,1085131.25,13-11-2025
ACC_2176,CID_1370,Saving,225156.13,23-04-2021
ACC_2177,CID_1371,Saving,20072.3,27-10-2023
ACC_2178,CID_1371,Current,912137.16,27-10-2023
ACC_2179,CID_1371,Demat,1683643.58,27-10-2023
ACC_2180,CID_1372,Saving,185606.21,30-07-2025
ACC_2181,CID_1372,Current,211558.86,30-07-2025
ACC_2182,CID_1372,Demat,747918.02,30-07-2025
ACC_2183,CID_1373,Saving,162652.07,06-04-2020
ACC_2184,CID_1374,Saving,124977.42,15-01-2019
ACC_2185,CID_1374,Current,34722.43,15-01-2019
ACC_2186,CID_1374,Demat,559544.82,15-01-2019
ACC_2187,CID_1375,Fixed Deposit,308003.01,22-07-2023
ACC_2188,CID_1376,Saving,95955.75,02-03-2018
ACC_2189,CID_1377,Saving,46514.49,06-05-2025
ACC_2190,CID_1378,Recurring Deposit,16621.74,04-09-2022
ACC_2191,CID_1379,Saving,223345.76,31-05-2025
ACC_2192,CID_1380,Recurring Deposit,171131.25,27-08-2018
ACC_2193,CID_1381,Saving,182441.92,02-06-2024
ACC_2194,CID_1382,Saving,97333.59,03-07-2024
ACC_2195,CID_1382,Current,721575.73,03-07-2024
ACC_2196,CID_1382,Demat,1357549.2,03-07-2024
ACC_2197,CID_1383,Recurring Deposit,284583.22,23-04-2019
ACC_2198,CID_1384,Fixed Deposit,2341989.04,29-04-2025
ACC_2199,CID_1385,Saving,4288.26,11-05-2025
ACC_2200,CID_1385,Current,799789.33,11-05-2025
ACC_2201,CID_1385,Demat,1902179.63,11-05-2025
ACC_2202,CID_1386,Saving,84714.32,25-11-2023
ACC_2203,CID_1387,Saving,68930.34,24-03-2021
ACC_2204,CID_1387,Current,269478.6,24-03-2021
ACC_2205,CID_1387,Demat,504773.99,24-03-2021
ACC_2206,CID_1388,Saving,142326.05,29-11-2020
ACC_2207,CID_1389,Saving,115949.71,19-03-2024
ACC_2208,CID_1390,Saving,90001.55,13-12-2020
ACC_2209,CID_1391,Saving,145102.8,17-08-2018
ACC_2210,CID_1392,Saving,152776.97,13-02-2025
ACC_2211,CID_1392,Current,314712.51,13-02-2025
ACC_2212,CID_1392,Demat,132766.76,13-02-2025
ACC_2213,CID_1393,Saving,196790.56,07-03-2022
ACC_2214,CID_1393,Current,260281.26,07-03-2022
ACC_2215,CID_1393,Demat,992383.21,07-03-2022
ACC_2216,CID_1394,Saving,154678.35,04-02-2018
ACC_2217,CID_1395,Saving,163822.91,28-10-2021
ACC_2218,CID_1396,Recurring Deposit,290365.47,10-11-2023
ACC_2219,CID_1397,Saving,57374.13,28-05-2024
ACC_2220,CID_1397,Current,951752.09,28-05-2024
ACC_2221,CID_1397,Demat,1983982.42,28-05-2024
ACC_2222,CID_1398,Saving,211310.26,20-03-2020
ACC_2223,CID_1398,Current,849557.92,20-03-2020
ACC_2224,CID_1398,Demat,1083180.5,20-03-2020
ACC_2225,CID_1399,Saving,87757.55,21-03-2024
ACC_2226,CID_1400,Saving,28739.05,15-11-2020
ACC_2227,CID_1401,Saving,81784.37,06-09-2025
ACC_2228,CID_1401,Current,371988,06-09-2025
ACC_2229,CID_1401,Demat,1646272.42,06-09-2025
ACC_2230,CID_1402,Saving,71129.56,24-10-2024
ACC_2231,CID_1403,Saving,197147.03,18-01-2025
ACC_2232,CID_1404,Saving,117935.92,16-02-2025
ACC_2233,CID_1405,Saving,11630.34,12-03-2018
ACC_2234,CID_1406,Saving,27004.91,29-09-2020
ACC_2235,CID_1406,Current,212268.17,29-09-2020
ACC_2236,CID_1406,Demat,629646,29-09-2020
ACC_2237,CID_1407,Saving,54109.75,20-09-2021
ACC_2238,CID_1408,Saving,181701.81,25-03-2024
ACC_2239,CID_1408,Current,381708.57,25-03-2024
ACC_2240,CID_1408,Demat,1995652.6,25-03-2024
ACC_2241,CID_1409,Saving,248083.7,25-12-2025
ACC_2242,CID_1409,Current,565836.98,25-12-2025
ACC_2243,CID_1409,Demat,1995636.87,25-12-2025
ACC_2244,CID_1410,Saving,104810.99,27-11-2023
ACC_2245,CID_1410,Current,733312.62,27-11-2023
ACC_2246,CID_1410,Demat,1695952.18,27-11-2023
ACC_2247,CID_1411,Saving,118346.13,16-09-2025
ACC_2248,CID_1411,Current,524923.62,16-09-2025
ACC_2249,CID_1411,Demat,884829.74,16-09-2025
ACC_2250,CID_1412,Saving,227811.85,16-07-2024
ACC_2251,CID_1413,Recurring Deposit,181620.51,03-12-2022
ACC_2252,CID_1414,Fixed Deposit,3468434.93,17-09-2024
ACC_2253,CID_1415,Saving,140334.05,21-07-2022
ACC_2254,CID_1416,Saving,121296.55,09-01-2023
ACC_2255,CID_1417,Saving,142550.89,21-08-2022
ACC_2256,CID_1418,Saving,194223.84,19-10-2020
ACC_2257,CID_1419,Saving,166642.71,08-10-2025
ACC_2258,CID_1419,Current,605940.12,08-10-2025
ACC_2259,CID_1419,Demat,1592732.62,08-10-2025
ACC_2260,CID_1420,Saving,105545.14,01-01-2020
ACC_2261,CID_1421,Saving,193274.92,03-05-2021
ACC_2262,CID_1422,Saving,104947.09,01-05-2018
ACC_2263,CID_1423,Saving,117730.14,11-11-2025
ACC_2264,CID_1423,Current,101894.37,11-11-2025
ACC_2265,CID_1423,Demat,1739570.3,11-11-2025
ACC_2266,CID_1424,Saving,42150.44,11-03-2023
ACC_2267,CID_1424,Current,73941.69,11-03-2023
ACC_2268,CID_1424,Demat,1032219.7,11-03-2023
ACC_2269,CID_1425,Saving,105878.49,13-04-2025
ACC_2270,CID_1425,Current,128325.53,13-04-2025
ACC_2271,CID_1425,Demat,1395372.75,13-04-2025
ACC_2272,CID_1426,Saving,30197.9,16-01-2024
ACC_2273,CID_1426,Current,897528.89,16-01-2024
ACC_2274,CID_1426,Demat,1797216.01,16-01-2024
ACC_2275,CID_1427,Saving,180683.81,04-03-2019
ACC_2276,CID_1428,Saving,227713.22,19-09-2020
ACC_2277,CID_1429,Fixed Deposit,1453562.8,12-08-2021
ACC_2278,CID_1430,Recurring Deposit,362130.03,06-08-2024
ACC_2279,CID_1431,Saving,2442.04,05-01-2021
ACC_2280,CID_1432,Saving,162526.49,12-02-2020
ACC_2281,CID_1432,Current,379995.21,12-02-2020
ACC_2282,CID_1432,Demat,879981.15,12-02-2020
ACC_2283,CID_1433,Fixed Deposit,493524.02,02-08-2024
ACC_2284,CID_1434,Saving,129660.57,20-10-2019
ACC_2285,CID_1435,Fixed Deposit,2139180.75,03-08-2025
ACC_2286,CID_1436,Recurring Deposit,476803.32,27-02-2025
ACC_2287,CID_1437,Saving,130024.18,23-04-2024
ACC_2288,CID_1438,Saving,71555.34,08-09-2018
ACC_2289,CID_1439,Saving,121915.61,31-05-2021
ACC_2290,CID_1439,Current,224409.73,31-05-2021
ACC_2291,CID_1439,Demat,342794.94,31-05-2021
ACC_2292,CID_1440,Saving,26976.8,25-11-2021
ACC_2293,CID_1440,Current,232442.91,25-11-2021
ACC_2294,CID_1440,Demat,560864.27,25-11-2021
ACC_2295,CID_1441,Saving,209778.1,10-11-2024
ACC_2296,CID_1442,Recurring Deposit,479968.49,13-11-2021
ACC_2297,CID_1443,Saving,122347.29,03-12-2022
ACC_2298,CID_1444,Saving,70818.46,05-11-2022
ACC_2299,CID_1445,Saving,31981.59,17-01-2024
ACC_2300,CID_1446,Saving,176727.39,04-08-2025
ACC_2301,CID_1447,Saving,108350.35,08-12-2024
ACC_2302,CID_1447,Current,263793.48,08-12-2024
ACC_2303,CID_1447,Demat,1729682.99,08-12-2024
ACC_2304,CID_1448,Recurring Deposit,402016.9,07-08-2020
ACC_2305,CID_1449,Saving,39603.43,20-07-2020
ACC_2306,CID_1449,Current,336001.83,20-07-2020
ACC_2307,CID_1449,Demat,909660.8,20-07-2020
ACC_2308,CID_1450,Saving,172140.42,06-06-2022
ACC_2309,CID_1451,Saving,233125.82,30-10-2023
ACC_2310,CID_1452,Saving,210437.04,13-01-2025
ACC_2311,CID_1452,Current,661469.3,13-01-2025
ACC_2312,CID_1452,Demat,1755759.2,13-01-2025
ACC_2313,CID_1453,Saving,2488.66,04-08-2024
ACC_2314,CID_1454,Saving,218092.65,19-02-2022
ACC_2315,CID_1454,Current,220989.34,19-02-2022
ACC_2316,CID_1454,Demat,395378.21,19-02-2022
ACC_2317,CID_1455,Saving,203560.28,08-03-2019
ACC_2318,CID_1455,Current,733827.12,08-03-2019
ACC_2319,CID_1455,Demat,568786.35,08-03-2019
ACC_2320,CID_1456,Saving,129318.4,24-08-2024
ACC_2321,CID_1457,Saving,17281.69,11-03-2020
ACC_2322,CID_1457,Current,558179.42,11-03-2020
ACC_2323,CID_1457,Demat,421051.21,11-03-2020
ACC_2324,CID_1458,Saving,153537.87,22-09-2020
ACC_2325,CID_1459,Saving,159609.8,12-09-2018
ACC_2326,CID_1459,Current,484748.83,12-09-2018
ACC_2327,CID_1459,Demat,1315597.23,12-09-2018
ACC_2328,CID_1460,Saving,73382.92,09-11-2023
ACC_2329,CID_1461,Recurring Deposit,299323.21,14-11-2022
ACC_2330,CID_1462,Saving,24585.04,28-11-2025
ACC_2331,CID_1462,Current,113255.05,28-11-2025
ACC_2332,CID_1462,Demat,1762385.9,28-11-2025
ACC_2333,CID_1463,Saving,165773.34,19-07-2021
ACC_2334,CID_1464,Saving,239100.72,06-11-2025
ACC_2335,CID_1465,Saving,174393.66,25-03-2021
ACC_2336,CID_1465,Current,705113.98,25-03-2021
ACC_2337,CID_1465,Demat,1548495.15,25-03-2021
ACC_2338,CID_1466,Saving,59097.58,27-11-2025
ACC_2339,CID_1467,Saving,212821.59,24-12-2025
ACC_2340,CID_1468,Saving,193063.77,21-09-2019
ACC_2341,CID_1468,Current,262343.65,21-09-2019
ACC_2342,CID_1468,Demat,638648.62,21-09-2019
ACC_2343,CID_1469,Saving,228136,09-12-2024
ACC_2344,CID_1470,Saving,159248.42,02-05-2021
ACC_2345,CID_1471,Saving,102747.98,21-08-2024
ACC_2346,CID_1472,Saving,156508.98,01-08-2023
ACC_2347,CID_1473,Saving,135171.94,30-11-2021
ACC_2348,CID_1474,Saving,195218.16,20-06-2021
ACC_2349,CID_1474,Current,333954.79,20-06-2021
ACC_2350,CID_1474,Demat,708637.76,20-06-2021
ACC_2351,CID_1475,Saving,12779.19,10-09-2019
ACC_2352,CID_1475,Current,211252.93,10-09-2019
ACC_2353,CID_1475,Demat,1073267.96,10-09-2019
ACC_2354,CID_1476,Saving,215000.85,01-12-2024
ACC_2355,CID_1476,Current,230105.13,01-12-2024
ACC_2356,CID_1476,Demat,1603564.36,01-12-2024
ACC_2357,CID_1477,Saving,183466.92,03-05-2025
ACC_2358,CID_1478,Saving,5497.08,19-12-2023
ACC_2359,CID_1478,Current,940414.84,19-12-2023
ACC_2360,CID_1478,Demat,209528.86,19-12-2023
ACC_2361,CID_1479,Saving,39657.9,10-03-2020
ACC_2362,CID_1479,Current,302164.97,10-03-2020
ACC_2363,CID_1479,Demat,463860.45,10-03-2020
ACC_2364,CID_1480,Recurring Deposit,406684.93,31-01-2021
ACC_2365,CID_1481,Saving,185261.17,04-03-2021
ACC_2366,CID_1482,Saving,18935.62,23-09-2019
ACC_2367,CID_1482,Current,722390.76,23-09-2019
ACC_2368,CID_1482,Demat,1525960.05,23-09-2019
ACC_2369,CID_1483,Recurring Deposit,271307.28,18-06-2023
ACC_2370,CID_1484,Saving,147254.85,12-08-2025
ACC_2371,CID_1484,Current,391732.78,12-08-2025
ACC_2372,CID_1484,Demat,1663786.07,12-08-2025
ACC_2373,CID_1485,Saving,128332.73,20-10-2020
ACC_2374,CID_1485,Current,24408.52,20-10-2020
ACC_2375,CID_1485,Demat,551729.23,20-10-2020
ACC_2376,CID_1486,Saving,242330.97,08-10-2019
ACC_2377,CID_1486,Current,576624.98,08-10-2019
ACC_2378,CID_1486,Demat,756278.55,08-10-2019
ACC_2379,CID_1487,Fixed Deposit,2809371.33,14-01-2019
ACC_2380,CID_1488,Saving,175868.43,11-05-2025
ACC_2381,CID_1488,Current,507086.91,11-05-2025
ACC_2382,CID_1488,Demat,767904.63,11-05-2025
ACC_2383,CID_1489,Fixed Deposit,3575747.88,02-09-2021
ACC_2384,CID_1490,Saving,243810.05,04-05-2024
ACC_2385,CID_1490,Current,397951.27,04-05-2024
ACC_2386,CID_1490,Demat,468070.52,04-05-2024
ACC_2387,CID_1491,Saving,77997.15,27-02-2024
ACC_2388,CID_1492,Saving,42729.3,13-02-2024
ACC_2389,CID_1493,Saving,101097.17,11-10-2023
ACC_2390,CID_1494,Fixed Deposit,3805302.18,10-12-2024
ACC_2391,CID_1495,Saving,103258.72,19-07-2023
ACC_2392,CID_1496,Saving,80700.02,30-11-2019
ACC_2393,CID_1496,Current,565747.05,30-11-2019
ACC_2394,CID_1496,Demat,816035.9,30-11-2019
ACC_2395,CID_1497,Saving,188881.96,28-10-2025
ACC_2396,CID_1498,Saving,163176.15,28-11-2023
ACC_2397,CID_1499,Saving,121007.59,06-03-2024
ACC_2398,CID_1499,Current,555252.44,06-03-2024
ACC_2399,CID_1499,Demat,1480671.56,06-03-2024
ACC_2400,CID_1500,Saving,174964.26,02-06-2023
ACC_2401,CID_1500,Current,376310.36,02-06-2023
ACC_2402,CID_1500,Demat,1514988.98,02-06-2023
ACC_2403,CID_1501,Saving,49743.22,25-10-2025
ACC_2404,CID_1502,Saving,124048.54,31-10-2022
ACC_2405,CID_1503,Saving,218616.65,23-10-2021
ACC_2406,CID_1504,Saving,109152.11,28-08-2024
ACC_2407,CID_1505,Saving,153967.57,11-06-2021
ACC_2408,CID_1506,Saving,72904.1,15-05-2024
ACC_2409,CID_1507,Saving,153692.96,28-12-2023
ACC_2410,CID_1507,Current,714760.33,28-12-2023
ACC_2411,CID_1507,Demat,1041162.67,28-12-2023
ACC_2412,CID_1508,Saving,53048.97,08-11-2024
ACC_2413,CID_1508,Current,330847,08-11-2024
ACC_2414,CID_1508,Demat,1494794.66,08-11-2024
ACC_2415,CID_1509,Recurring Deposit,237461.34,15-01-2025
ACC_2416,CID_1510,Saving,17228.48,22-01-2022
ACC_2417,CID_1511,Saving,50217.28,24-02-2025
ACC_2418,CID_1512,Saving,83093.27,03-09-2024
ACC_2419,CID_1513,Saving,148816.39,26-04-2023
ACC_2420,CID_1514,Saving,140009.44,30-10-2024
ACC_2421,CID_1515,Saving,48563.85,30-04-2019
ACC_2422,CID_1516,Recurring Deposit,184270.13,31-08-2025
ACC_2423,CID_1517,Saving,135483.74,26-05-2018
ACC_2424,CID_1517,Current,659708.2,26-05-2018
ACC_2425,CID_1517,Demat,159564.87,26-05-2018
ACC_2426,CID_1518,Saving,44992.15,19-09-2021
ACC_2427,CID_1519,Saving,199322.68,28-02-2024
ACC_2428,CID_1519,Current,587729.74,28-02-2024
ACC_2429,CID_1519,Demat,1533278.41,28-02-2024
ACC_2430,CID_1520,Recurring Deposit,302782.83,26-04-2022
ACC_2431,CID_1521,Saving,118615.01,24-05-2025
ACC_2432,CID_1521,Current,168931.29,24-05-2025
ACC_2433,CID_1521,Demat,1567813.01,24-05-2025
ACC_2434,CID_1522,Recurring Deposit,74099.34,06-11-2025
ACC_2435,CID_1523,Saving,19907.96,30-09-2024
ACC_2436,CID_1524,Saving,201904.98,12-02-2024
ACC_2437,CID_1525,Saving,82108.8,04-06-2023
ACC_2438,CID_1525,Current,500874.73,04-06-2023
ACC_2439,CID_1525,Demat,239006.51,04-06-2023
ACC_2440,CID_1526,Fixed Deposit,3534160.51,13-04-2025
ACC_2441,CID_1527,Saving,132906.03,24-10-2023
ACC_2442,CID_1528,Fixed Deposit,4169688.62,09-05-2023
ACC_2443,CID_1529,Saving,173927.39,15-05-2019
ACC_2444,CID_1530,Saving,109135.64,18-11-2020
ACC_2445,CID_1531,Saving,216601.54,18-12-2018
ACC_2446,CID_1531,Current,855516.94,18-12-2018
ACC_2447,CID_1531,Demat,1542635.84,18-12-2018
ACC_2448,CID_1532,Saving,154435.06,23-09-2023
ACC_2449,CID_1532,Current,876418.54,23-09-2023
ACC_2450,CID_1532,Demat,1841609.36,23-09-2023
ACC_2451,CID_1533,Saving,187033.31,01-10-2024
ACC_2452,CID_1534,Saving,90567.35,13-09-2024
ACC_2453,CID_1535,Saving,23980.07,10-10-2021
ACC_2454,CID_1536,Recurring Deposit,303780.43,10-02-2018
ACC_2455,CID_1537,Saving,160597.68,09-07-2024
ACC_2456,CID_1537,Current,398895.71,09-07-2024
ACC_2457,CID_1537,Demat,1991497.01,09-07-2024
ACC_2458,CID_1538,Saving,143259.14,09-02-2025
ACC_2459,CID_1539,Saving,158243.9,03-04-2025
ACC_2460,CID_1540,Recurring Deposit,324126.7,31-12-2023
ACC_2461,CID_1541,Saving,153423.66,19-03-2018
ACC_2462,CID_1542,Saving,212810.31,21-07-2023
ACC_2463,CID_1543,Saving,14483.97,22-04-2021
ACC_2464,CID_1544,Saving,78902.02,19-04-2024
ACC_2465,CID_1544,Current,858032.41,19-04-2024
ACC_2466,CID_1544,Demat,558568.94,19-04-2024
ACC_2467,CID_1545,Saving,184494.68,07-05-2021
ACC_2468,CID_1545,Current,333332.32,07-05-2021
ACC_2469,CID_1545,Demat,1345621.89,07-05-2021
ACC_2470,CID_1546,Recurring Deposit,293836.9,21-06-2022
ACC_2471,CID_1547,Recurring Deposit,202183.37,05-08-2024
ACC_2472,CID_1548,Saving,206349.36,22-12-2024
ACC_2473,CID_1549,Saving,67025.66,11-05-2021
ACC_2474,CID_1549,Current,173412.64,11-05-2021
ACC_2475,CID_1549,Demat,93794.32,11-05-2021
ACC_2476,CID_1550,Recurring Deposit,87311.14,12-06-2020
ACC_2477,CID_1551,Saving,140359.57,23-05-2025
ACC_2478,CID_1552,Saving,142259.23,04-04-2021
ACC_2479,CID_1553,Saving,22496.41,08-12-2025
ACC_2480,CID_1554,Saving,46821.89,13-05-2018
ACC_2481,CID_1555,Saving,191797.28,07-10-2018
ACC_2482,CID_1555,Current,788947.94,07-10-2018
ACC_2483,CID_1555,Demat,438964.07,07-10-2018
ACC_2484,CID_1556,Saving,219361,19-05-2018
ACC_2485,CID_1556,Current,943294.09,19-05-2018
ACC_2486,CID_1556,Demat,619025.73,19-05-2018
ACC_2487,CID_1557,Fixed Deposit,672346.73,01-11-2025
ACC_2488,CID_1558,Saving,44912.01,03-10-2023
ACC_2489,CID_1559,Saving,208901.18,23-12-2019
ACC_2490,CID_1560,Recurring Deposit,130417.69,25-09-2024
ACC_2491,CID_1561,Saving,122726.47,24-06-2025
ACC_2492,CID_1561,Current,579117.47,24-06-2025
ACC_2493,CID_1561,Demat,700974.1,24-06-2025
ACC_2494,CID_1562,Saving,207460.27,18-07-2018
ACC_2495,CID_1562,Current,687352.83,18-07-2018
ACC_2496,CID_1562,Demat,345096.91,18-07-2018
ACC_2497,CID_1563,Recurring Deposit,106120.74,04-03-2024
ACC_2498,CID_1564,Fixed Deposit,3983394.29,23-07-2022
ACC_2499,CID_1565,Recurring Deposit,276253.99,10-09-2020
ACC_2500,CID_1566,Recurring Deposit,129848.71,04-11-2022
ACC_2501,CID_1567,Fixed Deposit,2589978.8,10-06-2020
ACC_2502,CID_1568,Saving,35383.91,23-09-2018
ACC_2503,CID_1568,Current,587233.94,23-09-2018
ACC_2504,CID_1568,Demat,747704.08,23-09-2018
ACC_2505,CID_1569,Recurring Deposit,161863.65,08-02-2019
ACC_2506,CID_1570,Saving,217397.61,03-09-2024
ACC_2507,CID_1571,Saving,119136.23,26-10-2024
ACC_2508,CID_1572,Saving,228330.63,03-04-2025
ACC_2509,CID_1573,Saving,188135.27,04-11-2023
ACC_2510,CID_1574,Recurring Deposit,347554.72,23-01-2021
ACC_2511,CID_1575,Saving,61275.39,16-09-2023
ACC_2512,CID_1575,Current,723649.08,16-09-2023
ACC_2513,CID_1575,Demat,1203879.13,16-09-2023
ACC_2514,CID_1576,Saving,242706.04,13-11-2025
ACC_2515,CID_1577,Saving,193631.08,10-10-2022
ACC_2516,CID_1578,Saving,7624.52,11-04-2025
ACC_2517,CID_1578,Current,512692.15,11-04-2025
ACC_2518,CID_1578,Demat,1845095.43,11-04-2025
ACC_2519,CID_1579,Recurring Deposit,475795.45,23-02-2026
ACC_2520,CID_1580,Recurring Deposit,394496.14,08-12-2018
ACC_2521,CID_1581,Saving,198319.43,05-04-2024
ACC_2522,CID_1582,Saving,115416.64,18-07-2018
ACC_2523,CID_1583,Fixed Deposit,1513398.84,27-12-2018
ACC_2524,CID_1584,Saving,214511.67,06-09-2021
ACC_2525,CID_1585,Saving,171336.04,30-03-2021
ACC_2526,CID_1586,Saving,40252.79,25-10-2021
ACC_2527,CID_1586,Current,100813.56,25-10-2021
ACC_2528,CID_1586,Demat,1101909,25-10-2021
ACC_2529,CID_1587,Fixed Deposit,3345499.88,01-10-2025
ACC_2530,CID_1588,Fixed Deposit,488166.07,09-10-2022
ACC_2531,CID_1589,Saving,233847.97,29-09-2025
ACC_2532,CID_1590,Saving,168850.03,21-02-2025
ACC_2533,CID_1591,Recurring Deposit,174086.73,25-09-2019
ACC_2534,CID_1592,Saving,55812.66,05-04-2021
ACC_2535,CID_1592,Current,608913.81,05-04-2021
ACC_2536,CID_1592,Demat,1536848.63,05-04-2021
ACC_2537,CID_1593,Saving,897.09,16-04-2018
ACC_2538,CID_1594,Saving,19778.77,07-07-2025
ACC_2539,CID_1594,Current,230843.4,07-07-2025
ACC_2540,CID_1594,Demat,1002399.63,07-07-2025
ACC_2541,CID_1595,Saving,109132.46,14-11-2022
ACC_2542,CID_1596,Saving,38111.52,12-02-2024
ACC_2543,CID_1597,Saving,205408.12,20-07-2023
ACC_2544,CID_1597,Current,35791.83,20-07-2023
ACC_2545,CID_1597,Demat,1917232.93,20-07-2023
ACC_2546,CID_1598,Saving,129578.47,29-02-2024
ACC_2547,CID_1599,Saving,86898.57,05-02-2021
ACC_2548,CID_1600,Saving,200985.79,06-03-2022
ACC_2549,CID_1601,Saving,32620.51,22-04-2024
ACC_2550,CID_1602,Recurring Deposit,243583.55,19-06-2024
ACC_2551,CID_1603,Saving,106532.81,25-09-2024
ACC_2552,CID_1604,Fixed Deposit,4541972.24,08-02-2022
ACC_2553,CID_1605,Saving,118650.05,29-11-2023
ACC_2554,CID_1605,Current,335728.44,29-11-2023
ACC_2555,CID_1605,Demat,1072373.21,29-11-2023
ACC_2556,CID_1606,Saving,106304.25,14-08-2022
ACC_2557,CID_1607,Saving,84610.36,02-03-2021
ACC_2558,CID_1608,Recurring Deposit,307645.54,31-12-2021
ACC_2559,CID_1609,Recurring Deposit,20882.38,08-06-2025
ACC_2560,CID_1610,Saving,12993.34,14-01-2023
ACC_2561,CID_1610,Current,599728.9,14-01-2023
ACC_2562,CID_1610,Demat,741746.35,14-01-2023
ACC_2563,CID_1611,Saving,204882.75,08-11-2020
ACC_2564,CID_1612,Saving,104556.53,16-12-2021
ACC_2565,CID_1613,Saving,159177.68,30-12-2020
ACC_2566,CID_1613,Current,596183.13,30-12-2020
ACC_2567,CID_1613,Demat,717702.74,30-12-2020
ACC_2568,CID_1614,Saving,99355.53,27-01-2025
ACC_2569,CID_1615,Saving,181833.46,25-11-2018
ACC_2570,CID_1616,Fixed Deposit,1733477.54,02-04-2024
ACC_2571,CID_1617,Saving,61403.13,24-01-2019
ACC_2572,CID_1617,Current,825745.84,24-01-2019
ACC_2573,CID_1617,Demat,1670661.22,24-01-2019
ACC_2574,CID_1618,Saving,10639.92,01-11-2025
ACC_2575,CID_1618,Current,327261.89,01-11-2025
ACC_2576,CID_1618,Demat,81383.32,01-11-2025
ACC_2577,CID_1619,Saving,220568.2,19-08-2024
ACC_2578,CID_1619,Current,382531.08,19-08-2024
ACC_2579,CID_1619,Demat,1960631.64,19-08-2024
ACC_2580,CID_1620,Saving,159366.9,20-10-2025
ACC_2581,CID_1620,Current,302683.99,20-10-2025
ACC_2582,CID_1620,Demat,804475.48,20-10-2025
ACC_2583,CID_1621,Saving,220789.88,09-03-2021
ACC_2584,CID_1622,Saving,65613.45,25-10-2023
ACC_2585,CID_1623,Saving,198534,30-10-2023
ACC_2586,CID_1624,Saving,118493.14,20-02-2025
ACC_2587,CID_1625,Recurring Deposit,93671.02,02-10-2021
ACC_2588,CID_1626,Recurring Deposit,454963.46,20-07-2019
ACC_2589,CID_1627,Saving,1760.24,23-12-2023
ACC_2590,CID_1627,Current,207929.2,23-12-2023
ACC_2591,CID_1627,Demat,1565190.9,23-12-2023
ACC_2592,CID_1628,Saving,67129.79,24-02-2022
ACC_2593,CID_1628,Current,599480.37,24-02-2022
ACC_2594,CID_1628,Demat,1951915.76,24-02-2022
ACC_2595,CID_1629,Saving,177397.62,05-01-2021
ACC_2596,CID_1630,Saving,72313.91,18-09-2018
ACC_2597,CID_1630,Current,712321.57,18-09-2018
ACC_2598,CID_1630,Demat,1654815.08,18-09-2018
ACC_2599,CID_1631,Saving,149010.07,29-06-2025
ACC_2600,CID_1631,Current,541916.47,29-06-2025
ACC_2601,CID_1631,Demat,953827.76,29-06-2025
ACC_2602,CID_1632,Saving,85478.7,08-07-2018
ACC_2603,CID_1632,Current,347019.95,08-07-2018
ACC_2604,CID_1632,Demat,891544.21,08-07-2018
ACC_2605,CID_1633,Recurring Deposit,85836.69,02-02-2021
ACC_2606,CID_1634,Saving,8550.49,10-04-2019
ACC_2607,CID_1634,Current,852439.39,10-04-2019
ACC_2608,CID_1634,Demat,1935608.6,10-04-2019
ACC_2609,CID_1635,Saving,246244.33,17-12-2024
ACC_2610,CID_1635,Current,84008.91,17-12-2024
ACC_2611,CID_1635,Demat,1497281.74,17-12-2024
ACC_2612,CID_1636,Saving,79176.85,28-02-2019
ACC_2613,CID_1637,Saving,39397.17,05-09-2020
ACC_2614,CID_1637,Current,585351.95,05-09-2020
ACC_2615,CID_1637,Demat,1250408.95,05-09-2020
ACC_2616,CID_1638,Saving,248958.55,30-01-2019
ACC_2617,CID_1638,Current,24384.94,30-01-2019
ACC_2618,CID_1638,Demat,1946847.35,30-01-2019
ACC_2619,CID_1639,Saving,134629.38,21-09-2020
ACC_2620,CID_1640,Saving,99239.55,22-01-2024
ACC_2621,CID_1641,Saving,72692.57,02-07-2024
ACC_2622,CID_1641,Current,865028.4,02-07-2024
ACC_2623,CID_1641,Demat,1534914.91,02-07-2024
ACC_2624,CID_1642,Saving,88330.14,16-05-2019
ACC_2625,CID_1642,Current,218534.85,16-05-2019
ACC_2626,CID_1642,Demat,1801415.52,16-05-2019
ACC_2627,CID_1643,Saving,26856.87,28-03-2025
ACC_2628,CID_1644,Recurring Deposit,266721.69,29-05-2024
ACC_2629,CID_1645,Recurring Deposit,143855.43,15-09-2020
ACC_2630,CID_1646,Saving,218398.8,21-09-2025
ACC_2631,CID_1646,Current,400654.31,21-09-2025
ACC_2632,CID_1646,Demat,11658.07,21-09-2025
ACC_2633,CID_1647,Saving,226866.58,02-11-2023
ACC_2634,CID_1648,Saving,104858.26,04-04-2025
ACC_2635,CID_1649,Saving,35073.72,28-04-2025
ACC_2636,CID_1650,Recurring Deposit,366341.85,24-12-2020
ACC_2637,CID_1651,Saving,62860.22,22-01-2026
ACC_2638,CID_1652,Recurring Deposit,475971.19,11-04-2024
ACC_2639,CID_1653,Saving,197575.03,25-10-2024
ACC_2640,CID_1653,Current,389950.04,25-10-2024
ACC_2641,CID_1653,Demat,1025114.23,25-10-2024
ACC_2642,CID_1654,Saving,218725.22,26-10-2025
ACC_2643,CID_1655,Saving,178341.73,08-01-2026
ACC_2644,CID_1655,Current,200585.52,08-01-2026
ACC_2645,CID_1655,Demat,269636.86,08-01-2026
ACC_2646,CID_1656,Saving,144611.76,02-12-2019
ACC_2647,CID_1657,Recurring Deposit,494866.95,23-05-2025
ACC_2648,CID_1658,Saving,160524.13,17-10-2024
ACC_2649,CID_1658,Current,803883.29,17-10-2024
ACC_2650,CID_1658,Demat,1676561.52,17-10-2024
ACC_2651,CID_1659,Recurring Deposit,35851.29,28-04-2022
ACC_2652,CID_1660,Saving,101883.5,09-12-2024
ACC_2653,CID_1661,Saving,96636.24,03-05-2024
ACC_2654,CID_1661,Current,783259.69,03-05-2024
ACC_2655,CID_1661,Demat,1915361.76,03-05-2024
ACC_2656,CID_1662,Fixed Deposit,3238975.81,01-01-2025
ACC_2657,CID_1663,Recurring Deposit,363289.84,14-09-2019
ACC_2658,CID_1664,Saving,205667.78,31-07-2023
ACC_2659,CID_1664,Current,768992.75,31-07-2023
ACC_2660,CID_1664,Demat,729929.67,31-07-2023
ACC_2661,CID_1665,Saving,196962.17,08-11-2019
ACC_2662,CID_1666,Saving,189606.14,28-10-2021
ACC_2663,CID_1667,Saving,103516.82,12-03-2021
ACC_2664,CID_1668,Saving,61145.63,24-06-2025
ACC_2665,CID_1668,Current,483108.41,24-06-2025
ACC_2666,CID_1668,Demat,532692.87,24-06-2025
ACC_2667,CID_1669,Saving,18980.35,23-07-2020
ACC_2668,CID_1669,Current,899296.12,23-07-2020
ACC_2669,CID_1669,Demat,985695.98,23-07-2020
ACC_2670,CID_1670,Saving,111445.68,13-11-2025
ACC_2671,CID_1671,Recurring Deposit,297619.64,22-09-2021
ACC_2672,CID_1672,Saving,72463.39,13-06-2025
ACC_2673,CID_1672,Current,221800.52,13-06-2025
ACC_2674,CID_1672,Demat,744847.98,13-06-2025
ACC_2675,CID_1673,Recurring Deposit,79992.92,21-09-2018
ACC_2676,CID_1674,Recurring Deposit,336966.08,24-11-2020
ACC_2677,CID_1675,Saving,73437.05,13-05-2023
ACC_2678,CID_1676,Saving,212804.33,30-10-2019
ACC_2679,CID_1677,Recurring Deposit,130451.17,05-11-2022
ACC_2680,CID_1678,Recurring Deposit,450102,23-03-2023
ACC_2681,CID_1679,Saving,125523.27,17-06-2021
ACC_2682,CID_1680,Fixed Deposit,2431376.46,30-09-2021
ACC_2683,CID_1681,Saving,224334.83,27-03-2020
ACC_2684,CID_1682,Saving,85920.57,13-09-2025
ACC_2685,CID_1683,Saving,37947.09,14-09-2025
ACC_2686,CID_1683,Current,609032.59,14-09-2025
ACC_2687,CID_1683,Demat,1458879.83,14-09-2025
ACC_2688,CID_1684,Saving,89447.12,11-02-2022
ACC_2689,CID_1684,Current,459862.39,11-02-2022
ACC_2690,CID_1684,Demat,1825841.5,11-02-2022
ACC_2691,CID_1685,Saving,57478.64,22-02-2025
ACC_2692,CID_1685,Current,203327.45,22-02-2025
ACC_2693,CID_1685,Demat,1330166.95,22-02-2025
ACC_2694,CID_1686,Fixed Deposit,2542008.35,07-03-2019
ACC_2695,CID_1687,Saving,211728.1,23-07-2020
ACC_2696,CID_1687,Current,538191.36,23-07-2020
ACC_2697,CID_1687,Demat,163497.35,23-07-2020
ACC_2698,CID_1688,Saving,130975.72,02-03-2024
ACC_2699,CID_1689,Saving,184989.23,01-09-2023
ACC_2700,CID_1689,Current,690009.34,01-09-2023
ACC_2701,CID_1689,Demat,1303360.4,01-09-2023
ACC_2702,CID_1690,Saving,179486.39,26-09-2023
ACC_2703,CID_1690,Current,178253.24,26-09-2023
ACC_2704,CID_1690,Demat,1958858.09,26-09-2023
ACC_2705,CID_1691,Saving,47908.53,27-12-2024
ACC_2706,CID_1692,Saving,76038.83,26-12-2023
ACC_2707,CID_1693,Saving,145526.97,10-05-2022
ACC_2708,CID_1694,Saving,220469.36,28-04-2019
ACC_2709,CID_1694,Current,52031.72,28-04-2019
ACC_2710,CID_1694,Demat,1581082.17,28-04-2019
ACC_2711,CID_1695,Saving,29543.39,09-08-2020
ACC_2712,CID_1695,Current,84302.82,09-08-2020
ACC_2713,CID_1695,Demat,398805.5,09-08-2020
ACC_2714,CID_1696,Saving,149774.3,29-11-2019
ACC_2715,CID_1696,Current,300661,29-11-2019
ACC_2716,CID_1696,Demat,24156.94,29-11-2019
ACC_2717,CID_1697,Fixed Deposit,3889205.36,24-02-2021
ACC_2718,CID_1698,Saving,189007.99,27-01-2023
ACC_2719,CID_1699,Saving,150537.86,05-09-2025
ACC_2720,CID_1700,Saving,121078.27,07-06-2021
ACC_2721,CID_1701,Saving,133281.41,31-01-2019
ACC_2722,CID_1702,Saving,140535.45,12-02-2023
ACC_2723,CID_1702,Current,309495.21,12-02-2023
ACC_2724,CID_1702,Demat,882887.38,12-02-2023
ACC_2725,CID_1703,Saving,243601.42,01-05-2021
ACC_2726,CID_1704,Saving,190229.23,27-04-2023
ACC_2727,CID_1705,Recurring Deposit,171873.43,03-10-2025
ACC_2728,CID_1706,Fixed Deposit,3816634.71,24-09-2018
ACC_2729,CID_1707,Saving,191721.92,20-12-2023
ACC_2730,CID_1708,Saving,152576.91,11-05-2020
ACC_2731,CID_1709,Saving,48380.06,08-07-2019
ACC_2732,CID_1710,Saving,165816.39,13-02-2024
ACC_2733,CID_1711,Saving,197292.78,11-12-2020
ACC_2734,CID_1712,Saving,233615.33,26-12-2025
ACC_2735,CID_1713,Saving,181814.05,21-11-2024
ACC_2736,CID_1714,Saving,98688.78,28-09-2019
ACC_2737,CID_1715,Fixed Deposit,285984.05,05-02-2022
ACC_2738,CID_1716,Saving,201440,26-06-2020
ACC_2739,CID_1716,Current,975010.77,26-06-2020
ACC_2740,CID_1716,Demat,1535261.96,26-06-2020
ACC_2741,CID_1717,Saving,52547.96,05-04-2025
ACC_2742,CID_1717,Current,716956.03,05-04-2025
ACC_2743,CID_1717,Demat,593119.8,05-04-2025
ACC_2744,CID_1718,Saving,107160.84,31-12-2022
ACC_2745,CID_1718,Current,383023.93,31-12-2022
ACC_2746,CID_1718,Demat,1118345.99,31-12-2022
ACC_2747,CID_1719,Saving,214172.66,06-04-2022
ACC_2748,CID_1720,Saving,40524.28,02-03-2023
ACC_2749,CID_1721,Saving,238035.32,17-02-2025
ACC_2750,CID_1721,Current,946761.41,17-02-2025
ACC_2751,CID_1721,Demat,1563549.75,17-02-2025
ACC_2752,CID_1722,Recurring Deposit,125673.22,21-05-2025
ACC_2753,CID_1723,Saving,14500.58,15-01-2019
ACC_2754,CID_1724,Saving,230939.72,10-12-2025
ACC_2755,CID_1725,Saving,220272.01,21-02-2020
ACC_2756,CID_1726,Saving,183246.03,03-05-2024
ACC_2757,CID_1727,Saving,75064.48,05-06-2020
ACC_2758,CID_1727,Current,200794.31,05-06-2020
ACC_2759,CID_1727,Demat,180570.29,05-06-2020
ACC_2760,CID_1728,Saving,136872.99,26-10-2021
ACC_2761,CID_1728,Current,661030.1,26-10-2021
ACC_2762,CID_1728,Demat,1115565.49,26-10-2021
ACC_2763,CID_1729,Saving,192591.52,29-11-2021
ACC_2764,CID_1730,Recurring Deposit,373889.33,20-04-2025
ACC_2765,CID_1731,Saving,117347.44,03-11-2023
ACC_2766,CID_1731,Current,461342.89,03-11-2023
ACC_2767,CID_1731,Demat,669359.14,03-11-2023
ACC_2768,CID_1732,Recurring Deposit,12546.02,27-09-2024
ACC_2769,CID_1733,Saving,107119.07,11-03-2023
ACC_2770,CID_1733,Current,806258.75,11-03-2023
ACC_2771,CID_1733,Demat,1597203.51,11-03-2023
ACC_2772,CID_1734,Saving,247415.95,24-06-2025
ACC_2773,CID_1734,Current,374100.89,24-06-2025
ACC_2774,CID_1734,Demat,1133600.61,24-06-2025
ACC_2775,CID_1735,Saving,199670.42,01-08-2024
ACC_2776,CID_1735,Current,790347.37,01-08-2024
ACC_2777,CID_1735,Demat,986558.89,01-08-2024
ACC_2778,CID_1736,Saving,19350.37,25-03-2019
ACC_2779,CID_1737,Saving,28527.56,05-07-2022
ACC_2780,CID_1737,Current,159065.69,05-07-2022
ACC_2781,CID_1737,Demat,1029433.22,05-07-2022
ACC_2782,CID_1738,Saving,152702.85,30-06-2024
ACC_2783,CID_1739,Saving,204530.06,21-01-2024
ACC_2784,CID_1740,Fixed Deposit,3697293.58,16-06-2025
ACC_2785,CID_1741,Saving,144018.33,13-04-2019
ACC_2786,CID_1742,Recurring Deposit,410284.05,22-08-2022
ACC_2787,CID_1743,Saving,143897.09,02-09-2018
ACC_2788,CID_1743,Current,7347.6,02-09-2018
ACC_2789,CID_1743,Demat,1657304.17,02-09-2018
ACC_2790,CID_1744,Saving,80934.88,18-06-2023
ACC_2791,CID_1745,Saving,168797.31,26-09-2024
ACC_2792,CID_1746,Saving,50482.72,23-08-2019
ACC_2793,CID_1747,Saving,220137.78,19-12-2025
ACC_2794,CID_1747,Current,867375.88,19-12-2025
ACC_2795,CID_1747,Demat,309446.54,19-12-2025
ACC_2796,CID_1748,Saving,45805.89,31-03-2018
ACC_2797,CID_1748,Current,27198.27,31-03-2018
ACC_2798,CID_1748,Demat,1205833.33,31-03-2018
ACC_2799,CID_1749,Saving,87455.64,01-11-2025
ACC_2800,CID_1750,Saving,232152.14,24-12-2025
ACC_2801,CID_1751,Saving,106358.77,25-06-2020
ACC_2802,CID_1752,Recurring Deposit,386400.32,01-01-2026
ACC_2803,CID_1753,Saving,31215.97,05-11-2023
ACC_2804,CID_1754,Recurring Deposit,427239.87,26-07-2024
ACC_2805,CID_1755,Saving,100094.96,16-07-2025
ACC_2806,CID_1756,Saving,203717.6,24-10-2022
ACC_2807,CID_1756,Current,93758.97,24-10-2022
ACC_2808,CID_1756,Demat,354318.08,24-10-2022
ACC_2809,CID_1757,Saving,52804.67,25-02-2022
ACC_2810,CID_1758,Recurring Deposit,159122.91,17-02-2018
ACC_2811,CID_1759,Recurring Deposit,180569.38,19-05-2022
ACC_2812,CID_1760,Recurring Deposit,9056.58,09-06-2021
ACC_2813,CID_1761,Recurring Deposit,50932.95,22-07-2019
ACC_2814,CID_1762,Saving,236512.18,06-10-2023
ACC_2815,CID_1763,Fixed Deposit,431412.84,19-10-2021
ACC_2816,CID_1764,Saving,118104.68,24-08-2024
ACC_2817,CID_1764,Current,951357.84,24-08-2024
ACC_2818,CID_1764,Demat,553058.68,24-08-2024
ACC_2819,CID_1765,Saving,62625.03,15-11-2019
ACC_2820,CID_1766,Recurring Deposit,70969.96,01-08-2019
ACC_2821,CID_1767,Saving,149253.02,20-09-2023
ACC_2822,CID_1767,Current,210615.77,20-09-2023
ACC_2823,CID_1767,Demat,1480999.18,20-09-2023
ACC_2824,CID_1768,Saving,39791.93,06-09-2019
ACC_2825,CID_1769,Saving,38269.43,01-01-2026
ACC_2826,CID_1770,Recurring Deposit,393491.83,19-09-2024
ACC_2827,CID_1771,Saving,76863.17,18-03-2021
ACC_2828,CID_1771,Current,625687.18,18-03-2021
ACC_2829,CID_1771,Demat,1818416.8,18-03-2021
ACC_2830,CID_1772,Saving,6944.59,11-09-2024
ACC_2831,CID_1773,Saving,183870.23,14-01-2022
ACC_2832,CID_1774,Saving,190744.32,16-09-2022
ACC_2833,CID_1775,Saving,25478.75,13-08-2023
ACC_2834,CID_1775,Current,349317.74,13-08-2023
ACC_2835,CID_1775,Demat,449285.86,13-08-2023
ACC_2836,CID_1776,Fixed Deposit,2327522.27,07-09-2025
ACC_2837,CID_1777,Saving,151016.14,22-03-2020
ACC_2838,CID_1778,Recurring Deposit,449874.95,22-12-2018
ACC_2839,CID_1779,Saving,91712.89,28-11-2021
ACC_2840,CID_1780,Saving,123454.03,14-10-2022
ACC_2841,CID_1781,Saving,55218.13,06-09-2019
ACC_2842,CID_1781,Current,130677.8,06-09-2019
ACC_2843,CID_1781,Demat,1884866.81,06-09-2019
ACC_2844,CID_1782,Saving,185924.72,18-11-2018
ACC_2845,CID_1782,Current,717550.8,18-11-2018
ACC_2846,CID_1782,Demat,568188.06,18-11-2018
ACC_2847,CID_1783,Saving,46564.38,17-10-2020
ACC_2848,CID_1784,Saving,177759.89,14-05-2018
ACC_2849,CID_1784,Current,462687.01,14-05-2018
ACC_2850,CID_1784,Demat,1183615.39,14-05-2018
ACC_2851,CID_1785,Saving,224933.27,06-03-2025
ACC_2852,CID_1786,Saving,145052.46,28-11-2020
ACC_2853,CID_1787,Saving,12480.6,09-04-2024
ACC_2854,CID_1788,Saving,36167.14,26-09-2018
ACC_2855,CID_1788,Current,35079.93,26-09-2018
ACC_2856,CID_1788,Demat,1590570.57,26-09-2018
ACC_2857,CID_1789,Saving,120453.71,15-09-2022
ACC_2858,CID_1790,Saving,217446.7,26-11-2020
ACC_2859,CID_1790,Current,970808.99,26-11-2020
ACC_2860,CID_1790,Demat,814285.43,26-11-2020
ACC_2861,CID_1791,Saving,66069.76,01-07-2023
ACC_2862,CID_1791,Current,440423.13,01-07-2023
ACC_2863,CID_1791,Demat,1491196.06,01-07-2023
ACC_2864,CID_1792,Saving,249173.08,18-10-2025
ACC_2865,CID_1793,Saving,201843.63,24-10-2023
ACC_2866,CID_1793,Current,487867.79,24-10-2023
ACC_2867,CID_1793,Demat,1100057.07,24-10-2023
ACC_2868,CID_1794,Fixed Deposit,3818713.93,26-12-2019
ACC_2869,CID_1795,Saving,160752.03,16-07-2022
ACC_2870,CID_1796,Saving,114629.64,25-07-2019
ACC_2871,CID_1797,Saving,178317.49,21-03-2023
ACC_2872,CID_1798,Saving,113414.92,12-08-2024
ACC_2873,CID_1798,Current,553745.24,12-08-2024
ACC_2874,CID_1798,Demat,1879399.51,12-08-2024
ACC_2875,CID_1799,Saving,205096.64,28-07-2019
ACC_2876,CID_1799,Current,885738.65,28-07-2019
ACC_2877,CID_1799,Demat,1024254.72,28-07-2019
ACC_2878,CID_1800,Recurring Deposit,100139.88,20-03-2022
ACC_2879,CID_1801,Recurring Deposit,281878.62,01-10-2021
ACC_2880,CID_1802,Saving,200164.87,24-04-2023
ACC_2881,CID_1802,Current,363293.49,24-04-2023
ACC_2882,CID_1802,Demat,464694.97,24-04-2023
ACC_2883,CID_1803,Saving,170259.03,05-04-2025
ACC_2884,CID_1804,Recurring Deposit,421776.16,07-04-2024
ACC_2885,CID_1805,Saving,50947.93,14-08-2019
ACC_2886,CID_1806,Saving,97748.21,04-03-2022
ACC_2887,CID_1807,Recurring Deposit,161638.72,17-01-2025
ACC_2888,CID_1808,Saving,139161.47,01-04-2020
ACC_2889,CID_1809,Saving,183498.39,14-09-2025
ACC_2890,CID_1809,Current,594390.95,14-09-2025
ACC_2891,CID_1809,Demat,138295.53,14-09-2025
ACC_2892,CID_1810,Saving,120492.56,02-03-2020
ACC_2893,CID_1810,Current,161092.7,02-03-2020
ACC_2894,CID_1810,Demat,1944329.55,02-03-2020
ACC_2895,CID_1811,Saving,105042.82,21-08-2022
ACC_2896,CID_1812,Fixed Deposit,361952.87,25-09-2019
ACC_2897,CID_1813,Saving,100659.41,08-01-2025
ACC_2898,CID_1813,Current,726252.98,08-01-2025
ACC_2899,CID_1813,Demat,1173929.81,08-01-2025
ACC_2900,CID_1814,Saving,111123.65,20-11-2021
ACC_2901,CID_1814,Current,672565.83,20-11-2021
ACC_2902,CID_1814,Demat,1522366.27,20-11-2021
ACC_2903,CID_1815,Saving,130394.76,13-09-2022
ACC_2904,CID_1815,Current,524716.72,13-09-2022
ACC_2905,CID_1815,Demat,1544457.77,13-09-2022
ACC_2906,CID_1816,Saving,165275.15,25-09-2023
ACC_2907,CID_1816,Current,299523.39,25-09-2023
ACC_2908,CID_1816,Demat,254104.66,25-09-2023
ACC_2909,CID_1817,Saving,18065.48,28-02-2025
ACC_2910,CID_1817,Current,979013.97,28-02-2025
ACC_2911,CID_1817,Demat,1821459.8,28-02-2025
ACC_2912,CID_1818,Saving,222833.63,11-02-2018
ACC_2913,CID_1819,Saving,106764.69,11-07-2021
ACC_2914,CID_1820,Recurring Deposit,244164.75,05-07-2020
ACC_2915,CID_1821,Saving,26211.02,05-02-2023
ACC_2916,CID_1821,Current,997607.7,05-02-2023
ACC_2917,CID_1821,Demat,1208615.56,05-02-2023
ACC_2918,CID_1822,Saving,217405.64,27-08-2022
ACC_2919,CID_1822,Current,665245.7,27-08-2022
ACC_2920,CID_1822,Demat,1674234.69,27-08-2022
ACC_2921,CID_1823,Saving,159695.95,15-06-2025
ACC_2922,CID_1823,Current,865302.08,15-06-2025
ACC_2923,CID_1823,Demat,564006.11,15-06-2025
ACC_2924,CID_1824,Saving,105201.52,13-05-2019
ACC_2925,CID_1825,Saving,3725.06,17-03-2019
ACC_2926,CID_1825,Current,713382.52,17-03-2019
ACC_2927,CID_1825,Demat,973669.77,17-03-2019
ACC_2928,CID_1826,Saving,147975.57,20-01-2021
ACC_2929,CID_1826,Current,665962.86,20-01-2021
ACC_2930,CID_1826,Demat,212411.08,20-01-2021
ACC_2931,CID_1827,Saving,209434.3,19-11-2019
ACC_2932,CID_1827,Current,376446.52,19-11-2019
ACC_2933,CID_1827,Demat,1040338.74,19-11-2019
ACC_2934,CID_1828,Saving,209632.31,06-05-2022
ACC_2935,CID_1829,Saving,241699.04,07-01-2018
ACC_2936,CID_1830,Saving,168316.04,03-06-2019
ACC_2937,CID_1830,Current,903885.82,03-06-2019
ACC_2938,CID_1830,Demat,846549.51,03-06-2019
ACC_2939,CID_1831,Saving,161948.57,08-11-2020
ACC_2940,CID_1831,Current,440804.84,08-11-2020
ACC_2941,CID_1831,Demat,924182.22,08-11-2020
ACC_2942,CID_1832,Saving,201402.54,02-02-2026
ACC_2943,CID_1833,Saving,141949.03,15-05-2025
ACC_2944,CID_1834,Saving,25151.65,24-11-2021
ACC_2945,CID_1834,Current,920749.02,24-11-2021
ACC_2946,CID_1834,Demat,1604781.02,24-11-2021
ACC_2947,CID_1835,Saving,204682.92,30-12-2023
ACC_2948,CID_1835,Current,344705.67,30-12-2023
ACC_2949,CID_1835,Demat,1947291.23,30-12-2023
ACC_2950,CID_1836,Recurring Deposit,162931.69,02-01-2022
ACC_2951,CID_1837,Fixed Deposit,1054811.28,05-04-2023
ACC_2952,CID_1838,Saving,185305.84,16-12-2023
ACC_2953,CID_1838,Current,753565.84,16-12-2023
ACC_2954,CID_1838,Demat,1563031.61,16-12-2023
ACC_2955,CID_1839,Saving,88275.27,19-03-2024
ACC_2956,CID_1840,Fixed Deposit,515477.86,06-04-2019
ACC_2957,CID_1841,Saving,78574.62,07-05-2023
ACC_2958,CID_1842,Fixed Deposit,1018724.1,14-11-2022
ACC_2959,CID_1843,Saving,201571.43,11-11-2025
ACC_2960,CID_1843,Current,895884.45,11-11-2025
ACC_2961,CID_1843,Demat,1510767.84,11-11-2025
ACC_2962,CID_1844,Saving,145670.79,15-07-2019
ACC_2963,CID_1845,Saving,140341.08,22-07-2024
ACC_2964,CID_1845,Current,757013.81,22-07-2024
ACC_2965,CID_1845,Demat,1078817.45,22-07-2024
ACC_2966,CID_1846,Saving,23794.24,04-07-2025
ACC_2967,CID_1847,Saving,213126.1,31-05-2019
ACC_2968,CID_1847,Current,146619.68,31-05-2019
ACC_2969,CID_1847,Demat,683627.08,31-05-2019
ACC_2970,CID_1848,Saving,230353.95,28-07-2018
ACC_2971,CID_1848,Current,104522.4,28-07-2018
ACC_2972,CID_1848,Demat,1912369.54,28-07-2018
ACC_2973,CID_1849,Recurring Deposit,162594.31,14-06-2022
ACC_2974,CID_1850,Saving,137222.81,13-07-2023
ACC_2975,CID_1851,Saving,173922.24,07-11-2019
ACC_2976,CID_1852,Saving,162149.82,18-08-2024
ACC_2977,CID_1853,Saving,241165.33,05-04-2023
ACC_2978,CID_1854,Saving,110018,18-10-2023
ACC_2979,CID_1854,Current,556766.03,18-10-2023
ACC_2980,CID_1854,Demat,1996753.33,18-10-2023
ACC_2981,CID_1855,Recurring Deposit,290866.91,16-12-2025
ACC_2982,CID_1856,Fixed Deposit,1941647.93,05-05-2025
ACC_2983,CID_1857,Recurring Deposit,401909.62,15-11-2022
ACC_2984,CID_1858,Saving,231413.7,24-11-2022
ACC_2985,CID_1859,Saving,239543.73,12-08-2018
ACC_2986,CID_1860,Saving,134799.72,24-05-2023
ACC_2987,CID_1861,Saving,246383.3,29-11-2025
ACC_2988,CID_1862,Saving,206660.29,20-08-2022
ACC_2989,CID_1863,Saving,175685.05,04-02-2021
ACC_2990,CID_1863,Current,976516.52,04-02-2021
ACC_2991,CID_1863,Demat,1643049.68,04-02-2021
ACC_2992,CID_1864,Saving,13773.76,21-11-2020
ACC_2993,CID_1865,Saving,147970.2,24-09-2023
ACC_2994,CID_1865,Current,65593.1,24-09-2023
ACC_2995,CID_1865,Demat,1991598.25,24-09-2023
ACC_2996,CID_1866,Saving,139969.51,26-06-2025
ACC_2997,CID_1867,Saving,216960.5,13-10-2023
ACC_2998,CID_1868,Saving,238706.2,28-08-2025
ACC_2999,CID_1869,Recurring Deposit,364152.49,25-03-2021
ACC_3000,CID_1870,Recurring Deposit,471431.33,11-12-2023
ACC_3001,CID_1871,Saving,113301.87,28-10-2020
ACC_3002,CID_1871,Current,538857.3,28-10-2020
ACC_3003,CID_1871,Demat,1350961.9,28-10-2020
ACC_3004,CID_1872,Saving,199704.88,26-05-2021
ACC_3005,CID_1872,Current,508446.98,26-05-2021
ACC_3006,CID_1872,Demat,817248.29,26-05-2021
ACC_3007,CID_1873,Saving,78957.42,26-07-2025
ACC_3008,CID_1873,Current,7768.57,26-07-2025
ACC_3009,CID_1873,Demat,1221140.9,26-07-2025
ACC_3010,CID_1874,Recurring Deposit,36435.68,13-02-2021
ACC_3011,CID_1875,Saving,182729.9,17-05-2024
ACC_3012,CID_1876,Recurring Deposit,494805.5,06-07-2020
ACC_3013,CID_1877,Recurring Deposit,364604.89,13-07-2021
ACC_3014,CID_1878,Recurring Deposit,287427.44,08-11-2019
ACC_3015,CID_1879,Recurring Deposit,70116.24,25-10-2021
ACC_3016,CID_1880,Saving,78143.25,10-02-2022
ACC_3017,CID_1880,Current,178233.54,10-02-2022
ACC_3018,CID_1880,Demat,863569.98,10-02-2022
ACC_3019,CID_1881,Saving,100656.22,25-04-2025
ACC_3020,CID_1882,Saving,85260.18,08-11-2022
ACC_3021,CID_1883,Saving,5589.99,22-09-2020
ACC_3022,CID_1883,Current,606553.27,22-09-2020
ACC_3023,CID_1883,Demat,1964110.2,22-09-2020
ACC_3024,CID_1884,Saving,24324.84,24-02-2025
ACC_3025,CID_1885,Saving,1662.93,13-09-2024
ACC_3026,CID_1885,Current,385368.77,13-09-2024
ACC_3027,CID_1885,Demat,60168.85,13-09-2024
ACC_3028,CID_1886,Fixed Deposit,4779001.39,11-05-2022
ACC_3029,CID_1887,Saving,124801.24,05-12-2018
ACC_3030,CID_1887,Current,535678.78,05-12-2018
ACC_3031,CID_1887,Demat,1951669.87,05-12-2018
ACC_3032,CID_1888,Saving,39090.46,21-06-2025
ACC_3033,CID_1888,Current,374794.14,21-06-2025
ACC_3034,CID_1888,Demat,357971.94,21-06-2025
ACC_3035,CID_1889,Fixed Deposit,895685.14,23-12-2023
ACC_3036,CID_1890,Saving,233855.61,19-10-2022
ACC_3037,CID_1891,Saving,27389.84,07-09-2019
ACC_3038,CID_1892,Saving,25380.53,29-03-2023
ACC_3039,CID_1893,Recurring Deposit,460079.57,28-06-2018
ACC_3040,CID_1894,Saving,208026.65,03-11-2019
ACC_3041,CID_1894,Current,784278.59,03-11-2019
ACC_3042,CID_1894,Demat,1888302.15,03-11-2019
ACC_3043,CID_1895,Saving,35774.65,12-07-2019
ACC_3044,CID_1896,Saving,89901.19,23-10-2022
ACC_3045,CID_1897,Fixed Deposit,2959754.74,03-06-2023
ACC_3046,CID_1898,Recurring Deposit,456021.65,14-03-2022
ACC_3047,CID_1899,Saving,133215.46,17-06-2022
ACC_3048,CID_1899,Current,394790.73,17-06-2022
ACC_3049,CID_1899,Demat,1095030.34,17-06-2022
ACC_3050,CID_1900,Saving,34301.18,08-12-2025
ACC_3051,CID_1900,Current,763759.09,08-12-2025
ACC_3052,CID_1900,Demat,589453.51,08-12-2025
ACC_3053,CID_1901,Saving,21056.03,23-06-2022
ACC_3054,CID_1902,Saving,80717.87,17-06-2022
ACC_3055,CID_1903,Saving,248075.7,18-03-2018
ACC_3056,CID_1904,Saving,207898.67,13-06-2021
ACC_3057,CID_1905,Saving,223077.09,25-09-2022
ACC_3058,CID_1905,Current,748103.53,25-09-2022
ACC_3059,CID_1905,Demat,1144693.45,25-09-2022
ACC_3060,CID_1906,Recurring Deposit,267611.77,03-11-2024
ACC_3061,CID_1907,Saving,47465.63,05-12-2022
ACC_3062,CID_1908,Fixed Deposit,4369788.97,24-06-2023
ACC_3063,CID_1909,Saving,93020.57,15-01-2025
ACC_3064,CID_1910,Saving,114579.82,20-10-2022
ACC_3065,CID_1911,Saving,178651.63,19-10-2021
ACC_3066,CID_1912,Recurring Deposit,8780.76,14-06-2024
ACC_3067,CID_1913,Saving,231115.9,12-03-2025
ACC_3068,CID_1914,Saving,203502.62,15-12-2024
ACC_3069,CID_1914,Current,831472.73,15-12-2024
ACC_3070,CID_1914,Demat,1968881.92,15-12-2024
ACC_3071,CID_1915,Fixed Deposit,2015774.08,11-03-2019
ACC_3072,CID_1916,Saving,167298.93,22-08-2025
ACC_3073,CID_1917,Recurring Deposit,451141.82,13-06-2019
ACC_3074,CID_1918,Saving,219730.92,02-02-2026
ACC_3075,CID_1918,Current,736896.93,02-02-2026
ACC_3076,CID_1918,Demat,548866.8,02-02-2026
ACC_3077,CID_1919,Saving,103703.14,29-01-2026
ACC_3078,CID_1920,Recurring Deposit,127459.32,02-09-2023
ACC_3079,CID_1921,Saving,99169.38,03-01-2026
ACC_3080,CID_1922,Saving,172530.09,17-02-2023
ACC_3081,CID_1922,Current,71453.83,17-02-2023
ACC_3082,CID_1922,Demat,233188.85,17-02-2023
ACC_3083,CID_1923,Saving,82180.95,28-05-2019
ACC_3084,CID_1924,Recurring Deposit,199704.06,14-01-2021
ACC_3085,CID_1925,Fixed Deposit,1314880.96,27-01-2019
ACC_3086,CID_1926,Saving,221457.11,17-06-2023
ACC_3087,CID_1926,Current,202923.98,17-06-2023
ACC_3088,CID_1926,Demat,177573.61,17-06-2023
ACC_3089,CID_1927,Recurring Deposit,18811.9,09-10-2021
ACC_3090,CID_1928,Saving,208357.14,21-11-2021
ACC_3091,CID_1929,Saving,17316.39,13-07-2023
ACC_3092,CID_1930,Saving,36118.3,15-04-2023
ACC_3093,CID_1931,Saving,233437.09,14-11-2019
ACC_3094,CID_1931,Current,767023.39,14-11-2019
ACC_3095,CID_1931,Demat,381994,14-11-2019
ACC_3096,CID_1932,Saving,142415.94,11-07-2018
ACC_3097,CID_1932,Current,948640.83,11-07-2018
ACC_3098,CID_1932,Demat,685988.25,11-07-2018
ACC_3099,CID_1933,Saving,225439.92,06-11-2021
ACC_3100,CID_1934,Saving,38697.83,05-01-2024
ACC_3101,CID_1935,Saving,156989.8,28-10-2021
ACC_3102,CID_1936,Saving,217898.66,05-03-2021
ACC_3103,CID_1937,Saving,132374.87,04-05-2024
ACC_3104,CID_1938,Saving,137007.28,09-11-2021
ACC_3105,CID_1938,Current,318236,09-11-2021
ACC_3106,CID_1938,Demat,227174.77,09-11-2021
ACC_3107,CID_1939,Saving,133801.3,08-10-2024
ACC_3108,CID_1939,Current,618967.64,08-10-2024
ACC_3109,CID_1939,Demat,343980.91,08-10-2024
ACC_3110,CID_1940,Saving,26396.25,17-11-2018
ACC_3111,CID_1941,Saving,15075.18,25-11-2020
ACC_3112,CID_1942,Fixed Deposit,3813259.49,13-10-2024
ACC_3113,CID_1943,Saving,18944.04,14-01-2024
ACC_3114,CID_1944,Recurring Deposit,193641.32,08-01-2026
ACC_3115,CID_1945,Fixed Deposit,1195968.55,28-08-2020
ACC_3116,CID_1946,Saving,247000.38,19-03-2018
ACC_3117,CID_1947,Saving,224694.9,15-08-2025
ACC_3118,CID_1947,Current,454768.97,15-08-2025
ACC_3119,CID_1947,Demat,1759491.4,15-08-2025
ACC_3120,CID_1948,Saving,44001.11,21-08-2022
ACC_3121,CID_1949,Saving,185131.39,12-10-2024
ACC_3122,CID_1950,Saving,102887.68,12-10-2022
ACC_3123,CID_1951,Saving,31693.54,16-01-2023
ACC_3124,CID_1951,Current,626873.41,16-01-2023
ACC_3125,CID_1951,Demat,420161.34,16-01-2023
ACC_3126,CID_1952,Saving,104722.54,26-10-2024
ACC_3127,CID_1952,Current,733715.84,26-10-2024
ACC_3128,CID_1952,Demat,890566.31,26-10-2024
ACC_3129,CID_1953,Saving,166510.67,12-10-2025
ACC_3130,CID_1954,Saving,178291.17,15-10-2025
ACC_3131,CID_1955,Saving,182462.05,05-08-2024
ACC_3132,CID_1955,Current,784341.65,05-08-2024
ACC_3133,CID_1955,Demat,730012.74,05-08-2024
ACC_3134,CID_1956,Fixed Deposit,2046958.37,03-10-2025
ACC_3135,CID_1957,Saving,98510.98,27-03-2025
ACC_3136,CID_1957,Current,470762.22,27-03-2025
ACC_3137,CID_1957,Demat,1087943.27,27-03-2025
ACC_3138,CID_1958,Fixed Deposit,3875142.53,17-04-2025
ACC_3139,CID_1959,Saving,84751.95,16-10-2018
ACC_3140,CID_1960,Saving,234311.93,19-08-2025
ACC_3141,CID_1960,Current,432352.04,19-08-2025
ACC_3142,CID_1960,Demat,1886682.56,19-08-2025
ACC_3143,CID_1961,Saving,96799.68,26-04-2023
ACC_3144,CID_1962,Saving,192425.39,15-12-2021
ACC_3145,CID_1963,Fixed Deposit,997070.65,11-03-2024
ACC_3146,CID_1964,Saving,184747.19,04-04-2020
ACC_3147,CID_1965,Fixed Deposit,3065501.24,23-01-2021
ACC_3148,CID_1966,Saving,16807.08,02-03-2020
ACC_3149,CID_1967,Saving,83211.4,28-04-2023
ACC_3150,CID_1968,Saving,51150.26,17-08-2021
ACC_3151,CID_1969,Saving,210249.29,09-03-2025
ACC_3152,CID_1969,Current,363577.12,09-03-2025
ACC_3153,CID_1969,Demat,1818944.98,09-03-2025
ACC_3154,CID_1970,Saving,44216.89,01-08-2022
ACC_3155,CID_1971,Saving,225253.86,30-12-2022
ACC_3156,CID_1972,Saving,227602.76,31-05-2025
ACC_3157,CID_1973,Saving,138304.14,22-09-2025
ACC_3158,CID_1973,Current,470098.11,22-09-2025
ACC_3159,CID_1973,Demat,1966689.52,22-09-2025
ACC_3160,CID_1974,Saving,236377.75,31-03-2021
ACC_3161,CID_1974,Current,909275.64,31-03-2021
ACC_3162,CID_1974,Demat,198652.52,31-03-2021
ACC_3163,CID_1975,Saving,95546.81,28-09-2024
ACC_3164,CID_1975,Current,379990.38,28-09-2024
ACC_3165,CID_1975,Demat,345063.63,28-09-2024
ACC_3166,CID_1976,Saving,246949.38,14-08-2024
ACC_3167,CID_1976,Current,363021.85,14-08-2024
ACC_3168,CID_1976,Demat,884668.35,14-08-2024
ACC_3169,CID_1977,Fixed Deposit,4851780.57,02-05-2018
ACC_3170,CID_1978,Saving,21710.12,11-11-2024
ACC_3171,CID_1979,Saving,75376.08,27-01-2025
ACC_3172,CID_1980,Fixed Deposit,3956928.02,01-05-2019
ACC_3173,CID_1981,Saving,80514.3,17-07-2025
ACC_3174,CID_1981,Current,711696.77,17-07-2025
ACC_3175,CID_1981,Demat,1897779.74,17-07-2025
ACC_3176,CID_1982,Saving,245900.94,09-06-2025
ACC_3177,CID_1982,Current,495255.15,09-06-2025
ACC_3178,CID_1982,Demat,1245615.08,09-06-2025
ACC_3179,CID_1983,Saving,63552.59,25-11-2021
ACC_3180,CID_1984,Fixed Deposit,126987.27,11-09-2025
ACC_3181,CID_1985,Saving,175278.46,24-12-2023
ACC_3182,CID_1986,Saving,68572.72,19-10-2024
ACC_3183,CID_1987,Saving,138042.89,13-05-2021
ACC_3184,CID_1988,Saving,183793,02-01-2025
ACC_3185,CID_1989,Saving,50310.78,28-09-2024
ACC_3186,CID_1990,Saving,168140.03,03-09-2025
ACC_3187,CID_1991,Recurring Deposit,426959.7,28-10-2022
ACC_3188,CID_1992,Saving,235755.11,14-10-2021
ACC_3189,CID_1993,Saving,67034.8,17-09-2019
ACC_3190,CID_1994,Saving,201466.06,24-02-2024
ACC_3191,CID_1994,Current,913428.35,24-02-2024
ACC_3192,CID_1994,Demat,1723650.88,24-02-2024
ACC_3193,CID_1995,Saving,201653.55,19-01-2021
ACC_3194,CID_1996,Saving,44688.25,02-12-2021
ACC_3195,CID_1997,Saving,200463.54,02-10-2020
ACC_3196,CID_1997,Current,779097.8,02-10-2020
ACC_3197,CID_1997,Demat,1728062.35,02-10-2020
ACC_3198,CID_1998,Saving,201843.07,16-09-2025
ACC_3199,CID_1998,Current,870289.44,16-09-2025
ACC_3200,CID_1998,Demat,1236834.03,16-09-2025
ACC_3201,CID_1999,Recurring Deposit,484585.77,03-02-2020
ACC_3202,CID_2000,Recurring Deposit,306670.03,19-08-2022
ACC_3203,CID_2001,Saving,50280.57,24-09-2019
ACC_3204,CID_2002,Saving,179704.47,20-01-2018
ACC_3205,CID_2003,Saving,198002.39,22-10-2024
ACC_3206,CID_2004,Recurring Deposit,194063.57,17-02-2024
ACC_3207,CID_2005,Recurring Deposit,99452.58,17-02-2023
ACC_3208,CID_2006,Saving,72371.84,19-09-2025
ACC_3209,CID_2007,Saving,2075.19,12-01-2024
ACC_3210,CID_2008,Saving,135728.61,07-01-2025
ACC_3211,CID_2009,Recurring Deposit,38814.1,11-08-2024
ACC_3212,CID_2010,Recurring Deposit,82049.36,18-12-2021
ACC_3213,CID_2011,Saving,150587.71,17-12-2021
ACC_3214,CID_2011,Current,507147.8,17-12-2021
ACC_3215,CID_2011,Demat,574379.01,17-12-2021
ACC_3216,CID_2012,Saving,60572.29,23-09-2025
ACC_3217,CID_2013,Saving,63291.21,23-01-2026
ACC_3218,CID_2014,Saving,86383.7,30-07-2022
ACC_3219,CID_2015,Saving,204517.03,13-12-2021
ACC_3220,CID_2015,Current,80871.66,13-12-2021
ACC_3221,CID_2015,Demat,1530045.45,13-12-2021
ACC_3222,CID_2016,Recurring Deposit,159880.63,11-09-2021
ACC_3223,CID_2017,Saving,151573.96,20-05-2024
ACC_3224,CID_2017,Current,959336.8,20-05-2024
ACC_3225,CID_2017,Demat,1140556.25,20-05-2024
ACC_3226,CID_2018,Saving,185677.07,30-06-2021
ACC_3227,CID_2018,Current,480968.36,30-06-2021
ACC_3228,CID_2018,Demat,1001891.39,30-06-2021
ACC_3229,CID_2019,Fixed Deposit,959522.4,08-07-2020
ACC_3230,CID_2020,Recurring Deposit,205456.47,25-09-2019
ACC_3231,CID_2021,Fixed Deposit,4726613.56,17-09-2025
ACC_3232,CID_2022,Fixed Deposit,2266360.28,26-06-2024
ACC_3233,CID_2023,Recurring Deposit,436807.52,29-11-2022
ACC_3234,CID_2024,Saving,100154.85,28-10-2024
ACC_3235,CID_2025,Saving,204442.5,01-10-2022
ACC_3236,CID_2025,Current,905456.95,01-10-2022
ACC_3237,CID_2025,Demat,306322.11,01-10-2022
ACC_3238,CID_2026,Saving,118335.91,29-06-2019
ACC_3239,CID_2027,Saving,98361.86,27-04-2020
ACC_3240,CID_2028,Saving,121890.43,10-09-2024
ACC_3241,CID_2029,Fixed Deposit,807505.04,28-08-2025
ACC_3242,CID_2030,Saving,17193.07,09-01-2022
ACC_3243,CID_2031,Saving,35798.71,29-03-2020
ACC_3244,CID_2032,Saving,122881.46,10-01-2023
ACC_3245,CID_2033,Saving,77997.67,25-09-2022
ACC_3246,CID_2034,Saving,30900.92,27-03-2025
ACC_3247,CID_2034,Current,130298.65,27-03-2025
ACC_3248,CID_2034,Demat,567384.76,27-03-2025
ACC_3249,CID_2035,Saving,141549.26,19-05-2024
ACC_3250,CID_2036,Saving,104541.64,26-06-2022
ACC_3251,CID_2037,Saving,58742.87,21-09-2021
ACC_3252,CID_2037,Current,872001.91,21-09-2021
ACC_3253,CID_2037,Demat,628511.4,21-09-2021
ACC_3254,CID_2038,Saving,198557.59,27-06-2021
ACC_3255,CID_2039,Saving,195507.98,08-10-2020
ACC_3256,CID_2039,Current,572702.69,08-10-2020
ACC_3257,CID_2039,Demat,1823204.81,08-10-2020
ACC_3258,CID_2040,Fixed Deposit,1253004.33,25-05-2019
ACC_3259,CID_2041,Saving,127984.64,22-12-2024
ACC_3260,CID_2042,Saving,156089.95,25-07-2024
ACC_3261,CID_2043,Saving,115940.97,15-05-2025
ACC_3262,CID_2043,Current,900530.11,15-05-2025
ACC_3263,CID_2043,Demat,1894552.85,15-05-2025
ACC_3264,CID_2044,Saving,97699.33,19-04-2021
ACC_3265,CID_2044,Current,193988.54,19-04-2021
ACC_3266,CID_2044,Demat,1541041.65,19-04-2021
ACC_3267,CID_2045,Recurring Deposit,237399.72,16-09-2025
ACC_3268,CID_2046,Saving,206296.78,30-08-2023
ACC_3269,CID_2047,Saving,196029.23,23-07-2024
ACC_3270,CID_2047,Current,956710.96,23-07-2024
ACC_3271,CID_2047,Demat,971971.94,23-07-2024
ACC_3272,CID_2048,Saving,206122.04,08-05-2025
ACC_3273,CID_2049,Recurring Deposit,61060.85,20-09-2025
ACC_3274,CID_2050,Saving,199812.7,01-05-2023
ACC_3275,CID_2051,Saving,175311.2,26-09-2022
ACC_3276,CID_2052,Saving,51457.89,03-05-2024
ACC_3277,CID_2053,Saving,163082.92,01-04-2019
ACC_3278,CID_2053,Current,762611.26,01-04-2019
ACC_3279,CID_2053,Demat,162025.8,01-04-2019
ACC_3280,CID_2054,Saving,156659.52,27-04-2023
ACC_3281,CID_2054,Current,555709.1,27-04-2023
ACC_3282,CID_2054,Demat,1189720.91,27-04-2023
ACC_3283,CID_2055,Saving,69349.39,06-01-2026
ACC_3284,CID_2056,Saving,32569.65,09-10-2019
ACC_3285,CID_2057,Saving,217000.56,27-08-2022
ACC_3286,CID_2058,Saving,208035.18,05-11-2025
ACC_3287,CID_2059,Saving,157408.14,07-10-2023
ACC_3288,CID_2059,Current,646681.99,07-10-2023
ACC_3289,CID_2059,Demat,794097.71,07-10-2023
ACC_3290,CID_2060,Recurring Deposit,322166.87,20-03-2024
ACC_3291,CID_2061,Saving,142348.14,04-04-2024
ACC_3292,CID_2061,Current,883376.35,04-04-2024
ACC_3293,CID_2061,Demat,116439.07,04-04-2024
ACC_3294,CID_2062,Saving,231773.71,02-05-2022
ACC_3295,CID_2063,Saving,235060.64,05-06-2021
ACC_3296,CID_2064,Saving,90399.07,12-01-2023
ACC_3297,CID_2064,Current,357723.95,12-01-2023
ACC_3298,CID_2064,Demat,166911.65,12-01-2023
ACC_3299,CID_2065,Saving,100439.69,28-05-2022
ACC_3300,CID_2065,Current,63088.3,28-05-2022
ACC_3301,CID_2065,Demat,835624.07,28-05-2022
ACC_3302,CID_2066,Recurring Deposit,45647.39,01-09-2021
ACC_3303,CID_2067,Saving,227900.38,17-07-2018
ACC_3304,CID_2068,Saving,14600.29,20-01-2023
ACC_3305,CID_2068,Current,683838.42,20-01-2023
ACC_3306,CID_2068,Demat,53329.27,20-01-2023
ACC_3307,CID_2069,Recurring Deposit,22045.76,26-12-2023
ACC_3308,CID_2070,Saving,80205.02,10-07-2024
ACC_3309,CID_2071,Saving,99254.29,18-12-2024
ACC_3310,CID_2071,Current,510736.7,18-12-2024
ACC_3311,CID_2071,Demat,582830.61,18-12-2024
ACC_3312,CID_2072,Saving,174432.62,17-02-2026
ACC_3313,CID_2073,Saving,9483.39,28-04-2020
ACC_3314,CID_2074,Saving,2284.52,30-12-2018
ACC_3315,CID_2074,Current,702122.39,30-12-2018
ACC_3316,CID_2074,Demat,1165258.52,30-12-2018
ACC_3317,CID_2075,Recurring Deposit,199193.56,06-06-2025
ACC_3318,CID_2076,Recurring Deposit,372382.69,03-07-2019
ACC_3319,CID_2077,Saving,97410.74,31-05-2020
ACC_3320,CID_2078,Saving,83954.19,13-12-2019
ACC_3321,CID_2078,Current,327731.03,13-12-2019
ACC_3322,CID_2078,Demat,524381.99,13-12-2019
ACC_3323,CID_2079,Saving,113186.62,14-02-2018
ACC_3324,CID_2080,Recurring Deposit,385238.32,24-02-2021
ACC_3325,CID_2081,Saving,201256.64,27-09-2025
ACC_3326,CID_2082,Saving,186944.62,15-01-2022
ACC_3327,CID_2083,Saving,148517.91,20-11-2024
ACC_3328,CID_2083,Current,304067.23,20-11-2024
ACC_3329,CID_2083,Demat,930240.64,20-11-2024
ACC_3330,CID_2084,Saving,141928.23,01-09-2022
ACC_3331,CID_2084,Current,884496.05,01-09-2022
ACC_3332,CID_2084,Demat,508403.49,01-09-2022
ACC_3333,CID_2085,Saving,207482,28-09-2018
ACC_3334,CID_2086,Saving,236725.37,21-03-2018
ACC_3335,CID_2086,Current,389183.15,21-03-2018
ACC_3336,CID_2086,Demat,658080.79,21-03-2018
ACC_3337,CID_2087,Saving,123174.72,28-11-2021
ACC_3338,CID_2088,Fixed Deposit,3338451.32,30-11-2022
ACC_3339,CID_2089,Saving,567.55,27-11-2020
ACC_3340,CID_2090,Saving,214362.91,11-12-2021
ACC_3341,CID_2090,Current,946840.33,11-12-2021
ACC_3342,CID_2090,Demat,1860668.06,11-12-2021
ACC_3343,CID_2091,Saving,182322.68,15-12-2025
ACC_3344,CID_2091,Current,961247.19,15-12-2025
ACC_3345,CID_2091,Demat,198979.18,15-12-2025
ACC_3346,CID_2092,Saving,48100.97,02-06-2025
ACC_3347,CID_2092,Current,423742.5,02-06-2025
ACC_3348,CID_2092,Demat,1753507.06,02-06-2025
ACC_3349,CID_2093,Saving,163579.68,16-01-2025
ACC_3350,CID_2094,Saving,30459.09,25-02-2025
ACC_3351,CID_2094,Current,142696.25,25-02-2025
ACC_3352,CID_2094,Demat,916570.66,25-02-2025
ACC_3353,CID_2095,Saving,238130.04,15-08-2025
ACC_3354,CID_2096,Saving,4078.84,26-01-2024
ACC_3355,CID_2096,Current,87009.18,26-01-2024
ACC_3356,CID_2096,Demat,473431.63,26-01-2024
ACC_3357,CID_2097,Saving,68647.07,25-05-2024
ACC_3358,CID_2097,Current,23536.39,25-05-2024
ACC_3359,CID_2097,Demat,1128645.15,25-05-2024
ACC_3360,CID_2098,Saving,54261.16,01-05-2019
ACC_3361,CID_2099,Saving,124607.15,24-07-2022
ACC_3362,CID_2100,Fixed Deposit,2888035.82,08-09-2020
ACC_3363,CID_2101,Saving,239877.51,15-11-2022
ACC_3364,CID_2102,Saving,179858.27,07-08-2018
ACC_3365,CID_2102,Current,203495.93,07-08-2018
ACC_3366,CID_2102,Demat,538232.45,07-08-2018
ACC_3367,CID_2103,Saving,47423.42,11-11-2024
ACC_3368,CID_2103,Current,689985.53,11-11-2024
ACC_3369,CID_2103,Demat,1621656.09,11-11-2024
ACC_3370,CID_2104,Recurring Deposit,428642.11,04-08-2024
ACC_3371,CID_2105,Fixed Deposit,3580690.93,26-05-2023
ACC_3372,CID_2106,Saving,22559.79,23-03-2024
ACC_3373,CID_2107,Saving,41391.73,30-05-2023
ACC_3374,CID_2108,Recurring Deposit,73702.15,25-10-2025
ACC_3375,CID_2109,Saving,100743.91,22-02-2018
ACC_3376,CID_2110,Saving,203649.76,02-12-2023
ACC_3377,CID_2111,Saving,240365.91,23-08-2022
ACC_3378,CID_2112,Saving,221250.7,28-08-2024
ACC_3379,CID_2112,Current,333471.27,28-08-2024
ACC_3380,CID_2112,Demat,720544.04,28-08-2024
ACC_3381,CID_2113,Saving,135033.34,01-10-2024
ACC_3382,CID_2113,Current,680657.33,01-10-2024
ACC_3383,CID_2113,Demat,1780033.11,01-10-2024
ACC_3384,CID_2114,Recurring Deposit,312906.34,06-08-2025
ACC_3385,CID_2115,Recurring Deposit,372652.15,01-04-2024
ACC_3386,CID_2116,Saving,198173.31,23-04-2023
ACC_3387,CID_2116,Current,824860.82,23-04-2023
ACC_3388,CID_2116,Demat,795718.6,23-04-2023
ACC_3389,CID_2117,Recurring Deposit,260264.85,16-07-2023
ACC_3390,CID_2118,Saving,233659.06,19-01-2018
ACC_3391,CID_2118,Current,664972.3,19-01-2018
ACC_3392,CID_2118,Demat,333580.29,19-01-2018
ACC_3393,CID_2119,Saving,197037.2,04-11-2024
ACC_3394,CID_2119,Current,489690.81,04-11-2024
ACC_3395,CID_2119,Demat,654347.16,04-11-2024
ACC_3396,CID_2120,Saving,164394.53,06-01-2026
ACC_3397,CID_2121,Saving,88108.02,18-11-2018
ACC_3398,CID_2121,Current,408590.45,18-11-2018
ACC_3399,CID_2121,Demat,1504373.2,18-11-2018
ACC_3400,CID_2122,Saving,161153.62,13-11-2025
ACC_3401,CID_2123,Saving,188453.07,29-01-2025
ACC_3402,CID_2123,Current,716485.68,29-01-2025
ACC_3403,CID_2123,Demat,1786901.15,29-01-2025
ACC_3404,CID_2124,Saving,18515.57,14-09-2022
ACC_3405,CID_2125,Saving,206395.37,06-11-2023
ACC_3406,CID_2126,Saving,237911.87,12-09-2023
ACC_3407,CID_2126,Current,191815.56,12-09-2023
ACC_3408,CID_2126,Demat,37358.89,12-09-2023
ACC_3409,CID_2127,Saving,194128.93,04-01-2025
ACC_3410,CID_2128,Saving,113423.54,07-10-2024
ACC_3411,CID_2129,Saving,165565.47,30-09-2023
ACC_3412,CID_2130,Saving,75403.76,03-11-2025
ACC_3413,CID_2131,Saving,155004.81,12-08-2023
ACC_3414,CID_2132,Recurring Deposit,339879.59,11-08-2019
ACC_3415,CID_2133,Saving,88198.49,05-09-2022
ACC_3416,CID_2134,Saving,215363.13,25-12-2025
ACC_3417,CID_2134,Current,384371.52,25-12-2025
ACC_3418,CID_2134,Demat,1080339.52,25-12-2025
ACC_3419,CID_2135,Saving,146987.62,14-10-2022
ACC_3420,CID_2135,Current,880755.11,14-10-2022
ACC_3421,CID_2135,Demat,1898499.01,14-10-2022
ACC_3422,CID_2136,Saving,122118.38,12-05-2021
ACC_3423,CID_2137,Saving,136161.87,07-06-2025
ACC_3424,CID_2138,Saving,113944.21,06-07-2024
ACC_3425,CID_2139,Recurring Deposit,18136.73,29-01-2025
ACC_3426,CID_2140,Saving,176158,27-06-2024
ACC_3427,CID_2140,Current,451747.79,27-06-2024
ACC_3428,CID_2140,Demat,1229365.92,27-06-2024
ACC_3429,CID_2141,Saving,32531.85,12-04-2024
ACC_3430,CID_2141,Current,862853.97,12-04-2024
ACC_3431,CID_2141,Demat,1562765.64,12-04-2024
ACC_3432,CID_2142,Recurring Deposit,232126.81,27-01-2024
ACC_3433,CID_2143,Fixed Deposit,3271974.56,22-12-2022
ACC_3434,CID_2144,Saving,29858.31,26-02-2025
ACC_3435,CID_2144,Current,517219.59,26-02-2025
ACC_3436,CID_2144,Demat,351967.76,26-02-2025
ACC_3437,CID_2145,Saving,41105.17,23-02-2024
ACC_3438,CID_2145,Current,290996.37,23-02-2024
ACC_3439,CID_2145,Demat,666174.13,23-02-2024
ACC_3440,CID_2146,Saving,242156.91,07-08-2022
ACC_3441,CID_2147,Saving,121818.74,02-05-2023
ACC_3442,CID_2147,Current,6686.81,02-05-2023
ACC_3443,CID_2147,Demat,1552601.53,02-05-2023
ACC_3444,CID_2148,Saving,75918.02,15-09-2022
ACC_3445,CID_2149,Saving,211461.84,31-05-2024
ACC_3446,CID_2150,Recurring Deposit,455915.94,18-02-2023
ACC_3447,CID_2151,Saving,33433.75,12-10-2018
ACC_3448,CID_2152,Saving,91985.57,15-04-2020
ACC_3449,CID_2153,Recurring Deposit,347212.23,21-11-2020
ACC_3450,CID_2154,Saving,104946.84,15-07-2018
ACC_3451,CID_2154,Current,34503.32,15-07-2018
ACC_3452,CID_2154,Demat,875400.79,15-07-2018
ACC_3453,CID_2155,Saving,22267.12,17-04-2023
ACC_3454,CID_2155,Current,877903.24,17-04-2023
ACC_3455,CID_2155,Demat,1331081.12,17-04-2023
ACC_3456,CID_2156,Fixed Deposit,4534015.04,23-12-2025
ACC_3457,CID_2157,Saving,40917.83,02-05-2023
ACC_3458,CID_2157,Current,570850.2,02-05-2023
ACC_3459,CID_2157,Demat,1330958.69,02-05-2023
ACC_3460,CID_2158,Saving,93642.56,21-10-2022
ACC_3461,CID_2158,Current,263743.68,21-10-2022
ACC_3462,CID_2158,Demat,138303.68,21-10-2022
ACC_3463,CID_2159,Saving,140136.81,06-06-2023
ACC_3464,CID_2160,Saving,186787.22,18-02-2022
ACC_3465,CID_2161,Saving,197127.73,24-01-2018
ACC_3466,CID_2162,Saving,66838.94,09-11-2025
ACC_3467,CID_2163,Fixed Deposit,693938.34,21-02-2020
ACC_3468,CID_2164,Saving,53783.48,29-07-2025
ACC_3469,CID_2164,Current,664372.32,29-07-2025
ACC_3470,CID_2164,Demat,959159.5,29-07-2025
ACC_3471,CID_2165,Saving,97270.46,09-09-2020
ACC_3472,CID_2165,Current,633763.17,09-09-2020
ACC_3473,CID_2165,Demat,1085098.65,09-09-2020
ACC_3474,CID_2166,Saving,32175.42,18-12-2020
ACC_3475,CID_2166,Current,510358.02,18-12-2020
ACC_3476,CID_2166,Demat,1723065.02,18-12-2020
ACC_3477,CID_2167,Saving,247471.8,19-10-2018
ACC_3478,CID_2167,Current,73517.5,19-10-2018
ACC_3479,CID_2167,Demat,333641.77,19-10-2018
ACC_3480,CID_2168,Recurring Deposit,468866.67,02-11-2023
ACC_3481,CID_2169,Recurring Deposit,22411.54,17-12-2021
ACC_3482,CID_2170,Saving,181760.57,25-10-2022
ACC_3483,CID_2171,Saving,216800.39,16-07-2022
ACC_3484,CID_2172,Saving,237372.28,26-08-2022
ACC_3485,CID_2173,Fixed Deposit,3180368.83,24-08-2025
ACC_3486,CID_2174,Saving,193388.24,29-01-2024
ACC_3487,CID_2175,Saving,140640.82,07-04-2020
ACC_3488,CID_2176,Saving,98620.2,01-02-2023
ACC_3489,CID_2177,Fixed Deposit,1713998.34,05-02-2023
ACC_3490,CID_2178,Fixed Deposit,4278340.73,08-01-2020
ACC_3491,CID_2179,Saving,217854.18,22-04-2020
ACC_3492,CID_2180,Fixed Deposit,3029972.04,12-10-2019
ACC_3493,CID_2181,Recurring Deposit,46402.86,04-08-2025
ACC_3494,CID_2182,Recurring Deposit,316051.57,08-02-2023
ACC_3495,CID_2183,Recurring Deposit,437501.01,11-07-2024
ACC_3496,CID_2184,Saving,226499.8,02-05-2021
ACC_3497,CID_2185,Saving,76933.73,23-11-2022
ACC_3498,CID_2186,Saving,66345.58,29-01-2025
ACC_3499,CID_2187,Saving,47494.02,14-10-2019
ACC_3500,CID_2187,Current,613440.68,14-10-2019
ACC_3501,CID_2187,Demat,1574852.3,14-10-2019
ACC_3502,CID_2188,Saving,171651.93,15-10-2023
ACC_3503,CID_2188,Current,712908.42,15-10-2023
ACC_3504,CID_2188,Demat,1108041.87,15-10-2023
ACC_3505,CID_2189,Saving,29744.09,01-07-2025
ACC_3506,CID_2190,Saving,197591.28,11-08-2022
ACC_3507,CID_2191,Saving,124490.44,25-11-2024
ACC_3508,CID_2192,Saving,179401.84,31-08-2022
ACC_3509,CID_2192,Current,932551.43,31-08-2022
ACC_3510,CID_2192,Demat,920863.05,31-08-2022
ACC_3511,CID_2193,Saving,63507.66,26-09-2024
ACC_3512,CID_2194,Saving,47637.56,26-09-2018
ACC_3513,CID_2195,Saving,233720.38,09-07-2025
ACC_3514,CID_2195,Current,551093.54,09-07-2025
ACC_3515,CID_2195,Demat,1643210.69,09-07-2025
ACC_3516,CID_2196,Saving,13222.76,18-02-2018
ACC_3517,CID_2197,Recurring Deposit,238707.71,04-11-2024
ACC_3518,CID_2198,Saving,35361.98,15-06-2021
ACC_3519,CID_2198,Current,123793.68,15-06-2021
ACC_3520,CID_2198,Demat,1521448.22,15-06-2021
ACC_3521,CID_2199,Saving,69700.33,04-03-2022
ACC_3522,CID_2200,Saving,24424.71,01-04-2019
ACC_3523,CID_2201,Fixed Deposit,2837171.02,20-08-2021
ACC_3524,CID_2202,Saving,244220.65,28-03-2025
ACC_3525,CID_2203,Saving,55499.18,24-09-2023
ACC_3526,CID_2204,Saving,67050.58,11-11-2021
ACC_3527,CID_2204,Current,553063.18,11-11-2021
ACC_3528,CID_2204,Demat,1682332.15,11-11-2021
ACC_3529,CID_2205,Saving,146237.94,15-11-2025
ACC_3530,CID_2205,Current,762588.87,15-11-2025
ACC_3531,CID_2205,Demat,347825.46,15-11-2025
ACC_3532,CID_2206,Saving,154266.01,09-01-2025
ACC_3533,CID_2206,Current,954518.84,09-01-2025
ACC_3534,CID_2206,Demat,186899.61,09-01-2025
ACC_3535,CID_2207,Recurring Deposit,48746.15,27-02-2023
ACC_3536,CID_2208,Recurring Deposit,83655.64,29-09-2025
ACC_3537,CID_2209,Saving,27293.03,06-08-2022
ACC_3538,CID_2209,Current,239531.97,06-08-2022
ACC_3539,CID_2209,Demat,620446,06-08-2022
ACC_3540,CID_2210,Saving,53740.26,22-11-2024
ACC_3541,CID_2211,Saving,178250.04,28-04-2024
ACC_3542,CID_2211,Current,443085.03,28-04-2024
ACC_3543,CID_2211,Demat,1479632.96,28-04-2024
ACC_3544,CID_2212,Saving,95350.58,02-11-2021
ACC_3545,CID_2212,Current,541723.36,02-11-2021
ACC_3546,CID_2212,Demat,547087.99,02-11-2021
ACC_3547,CID_2213,Fixed Deposit,1718020.79,17-09-2022
ACC_3548,CID_2214,Saving,154101.64,24-09-2025
ACC_3549,CID_2215,Saving,93553.78,11-06-2023
ACC_3550,CID_2215,Current,703752.93,11-06-2023
ACC_3551,CID_2215,Demat,1203902.33,11-06-2023
ACC_3552,CID_2216,Saving,54873.13,04-09-2022
ACC_3553,CID_2217,Saving,73024.36,10-03-2021
ACC_3554,CID_2218,Saving,219493.78,06-07-2021
ACC_3555,CID_2218,Current,960694.42,06-07-2021
ACC_3556,CID_2218,Demat,1374551.89,06-07-2021
ACC_3557,CID_2219,Recurring Deposit,226670.66,19-02-2020
ACC_3558,CID_2220,Saving,86623.45,08-12-2025
ACC_3559,CID_2221,Saving,111609.23,26-10-2022
ACC_3560,CID_2222,Saving,57524.93,25-04-2021
ACC_3561,CID_2223,Saving,55174.62,10-06-2018
ACC_3562,CID_2224,Recurring Deposit,405260.93,03-02-2022
ACC_3563,CID_2225,Saving,12470.64,14-09-2024
ACC_3564,CID_2226,Recurring Deposit,47096.01,10-11-2020
ACC_3565,CID_2227,Saving,20274.21,22-03-2024
ACC_3566,CID_2227,Current,932078.08,22-03-2024
ACC_3567,CID_2227,Demat,908936.16,22-03-2024
ACC_3568,CID_2228,Saving,217816.67,30-12-2025
ACC_3569,CID_2229,Saving,130366.74,09-08-2020
ACC_3570,CID_2230,Saving,163828.17,03-12-2019
ACC_3571,CID_2231,Saving,106104.37,01-07-2023
ACC_3572,CID_2232,Recurring Deposit,98497.12,26-02-2024
ACC_3573,CID_2233,Saving,25826.82,13-03-2025
ACC_3574,CID_2234,Recurring Deposit,277165.89,23-08-2019
ACC_3575,CID_2235,Saving,47108.27,05-05-2018
ACC_3576,CID_2236,Saving,43362.74,15-01-2026
ACC_3577,CID_2237,Saving,126375.18,30-03-2024
ACC_3578,CID_2238,Saving,42166.82,12-06-2022
ACC_3579,CID_2239,Saving,215491.23,27-12-2023
ACC_3580,CID_2240,Saving,61824.34,26-07-2022
ACC_3581,CID_2241,Saving,178500.71,07-02-2019
ACC_3582,CID_2241,Current,162924.81,07-02-2019
ACC_3583,CID_2241,Demat,1213991.46,07-02-2019
ACC_3584,CID_2242,Saving,34408.11,05-01-2022
ACC_3585,CID_2242,Current,287915.29,05-01-2022
ACC_3586,CID_2242,Demat,1060141.64,05-01-2022
ACC_3587,CID_2243,Saving,135596.5,01-12-2021
ACC_3588,CID_2244,Fixed Deposit,4716993.86,21-10-2024
ACC_3589,CID_2245,Recurring Deposit,374922.31,29-03-2021
ACC_3590,CID_2246,Saving,102215.73,05-01-2026
ACC_3591,CID_2246,Current,503649.4,05-01-2026
ACC_3592,CID_2246,Demat,1001954.76,05-01-2026
ACC_3593,CID_2247,Saving,150149.66,22-02-2020
ACC_3594,CID_2247,Current,368133.76,22-02-2020
ACC_3595,CID_2247,Demat,600392.15,22-02-2020
ACC_3596,CID_2248,Saving,93719.04,20-05-2024
ACC_3597,CID_2249,Recurring Deposit,108569.64,21-11-2022
ACC_3598,CID_2250,Fixed Deposit,3954716.27,03-01-2023
ACC_3599,CID_2251,Saving,61500.7,25-11-2025
ACC_3600,CID_2252,Saving,110037,08-04-2025
ACC_3601,CID_2252,Current,487289.06,08-04-2025
ACC_3602,CID_2252,Demat,935366.35,08-04-2025
ACC_3603,CID_2253,Saving,33038.32,16-10-2024
ACC_3604,CID_2254,Saving,224311.2,22-03-2024
ACC_3605,CID_2255,Saving,13753.28,28-12-2020
ACC_3606,CID_2256,Saving,163531.29,23-11-2024
ACC_3607,CID_2256,Current,433948.95,23-11-2024
ACC_3608,CID_2256,Demat,1198481.75,23-11-2024
ACC_3609,CID_2257,Saving,233527.31,15-03-2021
ACC_3610,CID_2258,Saving,83197.37,02-07-2021
ACC_3611,CID_2258,Current,311031.43,02-07-2021
ACC_3612,CID_2258,Demat,1015901.53,02-07-2021
ACC_3613,CID_2259,Saving,186212.26,29-06-2024
ACC_3614,CID_2260,Saving,55064.1,07-03-2018
ACC_3615,CID_2261,Saving,83843.21,05-04-2022
ACC_3616,CID_2262,Recurring Deposit,143178.66,01-12-2024
ACC_3617,CID_2263,Saving,31262.8,23-06-2025
ACC_3618,CID_2264,Fixed Deposit,190418.05,01-08-2022
ACC_3619,CID_2265,Saving,17288.65,11-01-2018
ACC_3620,CID_2265,Current,968161.33,11-01-2018
ACC_3621,CID_2265,Demat,1866230.43,11-01-2018
ACC_3622,CID_2266,Recurring Deposit,365993.47,26-10-2019
ACC_3623,CID_2267,Saving,35981.7,20-03-2024
ACC_3624,CID_2267,Current,915079.82,20-03-2024
ACC_3625,CID_2267,Demat,190913.26,20-03-2024
ACC_3626,CID_2268,Saving,11481.35,22-05-2018
ACC_3627,CID_2269,Saving,104884.78,22-04-2024
ACC_3628,CID_2269,Current,194470.59,22-04-2024
ACC_3629,CID_2269,Demat,1599945.98,22-04-2024
ACC_3630,CID_2270,Saving,247611.36,22-05-2025
ACC_3631,CID_2271,Saving,9846.52,03-12-2021
ACC_3632,CID_2272,Saving,117342.5,30-09-2019
ACC_3633,CID_2272,Current,981216.07,30-09-2019
ACC_3634,CID_2272,Demat,1850019.46,30-09-2019
ACC_3635,CID_2273,Saving,167519.58,22-09-2022
ACC_3636,CID_2273,Current,811878.09,22-09-2022
ACC_3637,CID_2273,Demat,688760.59,22-09-2022
ACC_3638,CID_2274,Saving,137207.38,01-03-2018
ACC_3639,CID_2275,Saving,81970,01-12-2019
ACC_3640,CID_2275,Current,156442.73,01-12-2019
ACC_3641,CID_2275,Demat,1365504.79,01-12-2019
ACC_3642,CID_2276,Saving,148665.65,18-03-2023
ACC_3643,CID_2277,Saving,121107.29,09-06-2024
ACC_3644,CID_2278,Saving,181207.06,23-09-2018
ACC_3645,CID_2279,Saving,75435.45,16-05-2021
ACC_3646,CID_2279,Current,863262.79,16-05-2021
ACC_3647,CID_2279,Demat,217461.12,16-05-2021
ACC_3648,CID_2280,Recurring Deposit,110257.33,18-07-2024
ACC_3649,CID_2281,Saving,25100.01,21-04-2025
ACC_3650,CID_2282,Saving,100262.75,25-07-2025
ACC_3651,CID_2283,Saving,41030.15,09-07-2024
ACC_3652,CID_2284,Saving,193854.03,22-01-2023
ACC_3653,CID_2284,Current,926198.38,22-01-2023
ACC_3654,CID_2284,Demat,118521.56,22-01-2023
ACC_3655,CID_2285,Saving,244600.48,28-11-2023
ACC_3656,CID_2286,Saving,121886.73,28-02-2020
ACC_3657,CID_2287,Saving,53900.13,09-05-2021
ACC_3658,CID_2287,Current,430675.53,09-05-2021
ACC_3659,CID_2287,Demat,474047.1,09-05-2021
ACC_3660,CID_2288,Saving,40218.4,17-01-2023
ACC_3661,CID_2289,Saving,213373.05,29-07-2021
ACC_3662,CID_2289,Current,101559.17,29-07-2021
ACC_3663,CID_2289,Demat,169208.96,29-07-2021
ACC_3664,CID_2290,Saving,107421.38,29-11-2024
ACC_3665,CID_2291,Saving,38395.98,07-06-2021
ACC_3666,CID_2291,Current,52306.43,07-06-2021
ACC_3667,CID_2291,Demat,945060.24,07-06-2021
ACC_3668,CID_2292,Saving,245933.42,23-08-2023
ACC_3669,CID_2293,Recurring Deposit,350292.21,13-02-2025
ACC_3670,CID_2294,Saving,77786.96,14-06-2018
ACC_3671,CID_2295,Saving,21045.27,26-06-2025
ACC_3672,CID_2296,Saving,205446.73,03-07-2023
ACC_3673,CID_2296,Current,193055.9,03-07-2023
ACC_3674,CID_2296,Demat,344019.11,03-07-2023
ACC_3675,CID_2297,Saving,67198.91,31-03-2020
ACC_3676,CID_2297,Current,292137.01,31-03-2020
ACC_3677,CID_2297,Demat,1674515.41,31-03-2020
ACC_3678,CID_2298,Saving,35084.69,12-08-2025
ACC_3679,CID_2299,Saving,65365.56,13-02-2024
ACC_3680,CID_2299,Current,643820.56,13-02-2024
ACC_3681,CID_2299,Demat,1401385.74,13-02-2024
ACC_3682,CID_2300,Saving,172413.49,27-09-2023
ACC_3683,CID_2301,Saving,84995.07,11-02-2024
ACC_3684,CID_2301,Current,163643.71,11-02-2024
ACC_3685,CID_2301,Demat,947957.32,11-02-2024
ACC_3686,CID_2302,Saving,163545.61,22-08-2023
ACC_3687,CID_2303,Saving,232659.03,15-08-2023
ACC_3688,CID_2303,Current,794463.25,15-08-2023
ACC_3689,CID_2303,Demat,1695010.1,15-08-2023
ACC_3690,CID_2304,Saving,175957.04,27-08-2018
ACC_3691,CID_2305,Saving,147126.93,19-04-2022
ACC_3692,CID_2306,Saving,249557.32,15-04-2018
ACC_3693,CID_2307,Saving,18823.82,12-10-2023
ACC_3694,CID_2307,Current,770596.34,12-10-2023
ACC_3695,CID_2307,Demat,1377012.99,12-10-2023
ACC_3696,CID_2308,Recurring Deposit,205530.4,13-02-2021
ACC_3697,CID_2309,Recurring Deposit,364960.85,21-02-2026
ACC_3698,CID_2310,Recurring Deposit,328434.65,29-03-2022
ACC_3699,CID_2311,Saving,48276.41,28-10-2018
ACC_3700,CID_2311,Current,66989.3,28-10-2018
ACC_3701,CID_2311,Demat,67602.13,28-10-2018
ACC_3702,CID_2312,Recurring Deposit,232288.47,01-09-2022
ACC_3703,CID_2313,Saving,33659.36,07-05-2024
ACC_3704,CID_2314,Saving,239537.25,14-11-2023
ACC_3705,CID_2315,Saving,195910.07,12-08-2023
ACC_3706,CID_2316,Saving,121980.1,29-12-2018
ACC_3707,CID_2316,Current,988380.47,29-12-2018
ACC_3708,CID_2316,Demat,300594.71,29-12-2018
ACC_3709,CID_2317,Saving,151178.5,13-09-2020
ACC_3710,CID_2317,Current,957105.55,13-09-2020
ACC_3711,CID_2317,Demat,1815077.26,13-09-2020
ACC_3712,CID_2318,Recurring Deposit,316137.44,01-04-2018
ACC_3713,CID_2319,Saving,26597.01,27-11-2022
ACC_3714,CID_2320,Saving,170248.75,19-10-2023
ACC_3715,CID_2321,Saving,97977.2,08-08-2022
ACC_3716,CID_2321,Current,529206.43,08-08-2022
ACC_3717,CID_2321,Demat,1183023.16,08-08-2022
ACC_3718,CID_2322,Fixed Deposit,3659042.69,22-07-2021
ACC_3719,CID_2323,Saving,147948.3,03-06-2022
ACC_3720,CID_2323,Current,290903.09,03-06-2022
ACC_3721,CID_2323,Demat,1993596.28,03-06-2022
ACC_3722,CID_2324,Saving,102130.41,09-12-2022
ACC_3723,CID_2325,Fixed Deposit,2092053.15,20-03-2022
ACC_3724,CID_2326,Saving,58120.84,14-09-2022
ACC_3725,CID_2326,Current,315864.37,14-09-2022
ACC_3726,CID_2326,Demat,1183832.86,14-09-2022
ACC_3727,CID_2327,Fixed Deposit,4262301.97,21-04-2023
ACC_3728,CID_2328,Saving,99005.74,14-04-2025
ACC_3729,CID_2329,Saving,10615.76,02-04-2025
ACC_3730,CID_2330,Saving,12417.06,23-06-2019
ACC_3731,CID_2331,Saving,203698.96,29-07-2021
ACC_3732,CID_2332,Recurring Deposit,476346.03,23-03-2020
ACC_3733,CID_2333,Recurring Deposit,26546.65,31-03-2022
ACC_3734,CID_2334,Recurring Deposit,144491.01,08-04-2024
ACC_3735,CID_2335,Saving,140408.3,13-04-2025
ACC_3736,CID_2336,Saving,164197.58,11-05-2018
ACC_3737,CID_2336,Current,15197.14,11-05-2018
ACC_3738,CID_2336,Demat,861853.46,11-05-2018
ACC_3739,CID_2337,Recurring Deposit,11324.76,04-02-2018
ACC_3740,CID_2338,Saving,164535.56,29-03-2018
ACC_3741,CID_2339,Recurring Deposit,102842.57,29-03-2018
ACC_3742,CID_2340,Recurring Deposit,145100.48,29-04-2023
ACC_3743,CID_2341,Saving,159936.14,06-12-2018
ACC_3744,CID_2341,Current,77149.55,06-12-2018
ACC_3745,CID_2341,Demat,315359.4,06-12-2018
ACC_3746,CID_2342,Saving,16962.58,06-06-2019
ACC_3747,CID_2342,Current,770569.1,06-06-2019
ACC_3748,CID_2342,Demat,1518103.55,06-06-2019
ACC_3749,CID_2343,Saving,191342.62,19-02-2023
ACC_3750,CID_2343,Current,338192.31,19-02-2023
ACC_3751,CID_2343,Demat,1003423.83,19-02-2023
ACC_3752,CID_2344,Saving,167165.6,18-03-2018
ACC_3753,CID_2345,Recurring Deposit,177266.84,06-08-2019
ACC_3754,CID_2346,Fixed Deposit,3629323.06,13-09-2023
ACC_3755,CID_2347,Saving,85854.25,05-08-2020
ACC_3756,CID_2348,Saving,48945.53,03-10-2024
ACC_3757,CID_2348,Current,991122.42,03-10-2024
ACC_3758,CID_2348,Demat,1515842.15,03-10-2024
ACC_3759,CID_2349,Recurring Deposit,396539.99,10-03-2022
ACC_3760,CID_2350,Saving,128348.73,05-01-2024
ACC_3761,CID_2350,Current,811997.62,05-01-2024
ACC_3762,CID_2350,Demat,428658.16,05-01-2024
ACC_3763,CID_2351,Saving,146795.44,15-05-2025
ACC_3764,CID_2352,Saving,164427.92,12-11-2025
ACC_3765,CID_2353,Recurring Deposit,161784.79,02-06-2022
ACC_3766,CID_2354,Saving,10970.17,09-03-2025
ACC_3767,CID_2354,Current,453456.51,09-03-2025
ACC_3768,CID_2354,Demat,12424.87,09-03-2025
ACC_3769,CID_2355,Saving,233513.05,03-11-2023
ACC_3770,CID_2355,Current,649068.11,03-11-2023
ACC_3771,CID_2355,Demat,833989.7,03-11-2023
ACC_3772,CID_2356,Saving,21763.7,05-12-2025
ACC_3773,CID_2357,Saving,140572.37,03-03-2025
ACC_3774,CID_2357,Current,117377.4,03-03-2025
ACC_3775,CID_2357,Demat,275861.75,03-03-2025
ACC_3776,CID_2358,Recurring Deposit,171010.96,22-09-2019
ACC_3777,CID_2359,Saving,208889.06,20-08-2022
ACC_3778,CID_2359,Current,317749.84,20-08-2022
ACC_3779,CID_2359,Demat,627556.06,20-08-2022
ACC_3780,CID_2360,Fixed Deposit,284015.9,27-05-2023
ACC_3781,CID_2361,Saving,204015.49,26-01-2023
ACC_3782,CID_2362,Recurring Deposit,490673.82,10-12-2020
ACC_3783,CID_2363,Saving,124822.62,27-09-2022
ACC_3784,CID_2363,Current,738889.77,27-09-2022
ACC_3785,CID_2363,Demat,816707.4,27-09-2022
ACC_3786,CID_2364,Saving,46601.65,04-06-2023
ACC_3787,CID_2365,Saving,150925.15,25-02-2025
ACC_3788,CID_2366,Saving,24241.74,01-08-2025
ACC_3789,CID_2367,Saving,222157.89,10-07-2022
ACC_3790,CID_2367,Current,183436.34,10-07-2022
ACC_3791,CID_2367,Demat,428559.38,10-07-2022
ACC_3792,CID_2368,Saving,69490.47,12-01-2024
ACC_3793,CID_2369,Fixed Deposit,4059769.74,24-06-2025
ACC_3794,CID_2370,Recurring Deposit,149305.99,09-07-2024
ACC_3795,CID_2371,Saving,101210.62,26-12-2018
ACC_3796,CID_2372,Saving,23695.39,03-05-2024
ACC_3797,CID_2373,Saving,17652.51,15-03-2022
ACC_3798,CID_2374,Fixed Deposit,222198.99,12-03-2024
ACC_3799,CID_2375,Saving,27169.29,22-06-2019
ACC_3800,CID_2375,Current,159648.14,22-06-2019
ACC_3801,CID_2375,Demat,1879616.06,22-06-2019
ACC_3802,CID_2376,Saving,162297.2,31-05-2025
ACC_3803,CID_2377,Saving,203155.93,09-06-2024
ACC_3804,CID_2378,Recurring Deposit,85515.42,06-05-2021
ACC_3805,CID_2379,Saving,130982.29,28-06-2025
ACC_3806,CID_2380,Saving,182597.89,28-10-2022
ACC_3807,CID_2380,Current,841998.35,28-10-2022
ACC_3808,CID_2380,Demat,987842.35,28-10-2022
ACC_3809,CID_2381,Saving,53146.38,18-03-2025
ACC_3810,CID_2381,Current,667215.4,18-03-2025
ACC_3811,CID_2381,Demat,388981.23,18-03-2025
ACC_3812,CID_2382,Saving,34484.52,17-09-2022
ACC_3813,CID_2382,Current,973747.77,17-09-2022
ACC_3814,CID_2382,Demat,826028.32,17-09-2022
ACC_3815,CID_2383,Saving,62633.15,08-01-2023
ACC_3816,CID_2383,Current,856283.84,08-01-2023
ACC_3817,CID_2383,Demat,253674.37,08-01-2023
ACC_3818,CID_2384,Saving,151511.35,31-01-2021
ACC_3819,CID_2384,Current,2451.19,31-01-2021
ACC_3820,CID_2384,Demat,233648.39,31-01-2021
ACC_3821,CID_2385,Saving,32483.66,24-03-2024
ACC_3822,CID_2386,Saving,167920.43,16-11-2023
ACC_3823,CID_2387,Saving,58098.48,08-03-2025
ACC_3824,CID_2388,Saving,18513.71,27-05-2021
ACC_3825,CID_2388,Current,395324.05,27-05-2021
ACC_3826,CID_2388,Demat,1930613.69,27-05-2021
ACC_3827,CID_2389,Saving,52946.14,30-06-2023
ACC_3828,CID_2390,Saving,103632.28,16-07-2025
ACC_3829,CID_2391,Saving,181216.4,15-03-2021
ACC_3830,CID_2392,Saving,244323.88,25-08-2019
ACC_3831,CID_2392,Current,379345.91,25-08-2019
ACC_3832,CID_2392,Demat,1040137.54,25-08-2019
ACC_3833,CID_2393,Saving,158945.37,16-11-2019
ACC_3834,CID_2394,Saving,166631.32,13-02-2024
ACC_3835,CID_2395,Recurring Deposit,137674.83,13-01-2018
ACC_3836,CID_2396,Saving,108606.7,21-12-2018
ACC_3837,CID_2397,Recurring Deposit,30736.57,12-07-2022
ACC_3838,CID_2398,Saving,28048.91,22-12-2025
ACC_3839,CID_2399,Saving,106825,06-10-2021
ACC_3840,CID_2400,Saving,190777.02,20-01-2026
ACC_3841,CID_2401,Saving,87286.82,24-05-2021
ACC_3842,CID_2401,Current,644605.76,24-05-2021
ACC_3843,CID_2401,Demat,901439.43,24-05-2021
ACC_3844,CID_2402,Saving,120347.4,26-11-2019
ACC_3845,CID_2403,Fixed Deposit,3229649.59,21-09-2025
ACC_3846,CID_2404,Saving,127669.58,03-06-2025
ACC_3847,CID_2404,Current,934042.28,03-06-2025
ACC_3848,CID_2404,Demat,224099.68,03-06-2025
ACC_3849,CID_2405,Saving,172632.01,16-05-2018
ACC_3850,CID_2405,Current,272540.3,16-05-2018
ACC_3851,CID_2405,Demat,1318296.17,16-05-2018
ACC_3852,CID_2406,Saving,239309.96,08-10-2021
ACC_3853,CID_2407,Saving,71061.93,27-02-2025
ACC_3854,CID_2407,Current,809900.44,27-02-2025
ACC_3855,CID_2407,Demat,1516685.16,27-02-2025
ACC_3856,CID_2408,Fixed Deposit,2654297.4,24-12-2025
ACC_3857,CID_2409,Saving,244374.21,20-08-2022
ACC_3858,CID_2409,Current,4367.47,20-08-2022
ACC_3859,CID_2409,Demat,1917449.93,20-08-2022
ACC_3860,CID_2410,Saving,138691.16,05-09-2022
ACC_3861,CID_2410,Current,568383.11,05-09-2022
ACC_3862,CID_2410,Demat,7913.73,05-09-2022
ACC_3863,CID_2411,Recurring Deposit,360719.5,19-11-2022
ACC_3864,CID_2412,Fixed Deposit,2935099.86,11-08-2020
ACC_3865,CID_2413,Fixed Deposit,3011845.93,20-05-2025
ACC_3866,CID_2414,Saving,156342.5,18-04-2020
ACC_3867,CID_2415,Recurring Deposit,179083.45,04-10-2018
ACC_3868,CID_2416,Saving,107990.39,24-04-2020
ACC_3869,CID_2417,Saving,19528.93,21-11-2024
ACC_3870,CID_2417,Current,565593.8,21-11-2024
ACC_3871,CID_2417,Demat,278306.49,21-11-2024
ACC_3872,CID_2418,Saving,117037.18,21-12-2018
ACC_3873,CID_2418,Current,535445.73,21-12-2018
ACC_3874,CID_2418,Demat,1478537.65,21-12-2018
ACC_3875,CID_2419,Saving,110599.65,11-06-2024
ACC_3876,CID_2420,Saving,54026.17,21-07-2021
ACC_3877,CID_2420,Current,371506.11,21-07-2021
ACC_3878,CID_2420,Demat,78048.65,21-07-2021
ACC_3879,CID_2421,Saving,30509.23,31-03-2020
ACC_3880,CID_2421,Current,281130.48,31-03-2020
ACC_3881,CID_2421,Demat,1179309.34,31-03-2020
ACC_3882,CID_2422,Saving,85533.16,21-05-2025
ACC_3883,CID_2422,Current,237472.8,21-05-2025
ACC_3884,CID_2422,Demat,241964.31,21-05-2025
ACC_3885,CID_2423,Recurring Deposit,469197.59,22-07-2018
ACC_3886,CID_2424,Saving,135498.25,03-07-2021
ACC_3887,CID_2425,Saving,210590.68,04-05-2024
ACC_3888,CID_2426,Saving,83020.66,27-11-2024
ACC_3889,CID_2426,Current,89621.47,27-11-2024
ACC_3890,CID_2426,Demat,1167844.02,27-11-2024
ACC_3891,CID_2427,Saving,87565.22,29-01-2018
ACC_3892,CID_2428,Saving,7211.39,06-04-2022
ACC_3893,CID_2429,Saving,5829.67,09-02-2023
ACC_3894,CID_2429,Current,275982.67,09-02-2023
ACC_3895,CID_2429,Demat,348276.12,09-02-2023
ACC_3896,CID_2430,Saving,45258.2,30-07-2025
ACC_3897,CID_2431,Saving,15788.15,19-11-2023
ACC_3898,CID_2432,Saving,29910.12,30-01-2024
ACC_3899,CID_2433,Recurring Deposit,380785.21,29-04-2025
ACC_3900,CID_2434,Saving,225338.55,22-12-2021
ACC_3901,CID_2435,Saving,9264.81,10-01-2021
ACC_3902,CID_2436,Recurring Deposit,55153.69,28-11-2023
ACC_3903,CID_2437,Saving,27555.71,13-11-2022
ACC_3904,CID_2438,Saving,178567.4,24-03-2023
ACC_3905,CID_2439,Fixed Deposit,4660941.18,07-11-2021
ACC_3906,CID_2440,Recurring Deposit,414558.99,18-11-2024
ACC_3907,CID_2441,Recurring Deposit,476855.43,19-04-2023
ACC_3908,CID_2442,Saving,209254.16,08-01-2022
ACC_3909,CID_2442,Current,445630.71,08-01-2022
ACC_3910,CID_2442,Demat,634881.75,08-01-2022
ACC_3911,CID_2443,Saving,183486.89,10-10-2025
ACC_3912,CID_2443,Current,772037.72,10-10-2025
ACC_3913,CID_2443,Demat,44955.35,10-10-2025
ACC_3914,CID_2444,Fixed Deposit,2329693.26,28-12-2024
ACC_3915,CID_2445,Saving,199252.15,11-12-2019
ACC_3916,CID_2445,Current,127652.17,11-12-2019
ACC_3917,CID_2445,Demat,112315.43,11-12-2019
ACC_3918,CID_2446,Saving,120090.76,22-12-2020
ACC_3919,CID_2446,Current,909423.65,22-12-2020
ACC_3920,CID_2446,Demat,1163421.36,22-12-2020
ACC_3921,CID_2447,Saving,219011.87,10-04-2022
ACC_3922,CID_2448,Saving,13164.16,14-05-2025
ACC_3923,CID_2448,Current,858444.85,14-05-2025
ACC_3924,CID_2448,Demat,1089622.67,14-05-2025
ACC_3925,CID_2449,Saving,138293.19,09-02-2019
ACC_3926,CID_2449,Current,339772.85,09-02-2019
ACC_3927,CID_2449,Demat,1077445.11,09-02-2019
ACC_3928,CID_2450,Saving,207113.47,05-09-2023
ACC_3929,CID_2451,Saving,212636.13,26-07-2025
ACC_3930,CID_2452,Recurring Deposit,349688.98,04-01-2023
ACC_3931,CID_2453,Saving,156397.59,27-06-2019
ACC_3932,CID_2454,Saving,158646.69,12-11-2023
ACC_3933,CID_2455,Saving,41576.34,21-12-2024
ACC_3934,CID_2456,Saving,8759.98,18-11-2024
ACC_3935,CID_2456,Current,12518.09,18-11-2024
ACC_3936,CID_2456,Demat,59507,18-11-2024
ACC_3937,CID_2457,Saving,80962.9,12-09-2021
ACC_3938,CID_2458,Saving,48010.29,05-12-2024
ACC_3939,CID_2459,Saving,223626.43,30-07-2022
ACC_3940,CID_2459,Current,647900.17,30-07-2022
ACC_3941,CID_2459,Demat,119208.92,30-07-2022
ACC_3942,CID_2460,Saving,179946.74,04-05-2021
ACC_3943,CID_2460,Current,988414.5,04-05-2021
ACC_3944,CID_2460,Demat,629123.83,04-05-2021
ACC_3945,CID_2461,Saving,72820.52,16-05-2025
ACC_3946,CID_2462,Saving,203285.09,11-08-2022
ACC_3947,CID_2463,Recurring Deposit,144304.72,11-01-2025
ACC_3948,CID_2464,Saving,190925.55,07-01-2024
ACC_3949,CID_2465,Saving,95171.59,20-10-2025
ACC_3950,CID_2466,Saving,117094.54,09-10-2024
ACC_3951,CID_2467,Saving,1197.5,03-04-2023
ACC_3952,CID_2467,Current,262024.01,03-04-2023
ACC_3953,CID_2467,Demat,494997.62,03-04-2023
ACC_3954,CID_2468,Saving,22627.79,20-01-2022
ACC_3955,CID_2468,Current,724175.33,20-01-2022
ACC_3956,CID_2468,Demat,553783.23,20-01-2022
ACC_3957,CID_2469,Saving,140968.88,27-02-2018
ACC_3958,CID_2469,Current,236565.97,27-02-2018
ACC_3959,CID_2469,Demat,302799.75,27-02-2018
ACC_3960,CID_2470,Recurring Deposit,185413.58,30-01-2022
ACC_3961,CID_2471,Saving,205483.76,06-03-2022
ACC_3962,CID_2472,Saving,178714.88,13-05-2021
ACC_3963,CID_2473,Saving,60477.27,08-08-2023
ACC_3964,CID_2474,Recurring Deposit,178183.46,23-08-2021
ACC_3965,CID_2475,Saving,46599.22,03-01-2026
ACC_3966,CID_2476,Saving,200597.43,28-07-2023
ACC_3967,CID_2476,Current,928210.46,28-07-2023
ACC_3968,CID_2476,Demat,1731176.4,28-07-2023
ACC_3969,CID_2477,Recurring Deposit,457702.23,11-08-2024
ACC_3970,CID_2478,Saving,240556.94,11-04-2025
ACC_3971,CID_2479,Fixed Deposit,2497251.65,29-08-2021
ACC_3972,CID_2480,Saving,94832.94,19-04-2020
ACC_3973,CID_2480,Current,764088.97,19-04-2020
ACC_3974,CID_2480,Demat,1059001,19-04-2020
ACC_3975,CID_2481,Saving,60935.68,12-07-2022
ACC_3976,CID_2481,Current,673326.79,12-07-2022
ACC_3977,CID_2481,Demat,287294.41,12-07-2022
ACC_3978,CID_2482,Saving,43132.35,30-10-2025
ACC_3979,CID_2483,Recurring Deposit,154440.8,25-09-2025
ACC_3980,CID_2484,Saving,61057.7,10-06-2019
ACC_3981,CID_2484,Current,420379.91,10-06-2019
ACC_3982,CID_2484,Demat,1435397.28,10-06-2019
ACC_3983,CID_2485,Saving,77741.47,21-08-2020
ACC_3984,CID_2486,Recurring Deposit,411196.42,24-09-2022
ACC_3985,CID_2487,Saving,236562.36,11-04-2018
ACC_3986,CID_2488,Recurring Deposit,94107.95,06-06-2024
ACC_3987,CID_2489,Saving,170954.26,06-02-2020
ACC_3988,CID_2490,Recurring Deposit,12608.79,30-05-2024
ACC_3989,CID_2491,Saving,77278.5,03-03-2025
ACC_3990,CID_2492,Saving,203773.12,03-10-2018
ACC_3991,CID_2493,Saving,27686.81,28-12-2023
ACC_3992,CID_2494,Saving,45024.43,12-07-2021
ACC_3993,CID_2495,Saving,243132.79,24-02-2022
ACC_3994,CID_2495,Current,466217.01,24-02-2022
ACC_3995,CID_2495,Demat,1664347.96,24-02-2022
ACC_3996,CID_2496,Saving,85312.29,09-06-2020
ACC_3997,CID_2496,Current,290406.5,09-06-2020
ACC_3998,CID_2496,Demat,1279967.16,09-06-2020
ACC_3999,CID_2497,Saving,229163.23,11-03-2025
ACC_4000,CID_2497,Current,209728.24,11-03-2025
ACC_4001,CID_2497,Demat,1531267.63,11-03-2025
ACC_4002,CID_2498,Saving,146986.83,02-08-2023
ACC_4003,CID_2499,Saving,55858.77,29-01-2026
ACC_4004,CID_2500,Saving,150163.87,05-03-2022
ACC_4005,CID_2501,Fixed Deposit,627656.22,07-04-2025
ACC_4006,CID_2502,Saving,60653.53,26-03-2023
ACC_4007,CID_2503,Saving,49898.54,23-03-2020
ACC_4008,CID_2503,Current,217565.48,23-03-2020
ACC_4009,CID_2503,Demat,812964.04,23-03-2020
ACC_4010,CID_2504,Recurring Deposit,427551.95,16-04-2018
ACC_4011,CID_2505,Saving,187635.59,05-08-2025
ACC_4012,CID_2505,Current,761592.23,05-08-2025
ACC_4013,CID_2505,Demat,995849.47,05-08-2025
ACC_4014,CID_2506,Saving,125420.54,27-11-2021
ACC_4015,CID_2507,Fixed Deposit,4460201.24,26-02-2021
ACC_4016,CID_2508,Saving,205177.04,30-09-2025
ACC_4017,CID_2508,Current,997265.85,30-09-2025
ACC_4018,CID_2508,Demat,63649.45,30-09-2025
ACC_4019,CID_2509,Saving,104048.16,15-05-2024
ACC_4020,CID_2509,Current,550190.69,15-05-2024
ACC_4021,CID_2509,Demat,1676005.53,15-05-2024
ACC_4022,CID_2510,Saving,172254.98,15-04-2025
ACC_4023,CID_2510,Current,334518.11,15-04-2025
ACC_4024,CID_2510,Demat,1275482.7,15-04-2025
ACC_4025,CID_2511,Saving,244760.93,11-05-2021
ACC_4026,CID_2512,Saving,1266.99,24-07-2025
ACC_4027,CID_2512,Current,621437.05,24-07-2025
ACC_4028,CID_2512,Demat,431335.02,24-07-2025
ACC_4029,CID_2513,Saving,221528.04,07-10-2022
ACC_4030,CID_2514,Saving,18192.72,05-10-2021
ACC_4031,CID_2514,Current,124050.47,05-10-2021
ACC_4032,CID_2514,Demat,1054293.03,05-10-2021
ACC_4033,CID_2515,Saving,135037.72,13-06-2019
ACC_4034,CID_2515,Current,226618.24,13-06-2019
ACC_4035,CID_2515,Demat,797019.26,13-06-2019
ACC_4036,CID_2516,Saving,7080.85,19-10-2023
ACC_4037,CID_2516,Current,140154.36,19-10-2023
ACC_4038,CID_2516,Demat,1993881.11,19-10-2023
ACC_4039,CID_2517,Recurring Deposit,470858.47,25-09-2025
ACC_4040,CID_2518,Saving,60415.53,23-11-2025
ACC_4041,CID_2519,Saving,23510.07,14-02-2025
ACC_4042,CID_2520,Saving,214390.68,22-11-2022
ACC_4043,CID_2520,Current,294654.43,22-11-2022
ACC_4044,CID_2520,Demat,1041762.09,22-11-2022
ACC_4045,CID_2521,Saving,5802.93,10-08-2023
ACC_4046,CID_2522,Recurring Deposit,214906.09,22-08-2019
ACC_4047,CID_2523,Saving,29569.91,26-05-2021
ACC_4048,CID_2524,Saving,234741.88,06-06-2018
ACC_4049,CID_2525,Recurring Deposit,181299.73,21-08-2023
ACC_4050,CID_2526,Fixed Deposit,3816053.57,12-04-2025
ACC_4051,CID_2527,Recurring Deposit,160868.73,09-01-2023
ACC_4052,CID_2528,Recurring Deposit,127759.43,25-11-2019
ACC_4053,CID_2529,Recurring Deposit,255028.83,09-03-2025
ACC_4054,CID_2530,Saving,156781.38,02-08-2019
ACC_4055,CID_2531,Recurring Deposit,451306.51,11-02-2022
ACC_4056,CID_2532,Saving,207932.19,19-10-2022
ACC_4057,CID_2532,Current,291110.42,19-10-2022
ACC_4058,CID_2532,Demat,1926442.47,19-10-2022
ACC_4059,CID_2533,Saving,224141.94,21-08-2022
ACC_4060,CID_2534,Saving,195170.69,06-06-2023
ACC_4061,CID_2534,Current,343266.67,06-06-2023
ACC_4062,CID_2534,Demat,478664.22,06-06-2023
ACC_4063,CID_2535,Saving,53384.21,23-09-2021
ACC_4064,CID_2536,Recurring Deposit,27646.77,17-01-2020
ACC_4065,CID_2537,Saving,151617.67,19-04-2025
ACC_4066,CID_2538,Saving,248301.03,29-06-2023
ACC_4067,CID_2539,Fixed Deposit,1435964.43,06-06-2023
ACC_4068,CID_2540,Recurring Deposit,495955.15,24-04-2024
ACC_4069,CID_2541,Fixed Deposit,3533746.57,16-06-2021
ACC_4070,CID_2542,Fixed Deposit,2867849.14,02-07-2024
ACC_4071,CID_2543,Saving,207655.41,22-04-2019
ACC_4072,CID_2543,Current,642107.57,22-04-2019
ACC_4073,CID_2543,Demat,1520191.82,22-04-2019
ACC_4074,CID_2544,Recurring Deposit,73445.34,10-12-2024
ACC_4075,CID_2545,Saving,142405.92,11-11-2023
ACC_4076,CID_2546,Saving,5807.7,21-05-2024
ACC_4077,CID_2547,Recurring Deposit,487452.02,22-01-2024
ACC_4078,CID_2548,Saving,46646.17,16-04-2025
ACC_4079,CID_2549,Saving,242292.96,16-04-2024
ACC_4080,CID_2550,Fixed Deposit,283314.88,23-07-2020
ACC_4081,CID_2551,Fixed Deposit,2370157.97,23-08-2018
ACC_4082,CID_2552,Recurring Deposit,209434.13,29-12-2024
ACC_4083,CID_2553,Saving,43891.7,25-07-2024
ACC_4084,CID_2554,Recurring Deposit,362476.24,21-09-2025
ACC_4085,CID_2555,Saving,165804.56,28-02-2018
ACC_4086,CID_2556,Recurring Deposit,260584.05,28-06-2022
ACC_4087,CID_2557,Saving,4866.07,24-12-2021
ACC_4088,CID_2557,Current,818954.21,24-12-2021
ACC_4089,CID_2557,Demat,572979.35,24-12-2021
ACC_4090,CID_2558,Saving,221877.04,24-10-2025
ACC_4091,CID_2559,Saving,141783.83,22-12-2024
ACC_4092,CID_2560,Recurring Deposit,424636.89,22-06-2023
ACC_4093,CID_2561,Recurring Deposit,272705.71,31-12-2019
ACC_4094,CID_2562,Saving,66876.62,21-09-2025
ACC_4095,CID_2562,Current,783817.25,21-09-2025
ACC_4096,CID_2562,Demat,767955.61,21-09-2025
ACC_4097,CID_2563,Saving,230903.62,27-01-2021
ACC_4098,CID_2564,Saving,106775.47,10-01-2021
ACC_4099,CID_2565,Saving,143091,22-07-2024
ACC_4100,CID_2566,Saving,48414.21,12-09-2025
ACC_4101,CID_2566,Current,267780.01,12-09-2025
ACC_4102,CID_2566,Demat,1085228.83,12-09-2025
ACC_4103,CID_2567,Saving,193399.64,11-11-2022
ACC_4104,CID_2567,Current,849913.78,11-11-2022
ACC_4105,CID_2567,Demat,547443.4,11-11-2022
ACC_4106,CID_2568,Saving,239826.02,04-09-2023
ACC_4107,CID_2568,Current,478938.91,04-09-2023
ACC_4108,CID_2568,Demat,451350.7,04-09-2023
ACC_4109,CID_2569,Saving,108844.91,04-11-2025
ACC_4110,CID_2570,Fixed Deposit,592751.89,27-10-2025
ACC_4111,CID_2571,Saving,167244.6,30-04-2024
ACC_4112,CID_2572,Saving,242388.39,22-06-2023
ACC_4113,CID_2572,Current,854595.31,22-06-2023
ACC_4114,CID_2572,Demat,100592.72,22-06-2023
ACC_4115,CID_2573,Saving,14468.57,02-02-2023
ACC_4116,CID_2574,Saving,151830.15,06-10-2020
ACC_4117,CID_2575,Saving,102243.87,01-01-2019
ACC_4118,CID_2575,Current,178012.02,01-01-2019
ACC_4119,CID_2575,Demat,1260926.79,01-01-2019
ACC_4120,CID_2576,Saving,156930.93,14-05-2023
ACC_4121,CID_2577,Saving,159556.97,10-03-2023
ACC_4122,CID_2578,Saving,110952.39,02-02-2025
ACC_4123,CID_2579,Saving,235761.27,29-01-2023
ACC_4124,CID_2580,Saving,215822.57,16-03-2022
ACC_4125,CID_2580,Current,671722.03,16-03-2022
ACC_4126,CID_2580,Demat,1194642.46,16-03-2022
ACC_4127,CID_2581,Recurring Deposit,373185.65,21-07-2018
ACC_4128,CID_2582,Recurring Deposit,192852.12,29-06-2025
ACC_4129,CID_2583,Saving,174970.44,01-10-2024
ACC_4130,CID_2584,Saving,194546.1,15-05-2022
ACC_4131,CID_2584,Current,23712.33,15-05-2022
ACC_4132,CID_2584,Demat,1873466.08,15-05-2022
ACC_4133,CID_2585,Saving,17255.94,12-08-2022
ACC_4134,CID_2585,Current,196073.26,12-08-2022
ACC_4135,CID_2585,Demat,409319.55,12-08-2022
ACC_4136,CID_2586,Saving,33600.08,08-01-2026
ACC_4137,CID_2586,Current,931455.24,08-01-2026
ACC_4138,CID_2586,Demat,718968.48,08-01-2026
ACC_4139,CID_2587,Recurring Deposit,201254.84,30-04-2020
ACC_4140,CID_2588,Saving,20248.13,18-10-2025
ACC_4141,CID_2588,Current,11630.74,18-10-2025
ACC_4142,CID_2588,Demat,1699843.25,18-10-2025
ACC_4143,CID_2589,Saving,41264.01,07-04-2020
ACC_4144,CID_2590,Saving,187709.25,13-02-2020
ACC_4145,CID_2590,Current,238735.01,13-02-2020
ACC_4146,CID_2590,Demat,1029022.38,13-02-2020
ACC_4147,CID_2591,Saving,143572.19,26-10-2020
ACC_4148,CID_2592,Saving,48001.61,19-09-2018
ACC_4149,CID_2592,Current,448041.86,19-09-2018
ACC_4150,CID_2592,Demat,1783344.08,19-09-2018
ACC_4151,CID_2593,Saving,12771.46,23-08-2022
ACC_4152,CID_2594,Saving,216098.65,18-05-2022
ACC_4153,CID_2595,Recurring Deposit,48163.61,19-05-2018
ACC_4154,CID_2596,Saving,59508.62,14-10-2024
ACC_4155,CID_2596,Current,205685.43,14-10-2024
ACC_4156,CID_2596,Demat,504001.24,14-10-2024
ACC_4157,CID_2597,Saving,133778.36,18-04-2022
ACC_4158,CID_2598,Recurring Deposit,333970.9,15-06-2023
ACC_4159,CID_2599,Saving,40788.5,14-10-2021
ACC_4160,CID_2600,Saving,206917.03,25-11-2025
ACC_4161,CID_2601,Saving,65644.04,28-02-2019
ACC_4162,CID_2602,Recurring Deposit,367539.44,11-08-2019
ACC_4163,CID_2603,Saving,189590.67,30-03-2022
ACC_4164,CID_2604,Saving,219222.44,04-04-2024
ACC_4165,CID_2604,Current,848228,04-04-2024
ACC_4166,CID_2604,Demat,358547.13,04-04-2024
ACC_4167,CID_2605,Saving,7774.66,23-04-2024
ACC_4168,CID_2605,Current,229679.38,23-04-2024
ACC_4169,CID_2605,Demat,1501791.1,23-04-2024
ACC_4170,CID_2606,Saving,136377.29,06-03-2026
ACC_4171,CID_2607,Recurring Deposit,497239.38,25-08-2019
ACC_4172,CID_2608,Saving,215295.56,23-05-2025
ACC_4173,CID_2609,Saving,195081.52,12-03-2025
ACC_4174,CID_2610,Recurring Deposit,188682.3,30-12-2019
ACC_4175,CID_2611,Recurring Deposit,91044.04,30-01-2021
ACC_4176,CID_2612,Recurring Deposit,44008.38,07-09-2021
ACC_4177,CID_2613,Recurring Deposit,8401.24,04-08-2024
ACC_4178,CID_2614,Recurring Deposit,343687,03-12-2020
ACC_4179,CID_2615,Recurring Deposit,261895.89,17-12-2019
ACC_4180,CID_2616,Saving,142182.83,15-09-2021
ACC_4181,CID_2617,Recurring Deposit,267595.49,07-03-2025
ACC_4182,CID_2618,Saving,135693.48,05-03-2021
ACC_4183,CID_2619,Saving,32155.08,12-06-2022
ACC_4184,CID_2619,Current,918667.42,12-06-2022
ACC_4185,CID_2619,Demat,1702490.56,12-06-2022
ACC_4186,CID_2620,Saving,182544.38,08-07-2020
ACC_4187,CID_2620,Current,662651.27,08-07-2020
ACC_4188,CID_2620,Demat,1086853.24,08-07-2020
ACC_4189,CID_2621,Saving,127086.63,19-01-2018
ACC_4190,CID_2621,Current,292575.74,19-01-2018
ACC_4191,CID_2621,Demat,264326.41,19-01-2018
ACC_4192,CID_2622,Recurring Deposit,256590.61,27-04-2024
ACC_4193,CID_2623,Saving,21461.52,26-09-2020
ACC_4194,CID_2623,Current,347432.59,26-09-2020
ACC_4195,CID_2623,Demat,1254001.36,26-09-2020
ACC_4196,CID_2624,Saving,187918.01,27-07-2024
ACC_4197,CID_2624,Current,36763.68,27-07-2024
ACC_4198,CID_2624,Demat,1311391.58,27-07-2024
ACC_4199,CID_2625,Saving,45171.05,19-09-2025
ACC_4200,CID_2625,Current,895300.86,19-09-2025
ACC_4201,CID_2625,Demat,806298.39,19-09-2025
ACC_4202,CID_2626,Recurring Deposit,486082.68,05-06-2019
ACC_4203,CID_2627,Saving,154087.93,12-12-2025
ACC_4204,CID_2627,Current,275625.14,12-12-2025
ACC_4205,CID_2627,Demat,1561594.61,12-12-2025
ACC_4206,CID_2628,Recurring Deposit,486705.33,19-02-2021
ACC_4207,CID_2629,Recurring Deposit,271446.41,22-07-2023
ACC_4208,CID_2630,Saving,109397.91,13-07-2025
ACC_4209,CID_2630,Current,497728.85,13-07-2025
ACC_4210,CID_2630,Demat,1691795.01,13-07-2025
ACC_4211,CID_2631,Saving,144412.67,20-02-2025
ACC_4212,CID_2632,Recurring Deposit,159808.67,25-09-2022
ACC_4213,CID_2633,Recurring Deposit,341487.02,10-12-2023
ACC_4214,CID_2634,Saving,220813.6,29-11-2022
ACC_4215,CID_2635,Fixed Deposit,1910886.56,12-12-2021
ACC_4216,CID_2636,Recurring Deposit,20119.58,23-03-2022
ACC_4217,CID_2637,Saving,70259.47,18-04-2023
ACC_4218,CID_2637,Current,542228.32,18-04-2023
ACC_4219,CID_2637,Demat,1557866.27,18-04-2023
ACC_4220,CID_2638,Saving,233590.6,04-01-2021
ACC_4221,CID_2639,Saving,35518.36,01-12-2018
ACC_4222,CID_2640,Saving,159756.15,09-12-2019
ACC_4223,CID_2640,Current,634315.07,09-12-2019
ACC_4224,CID_2640,Demat,270530.32,09-12-2019
ACC_4225,CID_2641,Saving,67678.49,22-02-2025
ACC_4226,CID_2641,Current,391993.97,22-02-2025
ACC_4227,CID_2641,Demat,1733413.88,22-02-2025
ACC_4228,CID_2642,Recurring Deposit,467333.62,22-03-2025
ACC_4229,CID_2643,Saving,65551.74,19-12-2023
ACC_4230,CID_2643,Current,684784.79,19-12-2023
ACC_4231,CID_2643,Demat,1832414.27,19-12-2023
ACC_4232,CID_2644,Saving,247350.59,31-12-2025
ACC_4233,CID_2645,Fixed Deposit,1951491.9,02-07-2025
ACC_4234,CID_2646,Fixed Deposit,1116044.11,20-01-2019
ACC_4235,CID_2647,Saving,171766.15,21-01-2021
ACC_4236,CID_2648,Saving,26999.55,25-10-2022
ACC_4237,CID_2649,Saving,161632.3,24-02-2020
ACC_4238,CID_2650,Fixed Deposit,2797837.67,20-08-2020
ACC_4239,CID_2651,Saving,189118.98,02-11-2024
ACC_4240,CID_2652,Saving,77001.52,30-01-2025
ACC_4241,CID_2653,Recurring Deposit,256642.79,08-09-2024
ACC_4242,CID_2654,Fixed Deposit,4570263.18,11-10-2025
ACC_4243,CID_2655,Saving,12199.01,26-12-2019
ACC_4244,CID_2655,Current,522021.05,26-12-2019
ACC_4245,CID_2655,Demat,1410848.8,26-12-2019
ACC_4246,CID_2656,Fixed Deposit,439190.76,05-01-2019
ACC_4247,CID_2657,Saving,81648.87,13-04-2021
ACC_4248,CID_2658,Fixed Deposit,1019462.97,13-07-2021
ACC_4249,CID_2659,Saving,155035.19,14-05-2025
ACC_4250,CID_2659,Current,215253.13,14-05-2025
ACC_4251,CID_2659,Demat,841870.02,14-05-2025
ACC_4252,CID_2660,Fixed Deposit,2242161.03,18-12-2023
ACC_4253,CID_2661,Recurring Deposit,133611.46,02-04-2022
ACC_4254,CID_2662,Saving,161006.35,21-05-2024
ACC_4255,CID_2662,Current,109995.59,21-05-2024
ACC_4256,CID_2662,Demat,1901021.65,21-05-2024
ACC_4257,CID_2663,Saving,44742.53,04-03-2021
ACC_4258,CID_2664,Saving,237019.8,15-11-2019
ACC_4259,CID_2664,Current,122891.69,15-11-2019
ACC_4260,CID_2664,Demat,1185510.93,15-11-2019
ACC_4261,CID_2665,Recurring Deposit,417621.16,07-02-2023
ACC_4262,CID_2666,Saving,59134.98,16-05-2020
ACC_4263,CID_2667,Fixed Deposit,1748098.11,17-02-2020
ACC_4264,CID_2668,Saving,202369.92,22-12-2025
ACC_4265,CID_2669,Fixed Deposit,4321531.76,02-05-2024
ACC_4266,CID_2670,Fixed Deposit,2254400.56,23-04-2018
ACC_4267,CID_2671,Fixed Deposit,699713.12,11-04-2024
ACC_4268,CID_2672,Recurring Deposit,446692.31,11-07-2021
ACC_4269,CID_2673,Saving,147286.14,22-01-2022
ACC_4270,CID_2674,Recurring Deposit,307210.26,01-09-2022
ACC_4271,CID_2675,Saving,76483.16,23-08-2020
ACC_4272,CID_2675,Current,614768.14,23-08-2020
ACC_4273,CID_2675,Demat,241722.26,23-08-2020
ACC_4274,CID_2676,Saving,246353.83,26-10-2023
ACC_4275,CID_2677,Saving,2061.26,23-02-2026
ACC_4276,CID_2678,Saving,200504.56,09-09-2022
ACC_4277,CID_2679,Saving,219662.73,12-02-2021
ACC_4278,CID_2680,Saving,160841.3,09-09-2020
ACC_4279,CID_2681,Saving,17776.02,07-11-2025
ACC_4280,CID_2682,Saving,120392.03,05-08-2025
ACC_4281,CID_2683,Saving,158434.78,19-05-2025
ACC_4282,CID_2683,Current,555990.5,19-05-2025
ACC_4283,CID_2683,Demat,368387.33,19-05-2025
ACC_4284,CID_2684,Saving,71448.56,29-06-2023
ACC_4285,CID_2685,Saving,146815.16,03-12-2021
ACC_4286,CID_2686,Fixed Deposit,3454899.68,02-02-2023
ACC_4287,CID_2687,Recurring Deposit,394625,27-09-2025
ACC_4288,CID_2688,Saving,37851.32,03-03-2018
ACC_4289,CID_2688,Current,7359.02,03-03-2018
ACC_4290,CID_2688,Demat,735756.74,03-03-2018
ACC_4291,CID_2689,Fixed Deposit,1446687.19,11-04-2023
ACC_4292,CID_2690,Saving,201443.5,05-02-2020
ACC_4293,CID_2690,Current,173701.04,05-02-2020
ACC_4294,CID_2690,Demat,1089012.61,05-02-2020
ACC_4295,CID_2691,Saving,209166.5,04-03-2019
ACC_4296,CID_2691,Current,127169.12,04-03-2019
ACC_4297,CID_2691,Demat,1215125.58,04-03-2019
ACC_4298,CID_2692,Saving,23604.72,08-09-2019
ACC_4299,CID_2693,Saving,22917.82,10-11-2024
ACC_4300,CID_2693,Current,245503.74,10-11-2024
ACC_4301,CID_2693,Demat,528468.79,10-11-2024
ACC_4302,CID_2694,Saving,86579.27,04-02-2021
ACC_4303,CID_2695,Recurring Deposit,259821.97,15-03-2022
ACC_4304,CID_2696,Saving,44646.82,06-05-2024
ACC_4305,CID_2697,Saving,65455,14-07-2018
ACC_4306,CID_2698,Saving,34348.83,10-04-2019
ACC_4307,CID_2699,Saving,154843.57,04-11-2025
ACC_4308,CID_2700,Recurring Deposit,449926.08,24-06-2023
ACC_4309,CID_2701,Saving,26011.36,18-03-2024
ACC_4310,CID_2701,Current,54043.37,18-03-2024
ACC_4311,CID_2701,Demat,1738715.56,18-03-2024
ACC_4312,CID_2702,Recurring Deposit,32597.65,18-08-2019
ACC_4313,CID_2703,Recurring Deposit,364423.42,16-08-2021
ACC_4314,CID_2704,Fixed Deposit,4783888.11,17-06-2019
ACC_4315,CID_2705,Saving,43549.69,30-08-2022
ACC_4316,CID_2706,Saving,153894.9,27-05-2025
ACC_4317,CID_2706,Current,741253.58,27-05-2025
ACC_4318,CID_2706,Demat,1763709.63,27-05-2025
ACC_4319,CID_2707,Saving,164483.15,14-07-2024
ACC_4320,CID_2708,Saving,76148.04,03-09-2019
ACC_4321,CID_2708,Current,553583.26,03-09-2019
ACC_4322,CID_2708,Demat,292026.55,03-09-2019
ACC_4323,CID_2709,Saving,91241.23,25-01-2025
ACC_4324,CID_2709,Current,964187.35,25-01-2025
ACC_4325,CID_2709,Demat,1579756.62,25-01-2025
ACC_4326,CID_2710,Recurring Deposit,154722.65,23-10-2025
ACC_4327,CID_2711,Saving,181334.12,18-03-2019
ACC_4328,CID_2711,Current,463564.42,18-03-2019
ACC_4329,CID_2711,Demat,1488601.72,18-03-2019
ACC_4330,CID_2712,Saving,202156.34,31-03-2024
ACC_4331,CID_2712,Current,290552.95,31-03-2024
ACC_4332,CID_2712,Demat,1884087.2,31-03-2024
ACC_4333,CID_2713,Saving,216425.58,07-03-2021
ACC_4334,CID_2713,Current,578031.32,07-03-2021
ACC_4335,CID_2713,Demat,1906389.44,07-03-2021
ACC_4336,CID_2714,Recurring Deposit,91049.77,18-01-2021
ACC_4337,CID_2715,Saving,212062,03-07-2023
ACC_4338,CID_2715,Current,582683.52,03-07-2023
ACC_4339,CID_2715,Demat,10362.72,03-07-2023
ACC_4340,CID_2716,Saving,14331.66,24-04-2025
ACC_4341,CID_2717,Saving,149176,18-03-2025
ACC_4342,CID_2717,Current,759985.89,18-03-2025
ACC_4343,CID_2717,Demat,1821773.65,18-03-2025
ACC_4344,CID_2718,Saving,177125.7,14-12-2024
ACC_4345,CID_2718,Current,817682.74,14-12-2024
ACC_4346,CID_2718,Demat,280859.36,14-12-2024
ACC_4347,CID_2719,Saving,33101.75,21-02-2019
ACC_4348,CID_2719,Current,29050.3,21-02-2019
ACC_4349,CID_2719,Demat,1352065.16,21-02-2019
ACC_4350,CID_2720,Saving,91394.66,16-05-2025
ACC_4351,CID_2720,Current,729473.89,16-05-2025
ACC_4352,CID_2720,Demat,1453588.09,16-05-2025
ACC_4353,CID_2721,Saving,43729.95,26-08-2024
ACC_4354,CID_2722,Saving,122491.88,10-10-2025
ACC_4355,CID_2723,Recurring Deposit,284891.73,15-06-2020
ACC_4356,CID_2724,Saving,180650.1,05-10-2024
ACC_4357,CID_2725,Saving,89662.38,23-01-2025
ACC_4358,CID_2725,Current,237559.06,23-01-2025
ACC_4359,CID_2725,Demat,1072304.19,23-01-2025
ACC_4360,CID_2726,Saving,4825.59,20-06-2023
ACC_4361,CID_2727,Saving,20961.47,10-09-2025
ACC_4362,CID_2728,Saving,17068.9,15-11-2022
ACC_4363,CID_2729,Recurring Deposit,449371.33,23-07-2024
ACC_4364,CID_2730,Saving,160906.46,05-12-2023
ACC_4365,CID_2731,Saving,6495.47,22-10-2021
ACC_4366,CID_2732,Saving,217030.31,06-01-2019
ACC_4367,CID_2733,Recurring Deposit,98969.98,09-05-2019
ACC_4368,CID_2734,Saving,248048.52,30-07-2025
ACC_4369,CID_2735,Saving,23685.84,09-09-2025
ACC_4370,CID_2736,Saving,12579.91,07-06-2025
ACC_4371,CID_2737,Saving,29960.76,08-06-2018
ACC_4372,CID_2738,Fixed Deposit,706778.9,29-10-2021
ACC_4373,CID_2739,Saving,22764.53,20-02-2026
ACC_4374,CID_2740,Saving,26574.13,02-10-2019
ACC_4375,CID_2741,Saving,8463.38,12-06-2024
ACC_4376,CID_2742,Recurring Deposit,265048.45,05-07-2022
ACC_4377,CID_2743,Saving,231408,19-07-2023
ACC_4378,CID_2743,Current,747026.32,19-07-2023
ACC_4379,CID_2743,Demat,432108,19-07-2023
ACC_4380,CID_2744,Saving,84659.64,06-12-2020
ACC_4381,CID_2745,Saving,162831.32,02-05-2021
ACC_4382,CID_2746,Saving,196357.75,28-04-2022
ACC_4383,CID_2747,Saving,197564.33,03-11-2018
ACC_4384,CID_2748,Saving,84620.33,05-11-2019
ACC_4385,CID_2749,Saving,81996.5,10-11-2025
ACC_4386,CID_2750,Saving,72034.88,20-07-2025
ACC_4387,CID_2750,Current,129678.6,20-07-2025
ACC_4388,CID_2750,Demat,1680782.81,20-07-2025
ACC_4389,CID_2751,Fixed Deposit,4972889.77,18-09-2020
ACC_4390,CID_2752,Recurring Deposit,405421.84,01-11-2023
ACC_4391,CID_2753,Fixed Deposit,3581209.93,24-01-2023
ACC_4392,CID_2754,Saving,173792.87,27-02-2018
ACC_4393,CID_2755,Saving,24743.43,22-11-2022
ACC_4394,CID_2755,Current,968916.62,22-11-2022
ACC_4395,CID_2755,Demat,241707.41,22-11-2022
ACC_4396,CID_2756,Recurring Deposit,275297.79,11-08-2024
ACC_4397,CID_2757,Saving,231043,09-07-2023
ACC_4398,CID_2758,Saving,235407.41,27-11-2018
ACC_4399,CID_2758,Current,888214.2,27-11-2018
ACC_4400,CID_2758,Demat,1558149.52,27-11-2018
ACC_4401,CID_2759,Saving,232581.21,01-02-2024
ACC_4402,CID_2760,Saving,153755.66,24-07-2023
ACC_4403,CID_2760,Current,479831.19,24-07-2023
ACC_4404,CID_2760,Demat,1117269.16,24-07-2023
ACC_4405,CID_2761,Saving,149967.17,16-11-2021
ACC_4406,CID_2761,Current,62457.04,16-11-2021
ACC_4407,CID_2761,Demat,1439087.76,16-11-2021
ACC_4408,CID_2762,Saving,215560.09,02-05-2024
ACC_4409,CID_2762,Current,23358.01,02-05-2024
ACC_4410,CID_2762,Demat,460261.49,02-05-2024
ACC_4411,CID_2763,Saving,162698.52,01-09-2025
ACC_4412,CID_2764,Saving,65634.93,02-10-2025
ACC_4413,CID_2765,Saving,55848.31,04-08-2023
ACC_4414,CID_2766,Saving,4706.6,28-02-2020
ACC_4415,CID_2767,Saving,192218.92,16-01-2023
ACC_4416,CID_2768,Saving,223314.11,31-08-2019
ACC_4417,CID_2768,Current,308951.07,31-08-2019
ACC_4418,CID_2768,Demat,134440.36,31-08-2019
ACC_4419,CID_2769,Saving,194705.89,01-10-2021
ACC_4420,CID_2769,Current,348684.09,01-10-2021
ACC_4421,CID_2769,Demat,573662,01-10-2021
ACC_4422,CID_2770,Saving,27053.04,17-11-2025
ACC_4423,CID_2771,Saving,11508.84,31-07-2023
ACC_4424,CID_2772,Saving,196008.35,19-11-2022
ACC_4425,CID_2772,Current,123514.18,19-11-2022
ACC_4426,CID_2772,Demat,418402.81,19-11-2022
ACC_4427,CID_2773,Saving,25544.11,23-04-2019
ACC_4428,CID_2773,Current,399239.7,23-04-2019
ACC_4429,CID_2773,Demat,1528071.27,23-04-2019
ACC_4430,CID_2774,Saving,106239.42,15-06-2022
ACC_4431,CID_2775,Saving,129454.56,28-08-2022
ACC_4432,CID_2776,Saving,8105.27,25-11-2018
ACC_4433,CID_2777,Saving,116132.11,14-11-2020
ACC_4434,CID_2778,Saving,25865.78,18-12-2023
ACC_4435,CID_2779,Saving,83368.75,26-02-2024
ACC_4436,CID_2780,Saving,242507.33,23-01-2023
ACC_4437,CID_2781,Saving,100453.97,24-06-2023
ACC_4438,CID_2782,Saving,6685.14,04-09-2018
ACC_4439,CID_2783,Saving,214921.43,27-11-2022
ACC_4440,CID_2784,Saving,106764.14,14-02-2025
ACC_4441,CID_2784,Current,430055.43,14-02-2025
ACC_4442,CID_2784,Demat,511252.51,14-02-2025
ACC_4443,CID_2785,Saving,140533.84,23-02-2022
ACC_4444,CID_2786,Recurring Deposit,388725.41,19-04-2021
ACC_4445,CID_2787,Fixed Deposit,4598086.5,08-09-2021
ACC_4446,CID_2788,Saving,98709.21,21-10-2023
ACC_4447,CID_2789,Saving,131391.67,11-09-2018
ACC_4448,CID_2790,Saving,14866.43,17-08-2025
ACC_4449,CID_2791,Saving,77995.02,08-04-2023
ACC_4450,CID_2792,Saving,6720.88,21-03-2018
ACC_4451,CID_2792,Current,68743.43,21-03-2018
ACC_4452,CID_2792,Demat,237376.66,21-03-2018
ACC_4453,CID_2793,Saving,166800.86,26-10-2019
ACC_4454,CID_2793,Current,125199.1,26-10-2019
ACC_4455,CID_2793,Demat,508371.67,26-10-2019
ACC_4456,CID_2794,Saving,146598.37,29-07-2024
ACC_4457,CID_2795,Fixed Deposit,2818974.72,27-11-2023
ACC_4458,CID_2796,Recurring Deposit,158208.44,05-12-2025
ACC_4459,CID_2797,Saving,79508.14,07-04-2024
ACC_4460,CID_2797,Current,172948.45,07-04-2024
ACC_4461,CID_2797,Demat,514765.77,07-04-2024
ACC_4462,CID_2798,Fixed Deposit,1495168.02,13-04-2024
ACC_4463,CID_2799,Saving,228187.69,04-11-2025
ACC_4464,CID_2799,Current,783542.54,04-11-2025
ACC_4465,CID_2799,Demat,1060729.9,04-11-2025
ACC_4466,CID_2800,Recurring Deposit,100133.23,28-02-2024
ACC_4467,CID_2801,Saving,103936.78,05-09-2021
ACC_4468,CID_2802,Saving,103016.36,27-10-2021
ACC_4469,CID_2803,Saving,72020.43,13-12-2025
ACC_4470,CID_2804,Saving,142968.97,29-11-2023
ACC_4471,CID_2804,Current,248993.56,29-11-2023
ACC_4472,CID_2804,Demat,1662678.33,29-11-2023
ACC_4473,CID_2805,Saving,172376.6,14-03-2023
ACC_4474,CID_2806,Recurring Deposit,291849.11,16-11-2025
ACC_4475,CID_2807,Saving,201849.85,12-02-2021
ACC_4476,CID_2808,Saving,227812.17,19-12-2023
ACC_4477,CID_2808,Current,165977.59,19-12-2023
ACC_4478,CID_2808,Demat,864420.07,19-12-2023
ACC_4479,CID_2809,Saving,53978.39,07-06-2020
ACC_4480,CID_2809,Current,51929.81,07-06-2020
ACC_4481,CID_2809,Demat,924179.88,07-06-2020
ACC_4482,CID_2810,Saving,22711.19,15-08-2021
ACC_4483,CID_2810,Current,55867.55,15-08-2021
ACC_4484,CID_2810,Demat,320925.16,15-08-2021
ACC_4485,CID_2811,Fixed Deposit,3142572.64,21-03-2020
ACC_4486,CID_2812,Saving,243323.25,02-03-2026
ACC_4487,CID_2812,Current,84604.64,02-03-2026
ACC_4488,CID_2812,Demat,741907.08,02-03-2026
ACC_4489,CID_2813,Recurring Deposit,442590.54,11-10-2023
ACC_4490,CID_2814,Saving,28433.2,16-03-2025
ACC_4491,CID_2815,Fixed Deposit,2523211.12,11-12-2024
ACC_4492,CID_2816,Recurring Deposit,16237.36,23-10-2025
ACC_4493,CID_2817,Saving,100050.91,25-10-2025
ACC_4494,CID_2817,Current,260775.69,25-10-2025
ACC_4495,CID_2817,Demat,1072532.38,25-10-2025
ACC_4496,CID_2818,Saving,236727.38,29-06-2019
ACC_4497,CID_2818,Current,883557.91,29-06-2019
ACC_4498,CID_2818,Demat,1046282.85,29-06-2019
ACC_4499,CID_2819,Recurring Deposit,187525.84,26-07-2018
ACC_4500,CID_2820,Saving,15897.76,05-06-2024
ACC_4501,CID_2821,Saving,12182.17,03-03-2024
ACC_4502,CID_2821,Current,474833.33,03-03-2024
ACC_4503,CID_2821,Demat,949184.14,03-03-2024
ACC_4504,CID_2822,Saving,95372.35,27-02-2023
ACC_4505,CID_2823,Saving,23330.18,26-08-2023
ACC_4506,CID_2824,Saving,233570.09,28-08-2018
ACC_4507,CID_2824,Current,511387.39,28-08-2018
ACC_4508,CID_2824,Demat,1001870.27,28-08-2018
ACC_4509,CID_2825,Saving,167767.88,22-07-2023
ACC_4510,CID_2826,Recurring Deposit,376326.12,11-12-2023
ACC_4511,CID_2827,Saving,212059.13,12-11-2025
ACC_4512,CID_2827,Current,664918.84,12-11-2025
ACC_4513,CID_2827,Demat,104800.62,12-11-2025
ACC_4514,CID_2828,Saving,57719.65,02-08-2025
ACC_4515,CID_2829,Saving,197722.48,17-04-2025
ACC_4516,CID_2829,Current,790326.48,17-04-2025
ACC_4517,CID_2829,Demat,849927.97,17-04-2025
ACC_4518,CID_2830,Saving,138186.08,05-01-2025
ACC_4519,CID_2831,Saving,223493.82,30-03-2019
ACC_4520,CID_2832,Saving,94658.02,30-05-2024
ACC_4521,CID_2833,Saving,199567.11,01-05-2023
ACC_4522,CID_2833,Current,805006.75,01-05-2023
ACC_4523,CID_2833,Demat,1341706.81,01-05-2023
ACC_4524,CID_2834,Recurring Deposit,442498.97,10-09-2020
ACC_4525,CID_2835,Saving,71118.48,08-05-2021
ACC_4526,CID_2835,Current,610214.98,08-05-2021
ACC_4527,CID_2835,Demat,770542.7,08-05-2021
ACC_4528,CID_2836,Saving,6892.45,26-12-2025
ACC_4529,CID_2837,Saving,111264.63,23-08-2022
ACC_4530,CID_2838,Saving,36013.75,05-09-2021
ACC_4531,CID_2839,Saving,157763.88,12-05-2023
ACC_4532,CID_2840,Saving,125881.95,03-02-2018
ACC_4533,CID_2841,Recurring Deposit,266819.02,10-12-2024
ACC_4534,CID_2842,Saving,109259.11,13-06-2023
ACC_4535,CID_2843,Saving,246887,12-01-2023
ACC_4536,CID_2844,Saving,144149.69,02-06-2021
ACC_4537,CID_2844,Current,425489.52,02-06-2021
ACC_4538,CID_2844,Demat,1248361.93,02-06-2021
ACC_4539,CID_2845,Saving,18926.34,03-01-2024
ACC_4540,CID_2846,Saving,89757.9,09-11-2018
ACC_4541,CID_2847,Saving,205276.74,14-08-2025
ACC_4542,CID_2848,Saving,119040.04,11-05-2022
ACC_4543,CID_2849,Saving,62532.03,05-03-2021
ACC_4544,CID_2850,Saving,100451.77,25-07-2018
ACC_4545,CID_2851,Saving,226654.06,13-07-2025
ACC_4546,CID_2852,Saving,31580.05,02-11-2024
ACC_4547,CID_2853,Saving,162746.29,08-08-2021
ACC_4548,CID_2854,Saving,197030.64,28-01-2024
ACC_4549,CID_2855,Saving,189023.57,16-12-2023
ACC_4550,CID_2856,Saving,129188.91,29-04-2022
ACC_4551,CID_2856,Current,700494.41,29-04-2022
ACC_4552,CID_2856,Demat,1191121.65,29-04-2022
ACC_4553,CID_2857,Saving,10936.81,08-04-2020
ACC_4554,CID_2857,Current,541500.78,08-04-2020
ACC_4555,CID_2857,Demat,1815568.46,08-04-2020
ACC_4556,CID_2858,Saving,208415.32,03-05-2019
ACC_4557,CID_2858,Current,146314.73,03-05-2019
ACC_4558,CID_2858,Demat,546639.69,03-05-2019
ACC_4559,CID_2859,Recurring Deposit,497642.93,04-05-2018
ACC_4560,CID_2860,Saving,98932.65,15-03-2021
ACC_4561,CID_2861,Saving,105835.18,27-12-2020
ACC_4562,CID_2861,Current,663504.78,27-12-2020
ACC_4563,CID_2861,Demat,1236726.28,27-12-2020
ACC_4564,CID_2862,Saving,154827,04-07-2018
ACC_4565,CID_2863,Saving,126927.43,13-11-2025
ACC_4566,CID_2863,Current,567654.18,13-11-2025
ACC_4567,CID_2863,Demat,1378934.84,13-11-2025
ACC_4568,CID_2864,Saving,147293.87,11-04-2021
ACC_4569,CID_2865,Saving,28106.17,28-05-2018
ACC_4570,CID_2865,Current,614083.41,28-05-2018
ACC_4571,CID_2865,Demat,1446151.27,28-05-2018
ACC_4572,CID_2866,Saving,211282.21,14-11-2023
ACC_4573,CID_2866,Current,781264.95,14-11-2023
ACC_4574,CID_2866,Demat,1989394.62,14-11-2023
ACC_4575,CID_2867,Saving,173844.28,08-11-2025
ACC_4576,CID_2868,Saving,105909.3,21-05-2018
ACC_4577,CID_2869,Saving,134685.46,11-07-2025
ACC_4578,CID_2870,Saving,62513.94,02-12-2018
ACC_4579,CID_2871,Saving,128909.61,19-11-2024
ACC_4580,CID_2871,Current,260645.44,19-11-2024
ACC_4581,CID_2871,Demat,747914.81,19-11-2024
ACC_4582,CID_2872,Saving,2415.74,31-01-2021
ACC_4583,CID_2872,Current,25748.43,31-01-2021
ACC_4584,CID_2872,Demat,1313847.67,31-01-2021
ACC_4585,CID_2873,Saving,34403.74,06-02-2023
ACC_4586,CID_2873,Current,530822.5,06-02-2023
ACC_4587,CID_2873,Demat,1162825.97,06-02-2023
ACC_4588,CID_2874,Recurring Deposit,499321.37,13-03-2023
ACC_4589,CID_2875,Saving,124627.11,19-05-2025
ACC_4590,CID_2876,Saving,65901.63,14-07-2023
ACC_4591,CID_2877,Saving,106185.88,04-07-2024
ACC_4592,CID_2878,Saving,134610.73,18-12-2021
ACC_4593,CID_2879,Saving,195737.95,06-07-2024
ACC_4594,CID_2880,Saving,126852.25,20-05-2021
ACC_4595,CID_2881,Saving,214330.81,16-09-2020
ACC_4596,CID_2882,Saving,95624.47,15-12-2025
ACC_4597,CID_2883,Saving,192720.96,13-05-2018
ACC_4598,CID_2883,Current,337170.83,13-05-2018
ACC_4599,CID_2883,Demat,581934.93,13-05-2018
ACC_4600,CID_2884,Saving,83833.52,07-12-2025
ACC_4601,CID_2885,Fixed Deposit,55688.93,24-04-2025
ACC_4602,CID_2886,Saving,213966.08,16-03-2021
ACC_4603,CID_2886,Current,119295.87,16-03-2021
ACC_4604,CID_2886,Demat,308550.87,16-03-2021
ACC_4605,CID_2887,Recurring Deposit,239704.08,06-01-2023
ACC_4606,CID_2888,Saving,191070.32,21-04-2022
ACC_4607,CID_2889,Saving,20226.74,05-11-2024
ACC_4608,CID_2890,Saving,23528.89,04-08-2025
ACC_4609,CID_2890,Current,910808.21,04-08-2025
ACC_4610,CID_2890,Demat,1704314.75,04-08-2025
ACC_4611,CID_2891,Saving,129508.84,16-11-2022
ACC_4612,CID_2891,Current,388856.68,16-11-2022
ACC_4613,CID_2891,Demat,124637.38,16-11-2022
ACC_4614,CID_2892,Recurring Deposit,258618.92,04-09-2024
ACC_4615,CID_2893,Recurring Deposit,279855.85,01-06-2021
ACC_4616,CID_2894,Saving,220678.4,01-02-2024
ACC_4617,CID_2895,Recurring Deposit,7796.37,16-11-2025
ACC_4618,CID_2896,Saving,248556.9,02-02-2022
ACC_4619,CID_2896,Current,409140.13,02-02-2022
ACC_4620,CID_2896,Demat,529928.83,02-02-2022
ACC_4621,CID_2897,Saving,37245.05,19-03-2023
ACC_4622,CID_2898,Saving,51370.79,08-10-2022
ACC_4623,CID_2899,Recurring Deposit,239882.18,30-06-2021
ACC_4624,CID_2900,Saving,182509.31,13-09-2021
ACC_4625,CID_2901,Recurring Deposit,486877.75,13-05-2023
ACC_4626,CID_2902,Fixed Deposit,4740460.12,12-04-2024
ACC_4627,CID_2903,Saving,139594.27,28-12-2021
ACC_4628,CID_2904,Recurring Deposit,181652.56,30-10-2024
ACC_4629,CID_2905,Saving,107594.7,01-02-2024
ACC_4630,CID_2906,Saving,117072.4,14-01-2021
ACC_4631,CID_2907,Recurring Deposit,56590.43,04-06-2025
ACC_4632,CID_2908,Recurring Deposit,224277.25,18-12-2025
ACC_4633,CID_2909,Recurring Deposit,488598.11,10-08-2023
ACC_4634,CID_2910,Saving,203991.93,29-08-2023
ACC_4635,CID_2910,Current,85781.92,29-08-2023
ACC_4636,CID_2910,Demat,879584.78,29-08-2023
ACC_4637,CID_2911,Saving,166292.26,31-12-2022
ACC_4638,CID_2911,Current,645419.84,31-12-2022
ACC_4639,CID_2911,Demat,1358643.85,31-12-2022
ACC_4640,CID_2912,Saving,216968.65,03-05-2021
ACC_4641,CID_2913,Recurring Deposit,410004.22,07-06-2019
ACC_4642,CID_2914,Saving,135954.05,05-09-2021
ACC_4643,CID_2915,Saving,97062.71,04-04-2025
ACC_4644,CID_2915,Current,247691.04,04-04-2025
ACC_4645,CID_2915,Demat,88196.58,04-04-2025
ACC_4646,CID_2916,Saving,152415.76,02-02-2025
ACC_4647,CID_2917,Saving,207521.01,27-05-2022
ACC_4648,CID_2918,Saving,212018.73,17-01-2025
ACC_4649,CID_2919,Recurring Deposit,431748.18,01-06-2022
ACC_4650,CID_2920,Saving,218210.45,14-02-2021
ACC_4651,CID_2921,Saving,226298.24,21-02-2024
ACC_4652,CID_2922,Saving,63971.13,28-12-2022
ACC_4653,CID_2923,Saving,206550.04,18-01-2021
ACC_4654,CID_2924,Saving,16956.37,18-09-2024
ACC_4655,CID_2925,Recurring Deposit,392354.83,24-11-2020
ACC_4656,CID_2926,Saving,171716.98,17-01-2023
ACC_4657,CID_2926,Current,755896.11,17-01-2023
ACC_4658,CID_2926,Demat,1601903.85,17-01-2023
ACC_4659,CID_2927,Saving,37197.35,21-12-2023
ACC_4660,CID_2928,Recurring Deposit,437192.6,23-05-2022
ACC_4661,CID_2929,Saving,145030.29,02-09-2024
ACC_4662,CID_2929,Current,988183.82,02-09-2024
ACC_4663,CID_2929,Demat,1057749.11,02-09-2024
ACC_4664,CID_2930,Saving,248305.31,18-04-2023
ACC_4665,CID_2931,Saving,175917.85,18-12-2019
ACC_4666,CID_2931,Current,837672.93,18-12-2019
ACC_4667,CID_2931,Demat,213784.99,18-12-2019
ACC_4668,CID_2932,Saving,58521.52,11-07-2021
ACC_4669,CID_2933,Saving,187050.9,11-09-2024
ACC_4670,CID_2933,Current,381957.17,11-09-2024
ACC_4671,CID_2933,Demat,509003.29,11-09-2024
ACC_4672,CID_2934,Saving,51331.9,16-04-2025
ACC_4673,CID_2934,Current,557190.31,16-04-2025
ACC_4674,CID_2934,Demat,456636.4,16-04-2025
ACC_4675,CID_2935,Saving,142219.29,26-07-2024
ACC_4676,CID_2936,Saving,246339.96,26-03-2018
ACC_4677,CID_2937,Saving,8005.85,03-03-2023
ACC_4678,CID_2937,Current,920030.67,03-03-2023
ACC_4679,CID_2937,Demat,318447.14,03-03-2023
ACC_4680,CID_2938,Saving,129511.74,11-11-2019
ACC_4681,CID_2938,Current,515169.26,11-11-2019
ACC_4682,CID_2938,Demat,103505.33,11-11-2019
ACC_4683,CID_2939,Saving,53416.74,23-09-2025
ACC_4684,CID_2939,Current,146559.97,23-09-2025
ACC_4685,CID_2939,Demat,94340.29,23-09-2025
ACC_4686,CID_2940,Saving,57889.85,01-05-2023
ACC_4687,CID_2940,Current,889074.7,01-05-2023
ACC_4688,CID_2940,Demat,37473.51,01-05-2023
ACC_4689,CID_2941,Saving,29096.28,31-03-2023
ACC_4690,CID_2942,Saving,149418.19,10-06-2025
ACC_4691,CID_2943,Saving,178859.06,04-09-2021
ACC_4692,CID_2943,Current,122581.01,04-09-2021
ACC_4693,CID_2943,Demat,1097743.35,04-09-2021
ACC_4694,CID_2944,Saving,23688.65,05-04-2025
ACC_4695,CID_2945,Saving,138481.61,19-02-2025
ACC_4696,CID_2945,Current,928627.62,19-02-2025
ACC_4697,CID_2945,Demat,1301501.91,19-02-2025
ACC_4698,CID_2946,Recurring Deposit,24634.98,22-05-2019
ACC_4699,CID_2947,Fixed Deposit,3834507.47,09-06-2018
ACC_4700,CID_2948,Saving,77677.84,03-09-2020
ACC_4701,CID_2949,Recurring Deposit,49731.41,31-08-2023
ACC_4702,CID_2950,Saving,114532.49,06-07-2024
ACC_4703,CID_2951,Saving,92829.54,03-09-2021
ACC_4704,CID_2951,Current,815764.77,03-09-2021
ACC_4705,CID_2951,Demat,1887199.53,03-09-2021
ACC_4706,CID_2952,Saving,208605.74,21-12-2023
ACC_4707,CID_2952,Current,332076.04,21-12-2023
ACC_4708,CID_2952,Demat,1806364.07,21-12-2023
ACC_4709,CID_2953,Saving,243124.81,07-05-2021
ACC_4710,CID_2953,Current,668773.52,07-05-2021
ACC_4711,CID_2953,Demat,847053.19,07-05-2021
ACC_4712,CID_2954,Saving,226294.28,11-10-2025
ACC_4713,CID_2955,Fixed Deposit,3547704.25,22-06-2020
ACC_4714,CID_2956,Saving,202036.83,20-10-2025
ACC_4715,CID_2956,Current,542112.19,20-10-2025
ACC_4716,CID_2956,Demat,205640.31,20-10-2025
ACC_4717,CID_2957,Fixed Deposit,2352474.55,28-12-2021
ACC_4718,CID_2958,Saving,140643.61,22-12-2018
ACC_4719,CID_2959,Saving,73903.17,31-08-2025
ACC_4720,CID_2960,Saving,181541.09,29-06-2018
ACC_4721,CID_2960,Current,565037.11,29-06-2018
ACC_4722,CID_2960,Demat,813486.55,29-06-2018
ACC_4723,CID_2961,Fixed Deposit,2644492.87,11-11-2021
ACC_4724,CID_2962,Recurring Deposit,448955.34,01-07-2020
ACC_4725,CID_2963,Recurring Deposit,341381.97,02-02-2022
ACC_4726,CID_2964,Recurring Deposit,182678.1,31-10-2025
ACC_4727,CID_2965,Saving,113656.81,19-03-2019
ACC_4728,CID_2966,Saving,224249.65,30-01-2021
ACC_4729,CID_2967,Saving,32062.8,25-06-2024
ACC_4730,CID_2968,Saving,220354.29,05-11-2020
ACC_4731,CID_2968,Current,764236.51,05-11-2020
ACC_4732,CID_2968,Demat,720220.85,05-11-2020
ACC_4733,CID_2969,Recurring Deposit,436468.2,04-03-2018
ACC_4734,CID_2970,Recurring Deposit,277094.71,12-08-2018
ACC_4735,CID_2971,Saving,233663.82,03-07-2025
ACC_4736,CID_2972,Saving,84235.79,01-09-2022
ACC_4737,CID_2973,Saving,73051.44,03-05-2021
ACC_4738,CID_2974,Saving,122325.3,15-05-2024
ACC_4739,CID_2975,Saving,196122.56,26-12-2019
ACC_4740,CID_2975,Current,97475.42,26-12-2019
ACC_4741,CID_2975,Demat,1347583.67,26-12-2019
ACC_4742,CID_2976,Saving,152333.64,21-06-2020
ACC_4743,CID_2977,Saving,34873.81,31-01-2026
ACC_4744,CID_2977,Current,267004.86,31-01-2026
ACC_4745,CID_2977,Demat,329623.98,31-01-2026
ACC_4746,CID_2978,Recurring Deposit,38149.62,23-08-2018
ACC_4747,CID_2979,Saving,180391.02,28-09-2024
ACC_4748,CID_2980,Saving,205915.22,20-07-2025
ACC_4749,CID_2981,Saving,93525.68,12-03-2023
ACC_4750,CID_2981,Current,833605.54,12-03-2023
ACC_4751,CID_2981,Demat,95516,12-03-2023
ACC_4752,CID_2982,Saving,144705.48,27-03-2023
ACC_4753,CID_2983,Saving,207710.88,24-03-2021
ACC_4754,CID_2984,Recurring Deposit,32621.3,15-01-2026
ACC_4755,CID_2985,Recurring Deposit,171743.4,03-10-2025
ACC_4756,CID_2986,Saving,43333.43,19-10-2018
ACC_4757,CID_2986,Current,827453.52,19-10-2018
ACC_4758,CID_2986,Demat,560500.03,19-10-2018
ACC_4759,CID_2987,Saving,140217.51,25-04-2024
ACC_4760,CID_2988,Saving,121625.97,12-12-2022
ACC_4761,CID_2989,Saving,65823.48,03-09-2018
ACC_4762,CID_2990,Saving,105211.48,03-06-2022
ACC_4763,CID_2991,Fixed Deposit,3864420.67,24-09-2025
ACC_4764,CID_2992,Saving,15199.9,14-12-2024
ACC_4765,CID_2993,Saving,174654.73,07-09-2019
ACC_4766,CID_2993,Current,948842.58,07-09-2019
ACC_4767,CID_2993,Demat,187476.31,07-09-2019
ACC_4768,CID_2994,Recurring Deposit,422076.41,16-09-2023
ACC_4769,CID_2995,Saving,79088.35,14-01-2022
ACC_4770,CID_2996,Saving,220087.93,18-10-2022
ACC_4771,CID_2996,Current,744124.31,18-10-2022
ACC_4772,CID_2996,Demat,458688.47,18-10-2022
ACC_4773,CID_2997,Saving,142593.21,27-01-2025
ACC_4774,CID_2997,Current,200409.96,27-01-2025
ACC_4775,CID_2997,Demat,70491.95,27-01-2025
ACC_4776,CID_2998,Saving,78820.57,13-06-2022
ACC_4777,CID_2999,Saving,64478.21,27-11-2025
ACC_4778,CID_3000,Recurring Deposit,392818.59,04-09-2024
ACC_4779,CID_3001,Recurring Deposit,114274.67,23-04-2025
ACC_4780,CID_3002,Recurring Deposit,234694.28,06-07-2023
ACC_4781,CID_3003,Saving,214437.08,13-06-2024
ACC_4782,CID_3004,Saving,64644.16,02-05-2019
ACC_4783,CID_3004,Current,956593.34,02-05-2019
ACC_4784,CID_3004,Demat,1533152.26,02-05-2019
ACC_4785,CID_3005,Fixed Deposit,2578205.3,26-09-2024
ACC_4786,CID_3006,Recurring Deposit,405657.46,30-10-2023
ACC_4787,CID_3007,Saving,9362.66,19-01-2022
ACC_4788,CID_3008,Saving,140589.35,14-06-2023
ACC_4789,CID_3009,Recurring Deposit,35291.65,27-11-2024
ACC_4790,CID_3010,Recurring Deposit,364457.64,10-10-2024
ACC_4791,CID_3011,Fixed Deposit,4121043.36,04-01-2025
ACC_4792,CID_3012,Saving,101705.08,05-10-2018
ACC_4793,CID_3013,Saving,10209.99,21-09-2024
ACC_4794,CID_3013,Current,429837.66,21-09-2024
ACC_4795,CID_3013,Demat,391543.49,21-09-2024
ACC_4796,CID_3014,Saving,249115.74,08-10-2023
ACC_4797,CID_3014,Current,891104.75,08-10-2023
ACC_4798,CID_3014,Demat,1862243.13,08-10-2023
ACC_4799,CID_3015,Saving,44630.75,15-07-2025
ACC_4800,CID_3016,Recurring Deposit,453969.14,29-08-2025
ACC_4801,CID_3017,Saving,34905.99,10-07-2025
ACC_4802,CID_3017,Current,48385.41,10-07-2025
ACC_4803,CID_3017,Demat,671315.03,10-07-2025
ACC_4804,CID_3018,Saving,13005.18,17-10-2025
ACC_4805,CID_3019,Saving,84223.1,22-11-2021
ACC_4806,CID_3019,Current,80981.56,22-11-2021
ACC_4807,CID_3019,Demat,1922037.26,22-11-2021
ACC_4808,CID_3020,Saving,46101.68,22-01-2020
ACC_4809,CID_3020,Current,824827.3,22-01-2020
ACC_4810,CID_3020,Demat,1190162.91,22-01-2020
ACC_4811,CID_3021,Fixed Deposit,544629.26,28-03-2025
ACC_4812,CID_3022,Saving,77713.59,19-02-2023
ACC_4813,CID_3022,Current,28528.79,19-02-2023
ACC_4814,CID_3022,Demat,1980275.13,19-02-2023
ACC_4815,CID_3023,Saving,237784.98,31-01-2018
ACC_4816,CID_3024,Saving,235380.24,20-03-2024
ACC_4817,CID_3025,Saving,36009.89,09-05-2023
ACC_4818,CID_3026,Saving,111573.71,20-02-2026
ACC_4819,CID_3026,Current,389676.02,20-02-2026
ACC_4820,CID_3026,Demat,1375041.55,20-02-2026
ACC_4821,CID_3027,Saving,6436.36,17-12-2023
ACC_4822,CID_3027,Current,717369.67,17-12-2023
ACC_4823,CID_3027,Demat,745043.33,17-12-2023
ACC_4824,CID_3028,Recurring Deposit,134756.58,04-05-2023
ACC_4825,CID_3029,Saving,249553.62,14-07-2023
ACC_4826,CID_3030,Saving,45969.1,17-01-2025
ACC_4827,CID_3031,Recurring Deposit,30701,15-04-2025
ACC_4828,CID_3032,Recurring Deposit,459567.46,21-02-2025
ACC_4829,CID_3033,Saving,84646.52,15-03-2024
ACC_4830,CID_3034,Saving,171755.21,24-11-2022
ACC_4831,CID_3035,Saving,222703.9,10-08-2022
ACC_4832,CID_3035,Current,340444.5,10-08-2022
ACC_4833,CID_3035,Demat,878933.06,10-08-2022
ACC_4834,CID_3036,Saving,191363.75,24-03-2021
ACC_4835,CID_3037,Saving,12854.61,11-01-2020
ACC_4836,CID_3038,Saving,91856.29,01-09-2021
ACC_4837,CID_3039,Saving,187873.53,31-03-2025
ACC_4838,CID_3040,Saving,245650.51,25-08-2018
ACC_4839,CID_3041,Saving,76363.58,21-02-2021
ACC_4840,CID_3042,Saving,224366.97,29-05-2025
ACC_4841,CID_3043,Saving,87378.35,26-12-2018
ACC_4842,CID_3044,Saving,11878.98,16-04-2025
ACC_4843,CID_3045,Saving,71410.73,20-01-2022
ACC_4844,CID_3045,Current,72936.64,20-01-2022
ACC_4845,CID_3045,Demat,603284.33,20-01-2022
ACC_4846,CID_3046,Fixed Deposit,1690685.58,06-02-2021
ACC_4847,CID_3047,Saving,43978.47,02-01-2025
ACC_4848,CID_3047,Current,545897.92,02-01-2025
ACC_4849,CID_3047,Demat,695485.81,02-01-2025
ACC_4850,CID_3048,Saving,37053.73,26-06-2025
ACC_4851,CID_3049,Saving,102185.49,10-06-2020
ACC_4852,CID_3050,Saving,144613.45,05-02-2026
ACC_4853,CID_3050,Current,644481.19,05-02-2026
ACC_4854,CID_3050,Demat,798578.01,05-02-2026
ACC_4855,CID_3051,Saving,97020.92,11-04-2025
ACC_4856,CID_3052,Saving,174015.24,28-11-2021
ACC_4857,CID_3053,Saving,67130.44,04-05-2021
ACC_4858,CID_3053,Current,680537.86,04-05-2021
ACC_4859,CID_3053,Demat,1434729.61,04-05-2021
ACC_4860,CID_3054,Saving,72599.52,25-04-2018
ACC_4861,CID_3055,Fixed Deposit,112350.86,21-12-2025
ACC_4862,CID_3056,Saving,212092.53,17-02-2022
ACC_4863,CID_3057,Saving,2508.46,05-10-2024
ACC_4864,CID_3057,Current,161519.43,05-10-2024
ACC_4865,CID_3057,Demat,699138,05-10-2024
ACC_4866,CID_3058,Saving,53522.88,21-01-2026
ACC_4867,CID_3059,Saving,98095.17,23-11-2020
ACC_4868,CID_3060,Saving,46350.68,16-10-2022
ACC_4869,CID_3061,Saving,165542.12,29-02-2020
ACC_4870,CID_3062,Saving,197424.57,21-08-2022
ACC_4871,CID_3063,Saving,24264.6,14-03-2024
ACC_4872,CID_3063,Current,16218.11,14-03-2024
ACC_4873,CID_3063,Demat,1575972.56,14-03-2024
ACC_4874,CID_3064,Saving,223810.04,08-02-2024
ACC_4875,CID_3064,Current,422333.09,08-02-2024
ACC_4876,CID_3064,Demat,1355149.96,08-02-2024
ACC_4877,CID_3065,Saving,239789.27,07-06-2018
ACC_4878,CID_3066,Saving,63692.58,26-10-2024
ACC_4879,CID_3066,Current,14930.55,26-10-2024
ACC_4880,CID_3066,Demat,1773364.91,26-10-2024
ACC_4881,CID_3067,Saving,98449.23,02-07-2023
ACC_4882,CID_3068,Saving,231915.84,28-10-2018
ACC_4883,CID_3068,Current,282308.3,28-10-2018
ACC_4884,CID_3068,Demat,1358284.88,28-10-2018
ACC_4885,CID_3069,Fixed Deposit,2817238.33,01-12-2021
ACC_4886,CID_3070,Fixed Deposit,4304911.73,09-08-2022
ACC_4887,CID_3071,Saving,184368.19,05-06-2022
ACC_4888,CID_3071,Current,771294.97,05-06-2022
ACC_4889,CID_3071,Demat,626811.32,05-06-2022
ACC_4890,CID_3072,Saving,238336.19,26-01-2024
ACC_4891,CID_3072,Current,241029.12,26-01-2024
ACC_4892,CID_3072,Demat,1343717.75,26-01-2024
ACC_4893,CID_3073,Saving,173706.6,01-12-2025
ACC_4894,CID_3073,Current,458115.55,01-12-2025
ACC_4895,CID_3073,Demat,710677.62,01-12-2025
ACC_4896,CID_3074,Saving,115754.96,25-12-2024
ACC_4897,CID_3074,Current,463903.93,25-12-2024
ACC_4898,CID_3074,Demat,54204.9,25-12-2024
ACC_4899,CID_3075,Fixed Deposit,581526.85,14-11-2022
ACC_4900,CID_3076,Recurring Deposit,275814.65,25-09-2024
ACC_4901,CID_3077,Recurring Deposit,84956,04-08-2018
ACC_4902,CID_3078,Recurring Deposit,34695.06,02-12-2024
ACC_4903,CID_3079,Recurring Deposit,244927.67,21-02-2019
ACC_4904,CID_3080,Saving,141603.08,30-08-2025
ACC_4905,CID_3081,Saving,28460.11,02-05-2022
ACC_4906,CID_3081,Current,437093.94,02-05-2022
ACC_4907,CID_3081,Demat,1073383.44,02-05-2022
ACC_4908,CID_3082,Saving,147341.04,17-09-2019
ACC_4909,CID_3083,Saving,116205.63,14-01-2022
ACC_4910,CID_3083,Current,972839.25,14-01-2022
ACC_4911,CID_3083,Demat,339121.39,14-01-2022
ACC_4912,CID_3084,Saving,129432.63,11-03-2025
ACC_4913,CID_3085,Saving,59465.13,28-07-2025
ACC_4914,CID_3085,Current,535443.02,28-07-2025
ACC_4915,CID_3085,Demat,1617550.19,28-07-2025
ACC_4916,CID_3086,Saving,137098.48,25-03-2021
ACC_4917,CID_3086,Current,376062.27,25-03-2021
ACC_4918,CID_3086,Demat,1885496.66,25-03-2021
ACC_4919,CID_3087,Fixed Deposit,4020492.06,14-04-2022
ACC_4920,CID_3088,Saving,13828.4,22-05-2025
ACC_4921,CID_3089,Saving,42446.28,21-06-2024
ACC_4922,CID_3090,Saving,138024.36,04-05-2025
ACC_4923,CID_3091,Saving,32301.48,21-03-2020
ACC_4924,CID_3091,Current,926694.61,21-03-2020
ACC_4925,CID_3091,Demat,1958867.78,21-03-2020
ACC_4926,CID_3092,Saving,22625.79,24-05-2020
ACC_4927,CID_3093,Saving,182920,19-02-2022
ACC_4928,CID_3094,Saving,238394.84,07-12-2023
ACC_4929,CID_3095,Saving,177779.78,23-08-2022
ACC_4930,CID_3095,Current,701399.68,23-08-2022
ACC_4931,CID_3095,Demat,1347886.89,23-08-2022
ACC_4932,CID_3096,Saving,52360.48,22-07-2018
ACC_4933,CID_3097,Saving,55144.87,31-03-2020
ACC_4934,CID_3098,Saving,110007.22,13-06-2024
ACC_4935,CID_3099,Saving,219014.72,06-05-2024
ACC_4936,CID_3099,Current,244455.56,06-05-2024
ACC_4937,CID_3099,Demat,1437115.4,06-05-2024
ACC_4938,CID_3100,Saving,23837.49,08-05-2025
ACC_4939,CID_3101,Saving,63739.68,10-09-2019
ACC_4940,CID_3101,Current,197844.41,10-09-2019
ACC_4941,CID_3101,Demat,1365952.95,10-09-2019
ACC_4942,CID_3102,Saving,198365.27,26-10-2024
ACC_4943,CID_3102,Current,231578.31,26-10-2024
ACC_4944,CID_3102,Demat,1657212.73,26-10-2024
ACC_4945,CID_3103,Saving,99771.97,10-01-2025
ACC_4946,CID_3103,Current,584977.64,10-01-2025
ACC_4947,CID_3103,Demat,1224154.96,10-01-2025
ACC_4948,CID_3104,Saving,6217.98,23-03-2022
ACC_4949,CID_3105,Saving,220923.37,24-07-2018
ACC_4950,CID_3106,Saving,74985.22,20-05-2024
ACC_4951,CID_3106,Current,865323.94,20-05-2024
ACC_4952,CID_3106,Demat,86548.88,20-05-2024
ACC_4953,CID_3107,Recurring Deposit,109866.71,20-05-2022
ACC_4954,CID_3108,Saving,210615.64,11-12-2022
ACC_4955,CID_3109,Recurring Deposit,196549.15,01-05-2024
ACC_4956,CID_3110,Recurring Deposit,102309.01,06-02-2018
ACC_4957,CID_3111,Saving,3991.03,13-10-2021
ACC_4958,CID_3111,Current,56821.21,13-10-2021
ACC_4959,CID_3111,Demat,814696.3,13-10-2021
ACC_4960,CID_3112,Recurring Deposit,197234.86,16-11-2023
ACC_4961,CID_3113,Saving,175256.34,30-11-2025
ACC_4962,CID_3114,Saving,98732.24,17-09-2023
ACC_4963,CID_3115,Saving,194811.33,30-07-2024
ACC_4964,CID_3116,Saving,9526.35,11-12-2025
ACC_4965,CID_3116,Current,965347.01,11-12-2025
ACC_4966,CID_3116,Demat,786074.91,11-12-2025
ACC_4967,CID_3117,Saving,47546.85,28-03-2023
ACC_4968,CID_3118,Saving,75924.07,17-08-2020
ACC_4969,CID_3119,Recurring Deposit,65608.41,29-01-2020
ACC_4970,CID_3120,Saving,208588.82,27-12-2021
ACC_4971,CID_3121,Saving,64303.74,12-12-2020
ACC_4972,CID_3121,Current,786044.63,12-12-2020
ACC_4973,CID_3121,Demat,1332601.87,12-12-2020
ACC_4974,CID_3122,Saving,67005.49,27-05-2020
ACC_4975,CID_3123,Saving,128552.91,03-09-2020
ACC_4976,CID_3124,Saving,123501.58,27-07-2022
ACC_4977,CID_3124,Current,986342.35,27-07-2022
ACC_4978,CID_3124,Demat,1900990.16,27-07-2022
ACC_4979,CID_3125,Saving,155882.28,13-10-2024
ACC_4980,CID_3125,Current,408156.34,13-10-2024
ACC_4981,CID_3125,Demat,1280742.72,13-10-2024
ACC_4982,CID_3126,Saving,164674.74,04-11-2020
ACC_4983,CID_3126,Current,571322.73,04-11-2020
ACC_4984,CID_3126,Demat,763631.19,04-11-2020
ACC_4985,CID_3127,Saving,85039.45,23-02-2024
ACC_4986,CID_3127,Current,240182.52,23-02-2024
ACC_4987,CID_3127,Demat,272285.92,23-02-2024
ACC_4988,CID_3128,Recurring Deposit,333688.51,06-04-2019
ACC_4989,CID_3129,Saving,65555.14,09-07-2023
ACC_4990,CID_3130,Saving,19848.31,15-08-2023
ACC_4991,CID_3131,Saving,125127.31,07-02-2020
ACC_4992,CID_3131,Current,28961.43,07-02-2020
ACC_4993,CID_3131,Demat,1960375,07-02-2020
ACC_4994,CID_3132,Saving,182077.17,15-05-2024
ACC_4995,CID_3133,Recurring Deposit,398236.95,07-12-2021
ACC_4996,CID_3134,Saving,223781.17,21-05-2021
ACC_4997,CID_3134,Current,797690.14,21-05-2021
ACC_4998,CID_3134,Demat,540161.07,21-05-2021
ACC_4999,CID_3135,Saving,60362.33,09-02-2025
ACC_5000,CID_3136,Recurring Deposit,136156.4,12-07-2022
ACC_5001,CID_3137,Recurring Deposit,481175.29,02-09-2023
ACC_5002,CID_3138,Saving,226533.22,06-09-2018
ACC_5003,CID_3138,Current,127346.69,06-09-2018
ACC_5004,CID_3138,Demat,358280.98,06-09-2018
ACC_5005,CID_3139,Saving,227110.55,17-01-2023
ACC_5006,CID_3140,Fixed Deposit,3095443.66,03-10-2025
ACC_5007,CID_3141,Saving,203784.1,24-12-2024
ACC_5008,CID_3141,Current,186179.41,24-12-2024
ACC_5009,CID_3141,Demat,801206.41,24-12-2024
ACC_5010,CID_3142,Recurring Deposit,288282.57,12-04-2024
ACC_5011,CID_3143,Saving,111947.73,09-12-2023
ACC_5012,CID_3143,Current,113728.83,09-12-2023
ACC_5013,CID_3143,Demat,1845662.74,09-12-2023
ACC_5014,CID_3144,Saving,34608.86,06-08-2024
ACC_5015,CID_3145,Saving,96509.09,02-08-2023
ACC_5016,CID_3146,Recurring Deposit,325681.91,23-12-2019
ACC_5017,CID_3147,Fixed Deposit,795491.71,17-11-2021
ACC_5018,CID_3148,Fixed Deposit,4431793.16,05-09-2021
ACC_5019,CID_3149,Saving,55392.67,07-10-2025
ACC_5020,CID_3150,Fixed Deposit,3406541.4,04-09-2021
ACC_5021,CID_3151,Saving,161581.34,22-03-2025
ACC_5022,CID_3152,Saving,132942.15,01-02-2026
ACC_5023,CID_3152,Current,356911.59,01-02-2026
ACC_5024,CID_3152,Demat,338189.34,01-02-2026
ACC_5025,CID_3153,Saving,182607.42,25-08-2024
ACC_5026,CID_3153,Current,447187.5,25-08-2024
ACC_5027,CID_3153,Demat,1832719.73,25-08-2024
ACC_5028,CID_3154,Saving,39526.39,11-07-2019
ACC_5029,CID_3154,Current,363385.36,11-07-2019
ACC_5030,CID_3154,Demat,1939074.72,11-07-2019
ACC_5031,CID_3155,Recurring Deposit,253237.49,27-06-2023
ACC_5032,CID_3156,Fixed Deposit,3255929.37,24-08-2021
ACC_5033,CID_3157,Recurring Deposit,321765.09,26-02-2019
ACC_5034,CID_3158,Saving,204059.04,11-12-2025
ACC_5035,CID_3158,Current,26289.76,11-12-2025
ACC_5036,CID_3158,Demat,1060428.34,11-12-2025
ACC_5037,CID_3159,Recurring Deposit,231936.75,05-10-2023
ACC_5038,CID_3160,Saving,100376.1,08-08-2018
ACC_5039,CID_3160,Current,324589.89,08-08-2018
ACC_5040,CID_3160,Demat,380659.05,08-08-2018
ACC_5041,CID_3161,Saving,15955.38,20-12-2024
ACC_5042,CID_3162,Saving,89598.92,15-09-2020
ACC_5043,CID_3162,Current,153348.15,15-09-2020
ACC_5044,CID_3162,Demat,881460.13,15-09-2020
ACC_5045,CID_3163,Fixed Deposit,1843763.33,21-05-2020
ACC_5046,CID_3164,Fixed Deposit,191469.06,29-08-2020
ACC_5047,CID_3165,Saving,182507.31,05-04-2025
ACC_5048,CID_3166,Saving,80287.26,12-12-2022
ACC_5049,CID_3167,Saving,106642.94,29-07-2021
ACC_5050,CID_3167,Current,604611.1,29-07-2021
ACC_5051,CID_3167,Demat,457284.78,29-07-2021
ACC_5052,CID_3168,Saving,229659.02,10-03-2024
ACC_5053,CID_3169,Saving,157072.86,30-01-2023
ACC_5054,CID_3169,Current,87757.75,30-01-2023
ACC_5055,CID_3169,Demat,1986941.93,30-01-2023
ACC_5056,CID_3170,Saving,49929.84,18-03-2024
ACC_5057,CID_3171,Recurring Deposit,259530.64,15-08-2020
ACC_5058,CID_3172,Saving,180351.04,01-05-2025
ACC_5059,CID_3172,Current,601332.12,01-05-2025
ACC_5060,CID_3172,Demat,377041.63,01-05-2025
ACC_5061,CID_3173,Saving,32391.22,07-02-2023
ACC_5062,CID_3174,Saving,206898.12,22-02-2021
ACC_5063,CID_3174,Current,859947.09,22-02-2021
ACC_5064,CID_3174,Demat,1367356.6,22-02-2021
ACC_5065,CID_3175,Saving,38118.68,12-11-2024
ACC_5066,CID_3175,Current,693531.78,12-11-2024
ACC_5067,CID_3175,Demat,1630289.73,12-11-2024
ACC_5068,CID_3176,Saving,130792.01,23-08-2021
ACC_5069,CID_3177,Saving,72188.69,28-11-2018
ACC_5070,CID_3177,Current,853011.23,28-11-2018
ACC_5071,CID_3177,Demat,1383923.83,28-11-2018
ACC_5072,CID_3178,Saving,106095.1,20-06-2018
ACC_5073,CID_3179,Saving,243012.22,30-06-2022
ACC_5074,CID_3179,Current,470072.89,30-06-2022
ACC_5075,CID_3179,Demat,187817.88,30-06-2022
ACC_5076,CID_3180,Saving,11867.64,09-08-2018
ACC_5077,CID_3180,Current,188250.11,09-08-2018
ACC_5078,CID_3180,Demat,1216232.92,09-08-2018
ACC_5079,CID_3181,Saving,40019.53,06-02-2023
ACC_5080,CID_3181,Current,853686.61,06-02-2023
ACC_5081,CID_3181,Demat,765360.3,06-02-2023
ACC_5082,CID_3182,Saving,31607.98,25-03-2023
ACC_5083,CID_3183,Recurring Deposit,476122.95,28-01-2018
ACC_5084,CID_3184,Fixed Deposit,3392076.84,11-01-2025
ACC_5085,CID_3185,Saving,214828.02,02-11-2020
ACC_5086,CID_3186,Saving,230799.2,27-03-2018
ACC_5087,CID_3186,Current,762282.76,27-03-2018
ACC_5088,CID_3186,Demat,1070594.07,27-03-2018
ACC_5089,CID_3187,Saving,110932.75,30-01-2021
ACC_5090,CID_3188,Saving,242481.21,30-03-2021
ACC_5091,CID_3189,Saving,40765.76,23-02-2023
ACC_5092,CID_3190,Saving,152053.33,05-12-2019
ACC_5093,CID_3191,Saving,140273.17,23-12-2021
ACC_5094,CID_3191,Current,670682.6,23-12-2021
ACC_5095,CID_3191,Demat,1482430.62,23-12-2021
ACC_5096,CID_3192,Saving,46441.04,28-06-2021
ACC_5097,CID_3193,Saving,205352.69,13-10-2021
ACC_5098,CID_3194,Saving,93211.86,10-12-2025
ACC_5099,CID_3194,Current,50259.63,10-12-2025
ACC_5100,CID_3194,Demat,782274.6,10-12-2025
ACC_5101,CID_3195,Fixed Deposit,342678.8,22-05-2024
ACC_5102,CID_3196,Saving,99506.53,27-01-2022
ACC_5103,CID_3197,Saving,207004.45,07-03-2023
ACC_5104,CID_3197,Current,7306.6,07-03-2023
ACC_5105,CID_3197,Demat,1339659.76,07-03-2023
ACC_5106,CID_3198,Recurring Deposit,326947.38,22-06-2025
ACC_5107,CID_3199,Saving,222175.42,25-01-2022
ACC_5108,CID_3199,Current,72665.36,25-01-2022
ACC_5109,CID_3199,Demat,1550662.87,25-01-2022
ACC_5110,CID_3200,Saving,196244,16-07-2023
ACC_5111,CID_3201,Recurring Deposit,360327.47,15-04-2019
ACC_5112,CID_3202,Saving,182759.14,23-01-2024
ACC_5113,CID_3203,Saving,142384.9,10-01-2025
ACC_5114,CID_3204,Saving,17289.55,19-10-2019
ACC_5115,CID_3204,Current,87391.48,19-10-2019
ACC_5116,CID_3204,Demat,1954821.19,19-10-2019
ACC_5117,CID_3205,Saving,229618.84,27-05-2021
ACC_5118,CID_3206,Saving,142609.07,01-08-2019
ACC_5119,CID_3207,Saving,148310.06,17-02-2023
ACC_5120,CID_3208,Saving,112989.39,27-09-2025
ACC_5121,CID_3208,Current,497154.5,27-09-2025
ACC_5122,CID_3208,Demat,1610682.82,27-09-2025
ACC_5123,CID_3209,Saving,202895.27,07-12-2024
ACC_5124,CID_3210,Saving,108931.9,03-04-2024
ACC_5125,CID_3211,Saving,216785.87,31-08-2023
ACC_5126,CID_3212,Saving,182376.55,25-06-2019
ACC_5127,CID_3212,Current,90715.58,25-06-2019
ACC_5128,CID_3212,Demat,618424.59,25-06-2019
ACC_5129,CID_3213,Recurring Deposit,215568.24,24-04-2020
ACC_5130,CID_3214,Recurring Deposit,323985.87,08-12-2019
ACC_5131,CID_3215,Fixed Deposit,2378086.68,02-08-2023
ACC_5132,CID_3216,Saving,122892.1,13-02-2020
ACC_5133,CID_3216,Current,484388.86,13-02-2020
ACC_5134,CID_3216,Demat,164406.33,13-02-2020
ACC_5135,CID_3217,Saving,109743.35,25-05-2024
ACC_5136,CID_3217,Current,390014.04,25-05-2024
ACC_5137,CID_3217,Demat,1530458.09,25-05-2024
ACC_5138,CID_3218,Recurring Deposit,265678.53,17-03-2021
ACC_5139,CID_3219,Saving,136401.81,23-09-2024
ACC_5140,CID_3219,Current,353064.46,23-09-2024
ACC_5141,CID_3219,Demat,1682116.84,23-09-2024
ACC_5142,CID_3220,Saving,143130.62,15-07-2023
ACC_5143,CID_3220,Current,915927.29,15-07-2023
ACC_5144,CID_3220,Demat,1387472.85,15-07-2023
ACC_5145,CID_3221,Saving,192605.87,16-07-2019
ACC_5146,CID_3222,Saving,128367.3,25-02-2023
ACC_5147,CID_3223,Saving,31609.96,10-09-2019
ACC_5148,CID_3224,Saving,146730.33,07-10-2020
ACC_5149,CID_3225,Saving,201984.78,17-05-2022
ACC_5150,CID_3226,Saving,199985.45,29-06-2018
ACC_5151,CID_3227,Recurring Deposit,1594.12,11-06-2023
ACC_5152,CID_3228,Saving,77642.11,28-07-2020
ACC_5153,CID_3229,Saving,100527.97,08-08-2020
ACC_5154,CID_3229,Current,572823.46,08-08-2020
ACC_5155,CID_3229,Demat,1188206.29,08-08-2020
ACC_5156,CID_3230,Recurring Deposit,193442.8,24-08-2020
ACC_5157,CID_3231,Saving,247656.62,04-08-2023
ACC_5158,CID_3231,Current,257674.63,04-08-2023
ACC_5159,CID_3231,Demat,664598.61,04-08-2023
ACC_5160,CID_3232,Saving,88574.33,20-05-2025
ACC_5161,CID_3233,Saving,184909.14,22-01-2022
ACC_5162,CID_3234,Saving,240740.07,17-04-2025
ACC_5163,CID_3235,Fixed Deposit,2831508.92,26-01-2022
ACC_5164,CID_3236,Saving,56073.67,24-01-2024
ACC_5165,CID_3237,Saving,93054.95,12-05-2023
ACC_5166,CID_3237,Current,466485.7,12-05-2023
ACC_5167,CID_3237,Demat,20874.27,12-05-2023
ACC_5168,CID_3238,Saving,40695.02,10-11-2024
ACC_5169,CID_3239,Saving,59075.3,21-08-2022
ACC_5170,CID_3240,Saving,229083.2,06-03-2023
ACC_5171,CID_3241,Recurring Deposit,168364.2,01-06-2025
ACC_5172,CID_3242,Saving,164536.05,10-09-2025
ACC_5173,CID_3243,Recurring Deposit,437454.84,14-08-2020
ACC_5174,CID_3244,Recurring Deposit,392996.73,10-12-2025
ACC_5175,CID_3245,Saving,232036.76,02-05-2024
ACC_5176,CID_3246,Recurring Deposit,417057.91,21-11-2021
ACC_5177,CID_3247,Saving,56990.53,21-01-2022
ACC_5178,CID_3248,Saving,189888.08,06-03-2021
ACC_5179,CID_3249,Saving,56519.93,18-09-2020
ACC_5180,CID_3250,Saving,105322,07-01-2025
ACC_5181,CID_3250,Current,605833.31,07-01-2025
ACC_5182,CID_3250,Demat,956670.94,07-01-2025
ACC_5183,CID_3251,Saving,204484.32,05-04-2025
ACC_5184,CID_3251,Current,642902.7,05-04-2025
ACC_5185,CID_3251,Demat,1765262,05-04-2025
ACC_5186,CID_3252,Saving,26351.03,11-09-2021
ACC_5187,CID_3253,Saving,32707.65,28-03-2025
ACC_5188,CID_3254,Saving,119944.93,19-04-2024
ACC_5189,CID_3254,Current,44308.38,19-04-2024
ACC_5190,CID_3254,Demat,657012.85,19-04-2024
ACC_5191,CID_3255,Saving,177583.97,25-01-2023
ACC_5192,CID_3256,Saving,118418.1,25-04-2019
ACC_5193,CID_3256,Current,586019.51,25-04-2019
ACC_5194,CID_3256,Demat,1718991.3,25-04-2019
ACC_5195,CID_3257,Saving,3035.08,29-11-2019
ACC_5196,CID_3258,Saving,76444.47,01-01-2018
ACC_5197,CID_3259,Saving,152929.13,04-07-2024
ACC_5198,CID_3260,Saving,7332.76,17-06-2023
ACC_5199,CID_3260,Current,897341.62,17-06-2023
ACC_5200,CID_3260,Demat,1749910.01,17-06-2023
ACC_5201,CID_3261,Saving,51408.02,14-02-2023
ACC_5202,CID_3262,Saving,89381.64,03-04-2024
ACC_5203,CID_3263,Saving,84676.76,03-01-2025
ACC_5204,CID_3264,Saving,139066.62,20-12-2023
ACC_5205,CID_3264,Current,430813.87,20-12-2023
ACC_5206,CID_3264,Demat,1613298.04,20-12-2023
ACC_5207,CID_3265,Fixed Deposit,1312846.39,27-08-2024
ACC_5208,CID_3266,Saving,174092.86,16-09-2018
ACC_5209,CID_3267,Saving,56094.16,23-07-2022
ACC_5210,CID_3268,Saving,51573.54,16-11-2018
ACC_5211,CID_3269,Saving,102145.22,11-07-2024
ACC_5212,CID_3269,Current,932855.36,11-07-2024
ACC_5213,CID_3269,Demat,1483019.06,11-07-2024
ACC_5214,CID_3270,Saving,77851.83,19-10-2025
ACC_5215,CID_3271,Saving,164177.81,21-11-2022
ACC_5216,CID_3272,Saving,165989.78,29-11-2023
ACC_5217,CID_3273,Recurring Deposit,337723.79,09-08-2024
ACC_5218,CID_3274,Saving,205477.82,12-07-2022
ACC_5219,CID_3274,Current,831363.91,12-07-2022
ACC_5220,CID_3274,Demat,70175.73,12-07-2022
ACC_5221,CID_3275,Recurring Deposit,71293.28,10-12-2020
ACC_5222,CID_3276,Saving,13005.7,25-01-2022
ACC_5223,CID_3277,Saving,165834.71,04-07-2019
ACC_5224,CID_3277,Current,487808.25,04-07-2019
ACC_5225,CID_3277,Demat,1779090.8,04-07-2019
ACC_5226,CID_3278,Saving,47486.75,18-10-2018
ACC_5227,CID_3278,Current,38502.33,18-10-2018
ACC_5228,CID_3278,Demat,419639.45,18-10-2018
ACC_5229,CID_3279,Saving,57481.03,06-04-2020
ACC_5230,CID_3279,Current,794145.28,06-04-2020
ACC_5231,CID_3279,Demat,1670256.79,06-04-2020
ACC_5232,CID_3280,Saving,203859.15,14-06-2020
ACC_5233,CID_3281,Saving,98015.44,20-06-2021
ACC_5234,CID_3281,Current,181992.85,20-06-2021
ACC_5235,CID_3281,Demat,1504454.87,20-06-2021
ACC_5236,CID_3282,Saving,248507.06,25-11-2019
ACC_5237,CID_3283,Saving,34043.29,12-11-2024
ACC_5238,CID_3284,Saving,54273.8,02-11-2025
ACC_5239,CID_3284,Current,877936.9,02-11-2025
ACC_5240,CID_3284,Demat,463295.03,02-11-2025
ACC_5241,CID_3285,Saving,110522.82,06-12-2025
ACC_5242,CID_3286,Saving,195936.65,21-09-2019
ACC_5243,CID_3287,Recurring Deposit,71855.23,28-06-2019
ACC_5244,CID_3288,Saving,203550.76,26-02-2020
ACC_5245,CID_3289,Saving,69859.51,11-11-2018
ACC_5246,CID_3289,Current,370824.91,11-11-2018
ACC_5247,CID_3289,Demat,116819.83,11-11-2018
ACC_5248,CID_3290,Saving,192510.83,31-01-2025
ACC_5249,CID_3291,Saving,68077.88,01-04-2019
ACC_5250,CID_3292,Saving,135275.85,18-03-2019
ACC_5251,CID_3293,Saving,145591.16,11-08-2023
ACC_5252,CID_3293,Current,741657.5,11-08-2023
ACC_5253,CID_3293,Demat,1998806.44,11-08-2023
ACC_5254,CID_3294,Saving,179565.98,26-08-2018
ACC_5255,CID_3294,Current,957654.23,26-08-2018
ACC_5256,CID_3294,Demat,1325525.2,26-08-2018
ACC_5257,CID_3295,Saving,220329.47,08-02-2020
ACC_5258,CID_3295,Current,59431.2,08-02-2020
ACC_5259,CID_3295,Demat,1629576.79,08-02-2020
ACC_5260,CID_3296,Fixed Deposit,2318224.05,28-02-2021
ACC_5261,CID_3297,Saving,159197.55,26-06-2025
ACC_5262,CID_3297,Current,495697.05,26-06-2025
ACC_5263,CID_3297,Demat,1650556.34,26-06-2025
ACC_5264,CID_3298,Fixed Deposit,3007593.85,16-12-2018
ACC_5265,CID_3299,Saving,160134.78,18-07-2021
ACC_5266,CID_3300,Recurring Deposit,77889,26-07-2024
ACC_5267,CID_3301,Saving,37510.32,28-01-2023
ACC_5268,CID_3301,Current,506283.46,28-01-2023
ACC_5269,CID_3301,Demat,1862612.41,28-01-2023
ACC_5270,CID_3302,Saving,200764.78,25-05-2022
ACC_5271,CID_3303,Saving,189683.24,16-03-2023
ACC_5272,CID_3304,Saving,228757.1,16-04-2018
ACC_5273,CID_3304,Current,724982.39,16-04-2018
ACC_5274,CID_3304,Demat,299128.58,16-04-2018
ACC_5275,CID_3305,Saving,156986.66,18-01-2022
ACC_5276,CID_3305,Current,451918.14,18-01-2022
ACC_5277,CID_3305,Demat,1539994.84,18-01-2022
ACC_5278,CID_3306,Saving,32932.69,24-07-2020
ACC_5279,CID_3307,Saving,132963.51,02-09-2022
ACC_5280,CID_3308,Recurring Deposit,491277.59,18-11-2020
ACC_5281,CID_3309,Saving,229594.19,09-02-2023
ACC_5282,CID_3309,Current,614576.55,09-02-2023
ACC_5283,CID_3309,Demat,1340871.22,09-02-2023
ACC_5284,CID_3310,Saving,12846.2,31-05-2025
ACC_5285,CID_3311,Saving,9495.39,22-07-2020
ACC_5286,CID_3311,Current,629650.24,22-07-2020
ACC_5287,CID_3311,Demat,454942.89,22-07-2020
ACC_5288,CID_3312,Saving,155046.88,04-07-2018
ACC_5289,CID_3313,Saving,79925.69,06-08-2024
ACC_5290,CID_3314,Saving,43579.54,11-05-2024
ACC_5291,CID_3314,Current,142962.87,11-05-2024
ACC_5292,CID_3314,Demat,986998.83,11-05-2024
ACC_5293,CID_3315,Saving,55467.85,31-03-2024
ACC_5294,CID_3315,Current,454949.1,31-03-2024
ACC_5295,CID_3315,Demat,331281.8,31-03-2024
ACC_5296,CID_3316,Saving,94232.28,13-10-2022
ACC_5297,CID_3317,Saving,65537.93,05-06-2021
ACC_5298,CID_3318,Saving,239549.45,25-01-2024
ACC_5299,CID_3318,Current,908862.86,25-01-2024
ACC_5300,CID_3318,Demat,1481375.63,25-01-2024
ACC_5301,CID_3319,Saving,204205.27,24-09-2020
ACC_5302,CID_3319,Current,203154.32,24-09-2020
ACC_5303,CID_3319,Demat,583344.08,24-09-2020
ACC_5304,CID_3320,Recurring Deposit,10242.32,04-09-2024
ACC_5305,CID_3321,Recurring Deposit,290475.19,25-06-2024
ACC_5306,CID_3322,Saving,116423.92,20-11-2020
ACC_5307,CID_3322,Current,804635.05,20-11-2020
ACC_5308,CID_3322,Demat,25597.17,20-11-2020
ACC_5309,CID_3323,Saving,127117.97,29-07-2024
ACC_5310,CID_3324,Recurring Deposit,157297.68,19-03-2024
ACC_5311,CID_3325,Saving,64715.98,23-06-2021
ACC_5312,CID_3325,Current,702288.81,23-06-2021
ACC_5313,CID_3325,Demat,367410.38,23-06-2021
ACC_5314,CID_3326,Saving,236933.35,11-07-2025
ACC_5315,CID_3327,Saving,46654.14,30-01-2019
ACC_5316,CID_3328,Fixed Deposit,808489.69,25-04-2019
ACC_5317,CID_3329,Saving,20598.08,12-08-2025
ACC_5318,CID_3330,Saving,202475.54,27-06-2018
ACC_5319,CID_3331,Saving,92536.92,15-04-2020
ACC_5320,CID_3331,Current,725402.62,15-04-2020
ACC_5321,CID_3331,Demat,319547.49,15-04-2020
ACC_5322,CID_3332,Saving,231053.11,15-07-2018
ACC_5323,CID_3333,Saving,79777.66,08-06-2025
ACC_5324,CID_3334,Saving,100854.69,07-04-2019
ACC_5325,CID_3334,Current,436455.75,07-04-2019
ACC_5326,CID_3334,Demat,929228.34,07-04-2019
ACC_5327,CID_3335,Saving,43503.94,01-05-2019
ACC_5328,CID_3335,Current,622800.57,01-05-2019
ACC_5329,CID_3335,Demat,596834.66,01-05-2019
ACC_5330,CID_3336,Saving,84138.51,12-10-2021
ACC_5331,CID_3337,Saving,167371.39,25-09-2020
ACC_5332,CID_3338,Saving,27188.8,01-01-2022
ACC_5333,CID_3339,Fixed Deposit,227610.86,20-01-2022
ACC_5334,CID_3340,Saving,212822.37,07-02-2024
ACC_5335,CID_3340,Current,704668.11,07-02-2024
ACC_5336,CID_3340,Demat,318282.67,07-02-2024
ACC_5337,CID_3341,Saving,212700.68,23-02-2019
ACC_5338,CID_3341,Current,95266.85,23-02-2019
ACC_5339,CID_3341,Demat,1658527.2,23-02-2019
ACC_5340,CID_3342,Saving,74370.09,10-02-2024
ACC_5341,CID_3343,Saving,38836.6,22-07-2021
ACC_5342,CID_3344,Recurring Deposit,495725.54,09-12-2020
ACC_5343,CID_3345,Recurring Deposit,55757.9,27-04-2022
ACC_5344,CID_3346,Saving,97671.12,08-03-2018
ACC_5345,CID_3347,Recurring Deposit,1479.04,12-10-2023
ACC_5346,CID_3348,Saving,232053.13,21-11-2025
ACC_5347,CID_3348,Current,915650.71,21-11-2025
ACC_5348,CID_3348,Demat,998166.89,21-11-2025
ACC_5349,CID_3349,Saving,78762.76,21-12-2020
ACC_5350,CID_3350,Saving,100730.79,14-04-2022
ACC_5351,CID_3350,Current,945785.85,14-04-2022
ACC_5352,CID_3350,Demat,801595.1,14-04-2022
ACC_5353,CID_3351,Saving,32760.64,02-12-2023
ACC_5354,CID_3352,Saving,35656.88,27-02-2020
ACC_5355,CID_3353,Saving,19238.38,14-12-2020
ACC_5356,CID_3353,Current,183838.71,14-12-2020
ACC_5357,CID_3353,Demat,614748.36,14-12-2020
ACC_5358,CID_3354,Saving,41192.24,24-01-2021
ACC_5359,CID_3355,Saving,199061.5,12-05-2025
ACC_5360,CID_3355,Current,113655.13,12-05-2025
ACC_5361,CID_3355,Demat,1466814.15,12-05-2025
ACC_5362,CID_3356,Fixed Deposit,4330547.08,19-05-2025
ACC_5363,CID_3357,Saving,153941.84,18-11-2024
ACC_5364,CID_3357,Current,154270.82,18-11-2024
ACC_5365,CID_3357,Demat,1521901.06,18-11-2024
ACC_5366,CID_3358,Fixed Deposit,1395648.55,14-01-2023
ACC_5367,CID_3359,Saving,174728.09,11-02-2021
ACC_5368,CID_3360,Saving,14724.76,25-03-2020
ACC_5369,CID_3360,Current,875308.2,25-03-2020
ACC_5370,CID_3360,Demat,847385.43,25-03-2020
ACC_5371,CID_3361,Saving,176704.48,04-02-2024
ACC_5372,CID_3362,Saving,234093.43,30-07-2024
ACC_5373,CID_3363,Saving,99309.4,22-03-2022
ACC_5374,CID_3364,Saving,158136.17,16-05-2020
ACC_5375,CID_3364,Current,327310.82,16-05-2020
ACC_5376,CID_3364,Demat,363023.56,16-05-2020
ACC_5377,CID_3365,Saving,177591.2,02-03-2025
ACC_5378,CID_3366,Saving,40878.79,04-10-2020
ACC_5379,CID_3366,Current,418511.92,04-10-2020
ACC_5380,CID_3366,Demat,1621581.85,04-10-2020
ACC_5381,CID_3367,Saving,141356.53,12-10-2024
ACC_5382,CID_3367,Current,611853.24,12-10-2024
ACC_5383,CID_3367,Demat,123984.39,12-10-2024
ACC_5384,CID_3368,Saving,205747.42,23-08-2020
ACC_5385,CID_3369,Saving,211037.19,29-03-2024
ACC_5386,CID_3370,Saving,223292.73,25-06-2022
ACC_5387,CID_3370,Current,673501.77,25-06-2022
ACC_5388,CID_3370,Demat,1766114.08,25-06-2022
ACC_5389,CID_3371,Saving,225082.01,09-04-2023
ACC_5390,CID_3372,Saving,158932.43,08-06-2022
ACC_5391,CID_3373,Saving,202925.65,24-06-2025
ACC_5392,CID_3373,Current,827324.33,24-06-2025
ACC_5393,CID_3373,Demat,807968.45,24-06-2025
ACC_5394,CID_3374,Saving,138261.42,10-08-2022
ACC_5395,CID_3375,Saving,47873.04,17-05-2025
ACC_5396,CID_3376,Saving,225067.2,29-09-2022
ACC_5397,CID_3377,Recurring Deposit,424725.19,04-07-2025
ACC_5398,CID_3378,Saving,47115.32,19-02-2025
ACC_5399,CID_3378,Current,737435.95,19-02-2025
ACC_5400,CID_3378,Demat,1458004.2,19-02-2025
ACC_5401,CID_3379,Saving,81679.03,06-10-2024
ACC_5402,CID_3380,Saving,123505.58,20-08-2025
ACC_5403,CID_3381,Saving,105911.74,17-07-2022
ACC_5404,CID_3381,Current,629520.52,17-07-2022
ACC_5405,CID_3381,Demat,743616.97,17-07-2022
ACC_5406,CID_3382,Saving,158883.61,14-02-2020
ACC_5407,CID_3382,Current,934398.04,14-02-2020
ACC_5408,CID_3382,Demat,1047680.11,14-02-2020
ACC_5409,CID_3383,Fixed Deposit,3109637.85,03-05-2023
ACC_5410,CID_3384,Fixed Deposit,592726.63,20-04-2021
ACC_5411,CID_3385,Saving,88409.65,09-06-2019
ACC_5412,CID_3385,Current,593827.4,09-06-2019
ACC_5413,CID_3385,Demat,1161213.02,09-06-2019
ACC_5414,CID_3386,Saving,135483.94,05-01-2020
ACC_5415,CID_3386,Current,299609.67,05-01-2020
ACC_5416,CID_3386,Demat,1323178.6,05-01-2020
ACC_5417,CID_3387,Recurring Deposit,411132.41,16-07-2020
ACC_5418,CID_3388,Saving,174134.83,12-03-2024
ACC_5419,CID_3389,Fixed Deposit,3062061.43,07-09-2025
ACC_5420,CID_3390,Saving,81256.36,07-10-2025
ACC_5421,CID_3391,Saving,141593.35,08-04-2021
ACC_5422,CID_3392,Saving,68570.77,21-09-2023
ACC_5423,CID_3393,Saving,111362.24,11-04-2019
ACC_5424,CID_3394,Recurring Deposit,12214.93,05-07-2025
ACC_5425,CID_3395,Saving,154526.97,03-12-2020
ACC_5426,CID_3396,Saving,16200.82,16-01-2023
ACC_5427,CID_3396,Current,438434.88,16-01-2023
ACC_5428,CID_3396,Demat,1239378.1,16-01-2023
ACC_5429,CID_3397,Saving,1459.89,02-04-2021
ACC_5430,CID_3397,Current,782065.02,02-04-2021
ACC_5431,CID_3397,Demat,917282.23,02-04-2021
ACC_5432,CID_3398,Saving,154642.83,19-11-2018
ACC_5433,CID_3399,Saving,69312,09-02-2025
ACC_5434,CID_3399,Current,953654.71,09-02-2025
ACC_5435,CID_3399,Demat,391114.79,09-02-2025
ACC_5436,CID_3400,Saving,103032.9,31-12-2023
ACC_5437,CID_3401,Saving,235959.11,26-10-2023
ACC_5438,CID_3402,Recurring Deposit,268680.97,17-07-2019
ACC_5439,CID_3403,Saving,146277.83,03-10-2024
ACC_5440,CID_3404,Saving,79351.26,08-03-2023
ACC_5441,CID_3405,Recurring Deposit,403295.57,10-10-2024
ACC_5442,CID_3406,Saving,30007.76,16-02-2024
ACC_5443,CID_3407,Saving,35315.48,19-11-2024
ACC_5444,CID_3408,Saving,100353.58,23-03-2024
ACC_5445,CID_3408,Current,553324.07,23-03-2024
ACC_5446,CID_3408,Demat,1803954.95,23-03-2024
ACC_5447,CID_3409,Saving,68004.61,20-05-2018
ACC_5448,CID_3409,Current,833730.26,20-05-2018
ACC_5449,CID_3409,Demat,720345.68,20-05-2018
ACC_5450,CID_3410,Saving,139292.35,07-03-2019
ACC_5451,CID_3411,Saving,166598.49,01-11-2025
ACC_5452,CID_3412,Saving,76627.76,22-01-2025
ACC_5453,CID_3413,Saving,154904.17,11-04-2022
ACC_5454,CID_3413,Current,737156.45,11-04-2022
ACC_5455,CID_3413,Demat,527513.43,11-04-2022
ACC_5456,CID_3414,Saving,104290.51,05-10-2019
ACC_5457,CID_3415,Saving,231400.86,30-06-2018
ACC_5458,CID_3415,Current,447631.11,30-06-2018
ACC_5459,CID_3415,Demat,744263.23,30-06-2018
ACC_5460,CID_3416,Saving,53607.09,05-04-2023
ACC_5461,CID_3417,Saving,25904.72,16-01-2022
ACC_5462,CID_3418,Saving,227834.54,17-07-2021
ACC_5463,CID_3419,Saving,65634.28,04-04-2025
ACC_5464,CID_3420,Saving,109849.59,12-11-2023
ACC_5465,CID_3420,Current,541820.94,12-11-2023
ACC_5466,CID_3420,Demat,1690118.12,12-11-2023
ACC_5467,CID_3421,Saving,125912.08,23-10-2022
ACC_5468,CID_3422,Saving,118289.97,16-03-2022
ACC_5469,CID_3423,Saving,28693.15,30-06-2025
ACC_5470,CID_3424,Recurring Deposit,62314.75,12-03-2022
ACC_5471,CID_3425,Saving,237448.63,11-08-2025
ACC_5472,CID_3426,Saving,149028.85,11-06-2019
ACC_5473,CID_3426,Current,44222.59,11-06-2019
ACC_5474,CID_3426,Demat,970476.19,11-06-2019
ACC_5475,CID_3427,Recurring Deposit,201033.77,08-08-2023
ACC_5476,CID_3428,Recurring Deposit,189537.07,24-11-2023
ACC_5477,CID_3429,Saving,227585.22,21-02-2024
ACC_5478,CID_3429,Current,611670.55,21-02-2024
ACC_5479,CID_3429,Demat,875194.98,21-02-2024
ACC_5480,CID_3430,Saving,233143.51,21-12-2022
ACC_5481,CID_3430,Current,768350.29,21-12-2022
ACC_5482,CID_3430,Demat,372552.42,21-12-2022
ACC_5483,CID_3431,Saving,59360,29-08-2018
ACC_5484,CID_3432,Saving,74076.36,20-10-2019
ACC_5485,CID_3432,Current,793335.06,20-10-2019
ACC_5486,CID_3432,Demat,520946.49,20-10-2019
ACC_5487,CID_3433,Saving,135525.37,16-03-2025
ACC_5488,CID_3434,Saving,109549.81,08-03-2022
ACC_5489,CID_3435,Saving,206110.33,09-01-2024
ACC_5490,CID_3435,Current,232528.5,09-01-2024
ACC_5491,CID_3435,Demat,454322.22,09-01-2024
ACC_5492,CID_3436,Saving,20918,14-01-2026
ACC_5493,CID_3437,Saving,182299.21,24-01-2023
ACC_5494,CID_3437,Current,218943.2,24-01-2023
ACC_5495,CID_3437,Demat,336617.16,24-01-2023
ACC_5496,CID_3438,Recurring Deposit,197798.84,08-08-2022
ACC_5497,CID_3439,Saving,232664.31,13-04-2019
ACC_5498,CID_3439,Current,68921.47,13-04-2019
ACC_5499,CID_3439,Demat,1435676.65,13-04-2019
ACC_5500,CID_3440,Fixed Deposit,724500.07,15-09-2025
ACC_5501,CID_3441,Saving,68039.64,22-04-2019
ACC_5502,CID_3442,Saving,86953.01,10-06-2021
ACC_5503,CID_3443,Saving,81518.64,27-09-2022
ACC_5504,CID_3444,Saving,170476.33,15-02-2025
ACC_5505,CID_3445,Saving,214874.73,12-10-2021
ACC_5506,CID_3445,Current,102301.75,12-10-2021
ACC_5507,CID_3445,Demat,235734.04,12-10-2021
ACC_5508,CID_3446,Saving,21466.33,11-11-2025
ACC_5509,CID_3447,Saving,229101.12,02-05-2025
ACC_5510,CID_3447,Current,529563.92,02-05-2025
ACC_5511,CID_3447,Demat,1275280.48,02-05-2025
ACC_5512,CID_3448,Saving,23640.16,21-05-2023
ACC_5513,CID_3448,Current,448788.62,21-05-2023
ACC_5514,CID_3448,Demat,617976.34,21-05-2023
ACC_5515,CID_3449,Saving,54098.57,07-01-2024
ACC_5516,CID_3450,Recurring Deposit,366168.27,25-06-2023
ACC_5517,CID_3451,Recurring Deposit,231160.81,13-09-2025
ACC_5518,CID_3452,Recurring Deposit,490011.17,28-02-2024
ACC_5519,CID_3453,Saving,225374.85,18-10-2019
ACC_5520,CID_3454,Saving,127881,11-07-2023
ACC_5521,CID_3455,Saving,31640.54,24-06-2020
ACC_5522,CID_3455,Current,218555.47,24-06-2020
ACC_5523,CID_3455,Demat,170876.04,24-06-2020
ACC_5524,CID_3456,Saving,60291.66,29-05-2019
ACC_5525,CID_3457,Recurring Deposit,91927.69,07-08-2025
ACC_5526,CID_3458,Saving,126753.89,26-07-2023
ACC_5527,CID_3459,Saving,43935.03,27-10-2024
ACC_5528,CID_3460,Saving,206888.88,17-10-2021
ACC_5529,CID_3461,Saving,171225.67,28-02-2025
ACC_5530,CID_3461,Current,314147.47,28-02-2025
ACC_5531,CID_3461,Demat,248843.14,28-02-2025
ACC_5532,CID_3462,Recurring Deposit,107140.74,08-03-2020
ACC_5533,CID_3463,Recurring Deposit,392340.22,08-02-2021
ACC_5534,CID_3464,Saving,141349,26-09-2025
ACC_5535,CID_3465,Saving,171546.99,20-03-2021
ACC_5536,CID_3466,Recurring Deposit,248785.45,21-09-2019
ACC_5537,CID_3467,Saving,41065.03,29-05-2022
ACC_5538,CID_3468,Saving,77942.71,28-11-2025
ACC_5539,CID_3469,Saving,144110.14,23-12-2019
ACC_5540,CID_3470,Saving,107787.9,22-10-2022
ACC_5541,CID_3470,Current,971697.12,22-10-2022
ACC_5542,CID_3470,Demat,686202.83,22-10-2022
ACC_5543,CID_3471,Recurring Deposit,15467.58,19-08-2019
ACC_5544,CID_3472,Saving,133300.36,11-05-2022
ACC_5545,CID_3472,Current,554549.48,11-05-2022
ACC_5546,CID_3472,Demat,961982.67,11-05-2022
ACC_5547,CID_3473,Fixed Deposit,4164974.98,27-09-2019
ACC_5548,CID_3474,Saving,41349.59,12-05-2019
ACC_5549,CID_3474,Current,704567.47,12-05-2019
ACC_5550,CID_3474,Demat,1082903.65,12-05-2019
ACC_5551,CID_3475,Saving,72228.72,14-12-2021
ACC_5552,CID_3476,Saving,69595.37,21-11-2019
ACC_5553,CID_3476,Current,937945.13,21-11-2019
ACC_5554,CID_3476,Demat,1554075.58,21-11-2019
ACC_5555,CID_3477,Recurring Deposit,419846.9,05-11-2021
ACC_5556,CID_3478,Saving,92992.68,12-06-2025
ACC_5557,CID_3478,Current,171525.86,12-06-2025
ACC_5558,CID_3478,Demat,1822123.13,12-06-2025
ACC_5559,CID_3479,Saving,142968.16,22-05-2022
ACC_5560,CID_3480,Saving,185603.37,30-10-2022
ACC_5561,CID_3480,Current,842744.43,30-10-2022
ACC_5562,CID_3480,Demat,107427.55,30-10-2022
ACC_5563,CID_3481,Recurring Deposit,231917.63,16-11-2021
ACC_5564,CID_3482,Fixed Deposit,4230184.47,24-10-2019
ACC_5565,CID_3483,Saving,132439.66,26-09-2018
ACC_5566,CID_3484,Saving,226872.33,25-08-2018
ACC_5567,CID_3484,Current,452401.36,25-08-2018
ACC_5568,CID_3484,Demat,168488.83,25-08-2018
ACC_5569,CID_3485,Saving,145359.57,02-10-2025
ACC_5570,CID_3486,Saving,82518.5,04-10-2025
ACC_5571,CID_3486,Current,99782.65,04-10-2025
ACC_5572,CID_3486,Demat,535422.38,04-10-2025
ACC_5573,CID_3487,Recurring Deposit,80778.11,19-03-2025
ACC_5574,CID_3488,Saving,181666.8,20-07-2024
ACC_5575,CID_3489,Recurring Deposit,171517.79,19-02-2020
ACC_5576,CID_3490,Saving,193952.5,20-05-2024
ACC_5577,CID_3490,Current,578544.13,20-05-2024
ACC_5578,CID_3490,Demat,1221460.44,20-05-2024
ACC_5579,CID_3491,Saving,69138.01,04-07-2023
ACC_5580,CID_3491,Current,916519.16,04-07-2023
ACC_5581,CID_3491,Demat,1154993.29,04-07-2023
ACC_5582,CID_3492,Saving,208431.93,27-12-2023
ACC_5583,CID_3493,Saving,79247.91,07-12-2021
ACC_5584,CID_3494,Saving,52327.6,27-09-2025
ACC_5585,CID_3495,Recurring Deposit,157227.41,01-02-2019
ACC_5586,CID_3496,Saving,180617.13,04-06-2025
ACC_5587,CID_3497,Saving,49192.14,07-01-2025
ACC_5588,CID_3498,Recurring Deposit,61808.41,26-09-2021
ACC_5589,CID_3499,Saving,3103.59,09-02-2025
ACC_5590,CID_3499,Current,958567.42,09-02-2025
ACC_5591,CID_3499,Demat,1067613.33,09-02-2025
ACC_5592,CID_3500,Saving,34033.08,13-07-2019
ACC_5593,CID_3500,Current,866273.42,13-07-2019
ACC_5594,CID_3500,Demat,702375.67,13-07-2019
ACC_5595,CID_3501,Saving,172676.07,04-11-2024
ACC_5596,CID_3502,Saving,125820.98,21-11-2022
ACC_5597,CID_3503,Saving,82271.2,07-05-2022
ACC_5598,CID_3503,Current,879440.29,07-05-2022
ACC_5599,CID_3503,Demat,602177.04,07-05-2022
ACC_5600,CID_3504,Saving,86141.13,04-02-2020
ACC_5601,CID_3505,Saving,100813.22,30-06-2023
ACC_5602,CID_3506,Recurring Deposit,255318.84,12-10-2023
ACC_5603,CID_3507,Saving,88630.85,21-04-2018
ACC_5604,CID_3508,Saving,2275.04,04-08-2022
ACC_5605,CID_3508,Current,334529.54,04-08-2022
ACC_5606,CID_3508,Demat,646905.46,04-08-2022
ACC_5607,CID_3509,Saving,158400.84,21-08-2018
ACC_5608,CID_3509,Current,292606.88,21-08-2018
ACC_5609,CID_3509,Demat,1332989.97,21-08-2018
ACC_5610,CID_3510,Saving,215263.16,06-08-2021
ACC_5611,CID_3511,Saving,122092.18,12-09-2025
ACC_5612,CID_3511,Current,186751.45,12-09-2025
ACC_5613,CID_3511,Demat,696701.13,12-09-2025
ACC_5614,CID_3512,Saving,72899.24,25-08-2022
ACC_5615,CID_3513,Saving,33938.97,31-10-2021
ACC_5616,CID_3514,Recurring Deposit,229010.93,16-08-2023
ACC_5617,CID_3515,Saving,105745.14,03-06-2025
ACC_5618,CID_3515,Current,765943.61,03-06-2025
ACC_5619,CID_3515,Demat,759529.58,03-06-2025
ACC_5620,CID_3516,Saving,74098.82,14-05-2025
ACC_5621,CID_3517,Saving,201905.86,19-06-2025
ACC_5622,CID_3517,Current,257168.32,19-06-2025
ACC_5623,CID_3517,Demat,1634915.43,19-06-2025
ACC_5624,CID_3518,Saving,9223,17-09-2018
ACC_5625,CID_3518,Current,105738.26,17-09-2018
ACC_5626,CID_3518,Demat,1998356.08,17-09-2018
ACC_5627,CID_3519,Fixed Deposit,1680462.92,09-10-2023
ACC_5628,CID_3520,Fixed Deposit,223839.95,11-07-2021
ACC_5629,CID_3521,Saving,140274.02,27-03-2019
ACC_5630,CID_3522,Saving,245042.24,02-10-2025
ACC_5631,CID_3523,Saving,121908.3,17-12-2023
ACC_5632,CID_3524,Recurring Deposit,255045.95,26-05-2022
ACC_5633,CID_3525,Saving,65161.18,19-11-2023
ACC_5634,CID_3525,Current,271317.6,19-11-2023
ACC_5635,CID_3525,Demat,236538.18,19-11-2023
ACC_5636,CID_3526,Saving,53247.95,29-07-2018
ACC_5637,CID_3527,Saving,143995.61,20-04-2025
ACC_5638,CID_3528,Saving,100831.92,30-04-2025
ACC_5639,CID_3529,Fixed Deposit,4600131.17,11-07-2022
ACC_5640,CID_3530,Recurring Deposit,382002.15,17-11-2024
ACC_5641,CID_3531,Saving,113859.01,08-03-2020
ACC_5642,CID_3531,Current,270352.8,08-03-2020
ACC_5643,CID_3531,Demat,643202.6,08-03-2020
ACC_5644,CID_3532,Recurring Deposit,415747.92,11-03-2024
ACC_5645,CID_3533,Recurring Deposit,68756.61,16-10-2021
ACC_5646,CID_3534,Saving,49538.22,07-02-2022
ACC_5647,CID_3535,Saving,138422.55,26-09-2024
ACC_5648,CID_3535,Current,560390.71,26-09-2024
ACC_5649,CID_3535,Demat,244037.21,26-09-2024
ACC_5650,CID_3536,Saving,194027.09,30-11-2022
ACC_5651,CID_3537,Saving,236804.2,22-11-2023
ACC_5652,CID_3538,Recurring Deposit,33437.88,17-01-2022
ACC_5653,CID_3539,Saving,117738.37,24-06-2025
ACC_5654,CID_3539,Current,652247.67,24-06-2025
ACC_5655,CID_3539,Demat,721492.74,24-06-2025
ACC_5656,CID_3540,Saving,58892.09,19-09-2025
ACC_5657,CID_3540,Current,405298.28,19-09-2025
ACC_5658,CID_3540,Demat,1523156.97,19-09-2025
ACC_5659,CID_3541,Saving,58520.77,09-08-2023
ACC_5660,CID_3542,Saving,155860.82,26-01-2024
ACC_5661,CID_3543,Saving,128406.45,17-04-2022
ACC_5662,CID_3544,Saving,32365.21,18-12-2023
ACC_5663,CID_3545,Recurring Deposit,484974.33,07-03-2022
ACC_5664,CID_3546,Saving,211921.91,11-06-2025
ACC_5665,CID_3546,Current,862494.09,11-06-2025
ACC_5666,CID_3546,Demat,469124.3,11-06-2025
ACC_5667,CID_3547,Saving,181178.21,15-05-2020
ACC_5668,CID_3548,Saving,33920.65,09-03-2020
ACC_5669,CID_3548,Current,269262.42,09-03-2020
ACC_5670,CID_3548,Demat,562599.45,09-03-2020
ACC_5671,CID_3549,Saving,123939.61,18-02-2026
ACC_5672,CID_3550,Saving,54165.32,31-10-2024
ACC_5673,CID_3551,Saving,137934.16,07-07-2022
ACC_5674,CID_3552,Saving,120938.94,29-03-2022
ACC_5675,CID_3553,Saving,238710.5,15-10-2022
ACC_5676,CID_3553,Current,923673.33,15-10-2022
ACC_5677,CID_3553,Demat,292675.78,15-10-2022
ACC_5678,CID_3554,Saving,182682.35,10-02-2019
ACC_5679,CID_3555,Recurring Deposit,491498.83,21-08-2020
ACC_5680,CID_3556,Saving,93611.98,02-05-2019
ACC_5681,CID_3557,Saving,36466.19,18-10-2022
ACC_5682,CID_3557,Current,290322.99,18-10-2022
ACC_5683,CID_3557,Demat,533704.38,18-10-2022
ACC_5684,CID_3558,Saving,25369.86,20-06-2020
ACC_5685,CID_3559,Saving,9343.79,05-12-2019
ACC_5686,CID_3559,Current,306173.28,05-12-2019
ACC_5687,CID_3559,Demat,1054051.73,05-12-2019
ACC_5688,CID_3560,Saving,54170.5,17-11-2022
ACC_5689,CID_3561,Recurring Deposit,224876.76,19-05-2025
ACC_5690,CID_3562,Fixed Deposit,765717.69,14-07-2018
ACC_5691,CID_3563,Saving,194968.48,29-12-2023
ACC_5692,CID_3564,Recurring Deposit,360999.41,19-08-2025
ACC_5693,CID_3565,Saving,49550.17,03-05-2022
ACC_5694,CID_3566,Saving,2989.11,01-05-2022
ACC_5695,CID_3566,Current,465381.49,01-05-2022
ACC_5696,CID_3566,Demat,1211805.82,01-05-2022
ACC_5697,CID_3567,Saving,123985.74,22-11-2021
ACC_5698,CID_3568,Saving,140989.91,24-11-2022
ACC_5699,CID_3568,Current,13311.93,24-11-2022
ACC_5700,CID_3568,Demat,1598067.47,24-11-2022
ACC_5701,CID_3569,Saving,188282.49,31-12-2019
ACC_5702,CID_3570,Saving,43330.46,21-08-2023
ACC_5703,CID_3571,Saving,135363.7,21-01-2025
ACC_5704,CID_3572,Recurring Deposit,236834.38,10-04-2021
ACC_5705,CID_3573,Saving,124155.76,19-02-2019
ACC_5706,CID_3573,Current,186452.23,19-02-2019
ACC_5707,CID_3573,Demat,54778.69,19-02-2019
ACC_5708,CID_3574,Recurring Deposit,386963.52,08-07-2024
ACC_5709,CID_3575,Saving,28184.36,12-02-2019
ACC_5710,CID_3575,Current,168016.69,12-02-2019
ACC_5711,CID_3575,Demat,1616447.44,12-02-2019
ACC_5712,CID_3576,Saving,113969.65,17-06-2024
ACC_5713,CID_3577,Saving,244603.51,14-09-2019
ACC_5714,CID_3578,Recurring Deposit,465406.11,18-04-2021
ACC_5715,CID_3579,Saving,36484.06,22-08-2025
ACC_5716,CID_3580,Saving,45680.39,03-06-2021
ACC_5717,CID_3581,Saving,238610.29,22-03-2024
ACC_5718,CID_3582,Saving,76620.18,11-07-2024
ACC_5719,CID_3583,Saving,154447.51,24-10-2024
ACC_5720,CID_3584,Saving,156564.73,25-12-2022
ACC_5721,CID_3585,Recurring Deposit,235692.05,24-10-2024
ACC_5722,CID_3586,Saving,150868.13,05-08-2025
ACC_5723,CID_3586,Current,300807.84,05-08-2025
ACC_5724,CID_3586,Demat,1116596.77,05-08-2025
ACC_5725,CID_3587,Recurring Deposit,180186.06,13-09-2019
ACC_5726,CID_3588,Saving,33287.6,11-08-2018
ACC_5727,CID_3589,Saving,28054.81,21-12-2019
ACC_5728,CID_3589,Current,955127.54,21-12-2019
ACC_5729,CID_3589,Demat,1076363.02,21-12-2019
ACC_5730,CID_3590,Saving,107751.83,25-01-2023
ACC_5731,CID_3590,Current,880961.38,25-01-2023
ACC_5732,CID_3590,Demat,1986768.61,25-01-2023
ACC_5733,CID_3591,Saving,103699.16,27-10-2024
ACC_5734,CID_3592,Fixed Deposit,4542421.6,21-09-2022
ACC_5735,CID_3593,Saving,116170.44,27-01-2022
ACC_5736,CID_3594,Saving,131616.96,22-10-2022
ACC_5737,CID_3595,Saving,187425.76,20-09-2023
ACC_5738,CID_3596,Fixed Deposit,4883836.23,08-01-2021
ACC_5739,CID_3597,Saving,122928.58,13-06-2024
ACC_5740,CID_3598,Saving,75543.5,03-06-2019
ACC_5741,CID_3599,Saving,184375.77,26-02-2025
ACC_5742,CID_3600,Saving,152178.4,29-04-2025
ACC_5743,CID_3600,Current,730631.89,29-04-2025
ACC_5744,CID_3600,Demat,260075.81,29-04-2025
ACC_5745,CID_3601,Saving,67619.37,24-07-2019
ACC_5746,CID_3602,Fixed Deposit,204972.75,01-01-2018
ACC_5747,CID_3603,Saving,132182.12,14-02-2019
ACC_5748,CID_3604,Saving,47279.17,28-09-2019
ACC_5749,CID_3604,Current,714701.48,28-09-2019
ACC_5750,CID_3604,Demat,24408.05,28-09-2019
ACC_5751,CID_3605,Saving,185998.34,01-01-2021
ACC_5752,CID_3605,Current,492176.31,01-01-2021
ACC_5753,CID_3605,Demat,1877906.84,01-01-2021
ACC_5754,CID_3606,Recurring Deposit,1743.56,07-09-2020
ACC_5755,CID_3607,Saving,5034.34,09-08-2020
ACC_5756,CID_3608,Fixed Deposit,3721445.88,19-09-2022
ACC_5757,CID_3609,Saving,148639.05,01-08-2024
ACC_5758,CID_3609,Current,612574.25,01-08-2024
ACC_5759,CID_3609,Demat,11700.58,01-08-2024
ACC_5760,CID_3610,Fixed Deposit,4996368.9,09-03-2024
ACC_5761,CID_3611,Saving,101845.35,09-06-2021
ACC_5762,CID_3611,Current,3647.46,09-06-2021
ACC_5763,CID_3611,Demat,1161391.89,09-06-2021
ACC_5764,CID_3612,Saving,205189.79,02-02-2020
ACC_5765,CID_3613,Saving,114458.21,28-03-2019
ACC_5766,CID_3614,Fixed Deposit,2890076.65,04-12-2024
ACC_5767,CID_3615,Saving,135673.37,12-03-2019
ACC_5768,CID_3616,Recurring Deposit,475526.48,23-06-2018
ACC_5769,CID_3617,Fixed Deposit,1948654.29,25-10-2023
ACC_5770,CID_3618,Saving,230379.16,27-02-2022
ACC_5771,CID_3619,Recurring Deposit,125271.55,13-07-2025
ACC_5772,CID_3620,Saving,208840.64,15-07-2025
ACC_5773,CID_3621,Saving,220653.93,07-11-2025
ACC_5774,CID_3622,Saving,161617.56,17-02-2020
ACC_5775,CID_3623,Saving,143546.11,28-01-2019
ACC_5776,CID_3624,Saving,65313.67,04-03-2023
ACC_5777,CID_3625,Saving,51261.6,27-04-2025
ACC_5778,CID_3626,Saving,111896.19,12-01-2018
ACC_5779,CID_3627,Saving,71204.2,06-09-2022
ACC_5780,CID_3628,Saving,179170.45,11-06-2022
ACC_5781,CID_3629,Saving,34918.07,12-08-2024
ACC_5782,CID_3630,Saving,35250.15,04-03-2023
ACC_5783,CID_3630,Current,770221.03,04-03-2023
ACC_5784,CID_3630,Demat,1820948.43,04-03-2023
ACC_5785,CID_3631,Saving,56011.81,25-08-2025
ACC_5786,CID_3632,Fixed Deposit,4841048.45,09-09-2025
ACC_5787,CID_3633,Saving,86989.33,02-07-2022
ACC_5788,CID_3634,Saving,172362.38,15-09-2023
ACC_5789,CID_3635,Saving,197522.32,01-03-2019
ACC_5790,CID_3635,Current,359152.49,01-03-2019
ACC_5791,CID_3635,Demat,1942023.33,01-03-2019
ACC_5792,CID_3636,Fixed Deposit,1119123.21,12-08-2021
ACC_5793,CID_3637,Saving,40287.86,12-09-2020
ACC_5794,CID_3638,Saving,138139.29,06-05-2025
ACC_5795,CID_3639,Saving,29490.74,02-07-2019
ACC_5796,CID_3639,Current,419254.22,02-07-2019
ACC_5797,CID_3639,Demat,143539.38,02-07-2019
ACC_5798,CID_3640,Saving,86814.92,29-07-2024
ACC_5799,CID_3640,Current,18881.02,29-07-2024
ACC_5800,CID_3640,Demat,1332789.46,29-07-2024
ACC_5801,CID_3641,Saving,116429.74,24-10-2024
ACC_5802,CID_3642,Saving,102395.43,01-09-2021
ACC_5803,CID_3643,Saving,140608.62,06-08-2024
ACC_5804,CID_3644,Saving,22123.15,04-06-2024
ACC_5805,CID_3644,Current,90641.34,04-06-2024
ACC_5806,CID_3644,Demat,1758562.5,04-06-2024
ACC_5807,CID_3645,Saving,183884.52,27-08-2025
ACC_5808,CID_3646,Saving,31710.81,04-02-2024
ACC_5809,CID_3647,Recurring Deposit,6752.64,16-08-2018
ACC_5810,CID_3648,Saving,238952.21,11-04-2022
ACC_5811,CID_3649,Saving,181488.82,05-02-2023
ACC_5812,CID_3649,Current,970674.4,05-02-2023
ACC_5813,CID_3649,Demat,614395.69,05-02-2023
ACC_5814,CID_3650,Saving,55081.37,28-08-2018
ACC_5815,CID_3651,Saving,206391.75,03-07-2024
ACC_5816,CID_3651,Current,26128.06,03-07-2024
ACC_5817,CID_3651,Demat,1245968.26,03-07-2024
ACC_5818,CID_3652,Saving,179935.03,02-12-2022
ACC_5819,CID_3653,Saving,211413.4,01-06-2021
ACC_5820,CID_3654,Saving,105753.01,05-10-2022
ACC_5821,CID_3655,Saving,235080.21,01-09-2019
ACC_5822,CID_3656,Saving,206599.51,06-06-2019
ACC_5823,CID_3656,Current,668510.33,06-06-2019
ACC_5824,CID_3656,Demat,370629.39,06-06-2019
ACC_5825,CID_3657,Saving,104867.23,21-11-2025
ACC_5826,CID_3658,Recurring Deposit,200694.49,25-11-2025
ACC_5827,CID_3659,Saving,245899.49,25-03-2023
ACC_5828,CID_3659,Current,956436.27,25-03-2023
ACC_5829,CID_3659,Demat,1244695.31,25-03-2023
ACC_5830,CID_3660,Recurring Deposit,255807.73,13-02-2024
ACC_5831,CID_3661,Saving,207552.4,05-05-2023
ACC_5832,CID_3662,Saving,52319.53,17-11-2022
ACC_5833,CID_3663,Saving,243754.32,21-05-2024
ACC_5834,CID_3663,Current,109744.25,21-05-2024
ACC_5835,CID_3663,Demat,1022968.48,21-05-2024
ACC_5836,CID_3664,Saving,248358.72,12-10-2020
ACC_5837,CID_3664,Current,973580.76,12-10-2020
ACC_5838,CID_3664,Demat,255480.37,12-10-2020
ACC_5839,CID_3665,Saving,13885.07,24-08-2023
ACC_5840,CID_3666,Saving,28060.48,06-11-2024
ACC_5841,CID_3667,Saving,210947.42,14-05-2023
ACC_5842,CID_3668,Saving,143920.6,04-05-2018
ACC_5843,CID_3669,Saving,69464.86,04-01-2025
ACC_5844,CID_3670,Saving,31369.33,11-05-2023
ACC_5845,CID_3671,Saving,123517.88,08-03-2019
ACC_5846,CID_3671,Current,196369.22,08-03-2019
ACC_5847,CID_3671,Demat,1103110.32,08-03-2019
ACC_5848,CID_3672,Saving,214365.04,17-10-2024
ACC_5849,CID_3673,Saving,56724.15,24-11-2020
ACC_5850,CID_3673,Current,677491.05,24-11-2020
ACC_5851,CID_3673,Demat,1578965.27,24-11-2020
ACC_5852,CID_3674,Saving,16660.83,01-02-2023
ACC_5853,CID_3675,Saving,200442,20-05-2021
ACC_5854,CID_3675,Current,537303.5,20-05-2021
ACC_5855,CID_3675,Demat,1986179.48,20-05-2021
ACC_5856,CID_3676,Fixed Deposit,1743110.31,05-06-2024
ACC_5857,CID_3677,Saving,45845.34,18-12-2023
ACC_5858,CID_3677,Current,161836.87,18-12-2023
ACC_5859,CID_3677,Demat,1756934.5,18-12-2023
ACC_5860,CID_3678,Recurring Deposit,42048.6,18-07-2022
ACC_5861,CID_3679,Saving,7812.25,12-05-2024
ACC_5862,CID_3679,Current,708524.84,12-05-2024
ACC_5863,CID_3679,Demat,106660.62,12-05-2024
ACC_5864,CID_3680,Saving,1545.73,24-06-2023
ACC_5865,CID_3680,Current,946022.12,24-06-2023
ACC_5866,CID_3680,Demat,995859.16,24-06-2023
ACC_5867,CID_3681,Saving,96570.11,01-06-2024
ACC_5868,CID_3682,Saving,16089.25,23-10-2023
ACC_5869,CID_3683,Saving,207103.95,27-07-2021
ACC_5870,CID_3684,Fixed Deposit,410107.7,19-06-2025
ACC_5871,CID_3685,Saving,74804.6,18-01-2026
ACC_5872,CID_3686,Saving,172619.78,08-03-2024
ACC_5873,CID_3687,Saving,190600.93,24-06-2023
ACC_5874,CID_3688,Fixed Deposit,533761.82,26-04-2022
ACC_5875,CID_3689,Fixed Deposit,3805192.5,30-10-2024
ACC_5876,CID_3690,Saving,187938.34,03-11-2022
ACC_5877,CID_3691,Saving,25081.28,22-06-2024
ACC_5878,CID_3691,Current,648366.16,22-06-2024
ACC_5879,CID_3691,Demat,1691575,22-06-2024
ACC_5880,CID_3692,Saving,131208.93,10-10-2024
ACC_5881,CID_3692,Current,867468.37,10-10-2024
ACC_5882,CID_3692,Demat,1842922.68,10-10-2024
ACC_5883,CID_3693,Saving,109668.6,22-06-2021
ACC_5884,CID_3694,Saving,30285.27,02-01-2025
ACC_5885,CID_3695,Recurring Deposit,433746.94,25-09-2024
ACC_5886,CID_3696,Saving,1364.05,14-09-2021
ACC_5887,CID_3696,Current,138464.22,14-09-2021
ACC_5888,CID_3696,Demat,938624.1,14-09-2021
ACC_5889,CID_3697,Saving,28431.8,02-10-2022
ACC_5890,CID_3698,Saving,172719.72,03-12-2020
ACC_5891,CID_3699,Saving,243999.02,11-02-2022
ACC_5892,CID_3700,Saving,149132.61,31-05-2025
ACC_5893,CID_3701,Saving,63202.9,17-07-2021
ACC_5894,CID_3701,Current,490919.6,17-07-2021
ACC_5895,CID_3701,Demat,245625.86,17-07-2021
ACC_5896,CID_3702,Recurring Deposit,21118.87,02-02-2025
ACC_5897,CID_3703,Saving,225783.1,13-05-2024
ACC_5898,CID_3704,Saving,4223.63,17-02-2019
ACC_5899,CID_3704,Current,723072.03,17-02-2019
ACC_5900,CID_3704,Demat,1100336.75,17-02-2019
ACC_5901,CID_3705,Recurring Deposit,16707.43,13-06-2024
ACC_5902,CID_3706,Saving,73643.48,09-07-2018
ACC_5903,CID_3707,Recurring Deposit,81972.36,02-03-2021
ACC_5904,CID_3708,Saving,9993.83,10-03-2021
ACC_5905,CID_3708,Current,993320.88,10-03-2021
ACC_5906,CID_3708,Demat,1206917.32,10-03-2021
ACC_5907,CID_3709,Recurring Deposit,130531.22,18-02-2024
ACC_5908,CID_3710,Saving,97538.92,16-12-2018
ACC_5909,CID_3710,Current,443041.53,16-12-2018
ACC_5910,CID_3710,Demat,1366864.98,16-12-2018
ACC_5911,CID_3711,Saving,172678.34,01-10-2023
ACC_5912,CID_3712,Recurring Deposit,465827.45,22-01-2024
ACC_5913,CID_3713,Saving,29302.3,13-06-2023
ACC_5914,CID_3714,Saving,18638.56,21-06-2023
ACC_5915,CID_3715,Saving,49807.42,01-02-2024
ACC_5916,CID_3715,Current,47374.24,01-02-2024
ACC_5917,CID_3715,Demat,1882328.84,01-02-2024
ACC_5918,CID_3716,Saving,195551.58,14-03-2022
ACC_5919,CID_3717,Recurring Deposit,57140.61,20-01-2024
ACC_5920,CID_3718,Saving,135686.41,30-06-2018
ACC_5921,CID_3719,Saving,3049.62,06-07-2021
ACC_5922,CID_3720,Saving,202437.54,03-04-2025
ACC_5923,CID_3721,Saving,214608.84,26-11-2024
ACC_5924,CID_3722,Saving,92391.09,28-10-2021
ACC_5925,CID_3723,Saving,180063.94,25-12-2018
ACC_5926,CID_3723,Current,763887.02,25-12-2018
ACC_5927,CID_3723,Demat,1430042.37,25-12-2018
ACC_5928,CID_3724,Saving,198649.89,18-05-2023
ACC_5929,CID_3725,Saving,233961.67,18-06-2024
ACC_5930,CID_3725,Current,862639.26,18-06-2024
ACC_5931,CID_3725,Demat,469181.73,18-06-2024
ACC_5932,CID_3726,Saving,4760.46,04-11-2020
ACC_5933,CID_3727,Saving,105442.47,21-12-2020
ACC_5934,CID_3728,Saving,205155.59,20-06-2018
ACC_5935,CID_3728,Current,585622.6,20-06-2018
ACC_5936,CID_3728,Demat,851850.14,20-06-2018
ACC_5937,CID_3729,Saving,62072.09,25-03-2020
ACC_5938,CID_3730,Recurring Deposit,432249.46,12-09-2021
ACC_5939,CID_3731,Saving,112535.51,26-03-2025
ACC_5940,CID_3732,Saving,58935.45,08-02-2023
ACC_5941,CID_3733,Saving,85670.86,24-07-2019
ACC_5942,CID_3734,Recurring Deposit,320106.41,04-07-2020
ACC_5943,CID_3735,Saving,40613.65,13-03-2019
ACC_5944,CID_3735,Current,734617.64,13-03-2019
ACC_5945,CID_3735,Demat,42627.26,13-03-2019
ACC_5946,CID_3736,Recurring Deposit,421445.34,29-07-2025
ACC_5947,CID_3737,Recurring Deposit,234813.35,21-02-2018
ACC_5948,CID_3738,Saving,110664.97,08-06-2025
ACC_5949,CID_3738,Current,28289.15,08-06-2025
ACC_5950,CID_3738,Demat,411130.54,08-06-2025
ACC_5951,CID_3739,Saving,201474.49,29-04-2022
ACC_5952,CID_3740,Saving,248729.53,05-12-2019
ACC_5953,CID_3740,Current,752885.84,05-12-2019
ACC_5954,CID_3740,Demat,964903.11,05-12-2019
ACC_5955,CID_3741,Saving,121925.66,09-08-2022
ACC_5956,CID_3742,Saving,4478.46,03-01-2023
ACC_5957,CID_3742,Current,186526.68,03-01-2023
ACC_5958,CID_3742,Demat,887389.48,03-01-2023
ACC_5959,CID_3743,Saving,211745.7,03-04-2021
ACC_5960,CID_3744,Saving,96139,08-08-2018
ACC_5961,CID_3744,Current,162835.65,08-08-2018
ACC_5962,CID_3744,Demat,349652.85,08-08-2018
ACC_5963,CID_3745,Saving,132255.29,26-05-2024
ACC_5964,CID_3745,Current,981283.91,26-05-2024
ACC_5965,CID_3745,Demat,1787538.38,26-05-2024
ACC_5966,CID_3746,Recurring Deposit,498518.82,17-09-2025
ACC_5967,CID_3747,Saving,63042.58,30-09-2018
ACC_5968,CID_3747,Current,11275.31,30-09-2018
ACC_5969,CID_3747,Demat,1307141.79,30-09-2018
ACC_5970,CID_3748,Saving,36382.3,08-08-2019
ACC_5971,CID_3748,Current,945649.8,08-08-2019
ACC_5972,CID_3748,Demat,1720035.25,08-08-2019
ACC_5973,CID_3749,Saving,181793.97,22-04-2018
ACC_5974,CID_3749,Current,966928.24,22-04-2018
ACC_5975,CID_3749,Demat,804769.03,22-04-2018
ACC_5976,CID_3750,Saving,31782.4,21-05-2024
ACC_5977,CID_3751,Recurring Deposit,238116.56,10-04-2022
ACC_5978,CID_3752,Saving,168119.57,04-02-2025
ACC_5979,CID_3752,Current,31179.34,04-02-2025
ACC_5980,CID_3752,Demat,530176.25,04-02-2025
ACC_5981,CID_3753,Recurring Deposit,89006.09,15-03-2024
ACC_5982,CID_3754,Saving,2003.6,09-06-2022
ACC_5983,CID_3755,Saving,235925.77,02-02-2025
ACC_5984,CID_3756,Saving,50403.69,12-01-2025
ACC_5985,CID_3756,Current,418701.93,12-01-2025
ACC_5986,CID_3756,Demat,172196.97,12-01-2025
ACC_5987,CID_3757,Saving,112618.32,24-02-2024
ACC_5988,CID_3757,Current,951593.19,24-02-2024
ACC_5989,CID_3757,Demat,1554140.77,24-02-2024
ACC_5990,CID_3758,Saving,80756.42,30-05-2022
ACC_5991,CID_3759,Recurring Deposit,298094,11-07-2021
ACC_5992,CID_3760,Saving,64045.42,25-06-2024
ACC_5993,CID_3761,Saving,176263.69,28-02-2018
ACC_5994,CID_3761,Current,28593.63,28-02-2018
ACC_5995,CID_3761,Demat,1663191.27,28-02-2018
ACC_5996,CID_3762,Saving,211347.01,05-01-2022
ACC_5997,CID_3762,Current,477380.02,05-01-2022
ACC_5998,CID_3762,Demat,1721325.21,05-01-2022
ACC_5999,CID_3763,Saving,51957.39,03-03-2025
ACC_6000,CID_3764,Saving,44272.58,21-04-2023
ACC_6001,CID_3765,Saving,26270.22,01-04-2021
ACC_6002,CID_3765,Current,761815.15,01-04-2021
ACC_6003,CID_3765,Demat,1672653.64,01-04-2021
ACC_6004,CID_3766,Saving,151883.45,23-11-2024
ACC_6005,CID_3767,Saving,41513.23,26-02-2018
ACC_6006,CID_3767,Current,779658.37,26-02-2018
ACC_6007,CID_3767,Demat,319441.17,26-02-2018
ACC_6008,CID_3768,Saving,209368.85,25-03-2023
ACC_6009,CID_3769,Saving,58555.89,26-10-2021
ACC_6010,CID_3769,Current,375422.1,26-10-2021
ACC_6011,CID_3769,Demat,1880293.93,26-10-2021
ACC_6012,CID_3770,Saving,52228.92,11-03-2019
ACC_6013,CID_3770,Current,856621.41,11-03-2019
ACC_6014,CID_3770,Demat,362446.53,11-03-2019
ACC_6015,CID_3771,Saving,103595.56,17-08-2025
ACC_6016,CID_3772,Saving,24366.01,06-03-2019
ACC_6017,CID_3772,Current,979319.02,06-03-2019
ACC_6018,CID_3772,Demat,535951.44,06-03-2019
ACC_6019,CID_3773,Saving,124116.19,17-07-2019
ACC_6020,CID_3773,Current,78354.73,17-07-2019
ACC_6021,CID_3773,Demat,847494.25,17-07-2019
ACC_6022,CID_3774,Saving,116406,24-10-2023
ACC_6023,CID_3775,Saving,100315.5,09-12-2022
ACC_6024,CID_3776,Recurring Deposit,444197.96,24-11-2024
ACC_6025,CID_3777,Saving,146033.98,12-11-2024
ACC_6026,CID_3778,Recurring Deposit,92586.37,03-03-2020
ACC_6027,CID_3779,Saving,56357.25,10-10-2024
ACC_6028,CID_3779,Current,114019.33,10-10-2024
ACC_6029,CID_3779,Demat,1617638.12,10-10-2024
ACC_6030,CID_3780,Saving,195738.68,10-02-2019
ACC_6031,CID_3780,Current,433798.01,10-02-2019
ACC_6032,CID_3780,Demat,487123.63,10-02-2019
ACC_6033,CID_3781,Saving,140924,16-06-2018
ACC_6034,CID_3782,Saving,220303.61,12-07-2023
ACC_6035,CID_3783,Fixed Deposit,1631999.45,04-05-2023
ACC_6036,CID_3784,Recurring Deposit,64483.06,23-07-2021
ACC_6037,CID_3785,Saving,22208.16,08-09-2023
ACC_6038,CID_3786,Saving,97210.37,11-06-2023
ACC_6039,CID_3786,Current,348713.62,11-06-2023
ACC_6040,CID_3786,Demat,100277.21,11-06-2023
ACC_6041,CID_3787,Saving,107896.55,22-08-2023
ACC_6042,CID_3788,Recurring Deposit,412207.34,02-09-2018
ACC_6043,CID_3789,Recurring Deposit,178592.96,11-01-2024
ACC_6044,CID_3790,Saving,187355.18,11-01-2021
ACC_6045,CID_3791,Recurring Deposit,1284.7,16-06-2022
ACC_6046,CID_3792,Saving,204108.1,29-04-2023
ACC_6047,CID_3792,Current,419277.15,29-04-2023
ACC_6048,CID_3792,Demat,992847.6,29-04-2023
ACC_6049,CID_3793,Saving,217823.81,27-12-2023
ACC_6050,CID_3793,Current,170476.51,27-12-2023
ACC_6051,CID_3793,Demat,1093552.38,27-12-2023
ACC_6052,CID_3794,Saving,148957.95,09-04-2023
ACC_6053,CID_3795,Saving,93165.21,23-04-2022
ACC_6054,CID_3796,Saving,65132.49,29-08-2019
ACC_6055,CID_3797,Saving,224738.69,01-01-2019
ACC_6056,CID_3798,Saving,2136.86,09-10-2019
ACC_6057,CID_3799,Saving,38914.08,13-07-2018
ACC_6058,CID_3800,Saving,83180.5,24-01-2023
ACC_6059,CID_3800,Current,853653.5,24-01-2023
ACC_6060,CID_3800,Demat,123462.24,24-01-2023
ACC_6061,CID_3801,Saving,199155.55,22-03-2025
ACC_6062,CID_3802,Saving,145433.37,16-01-2025
ACC_6063,CID_3803,Recurring Deposit,104867.47,22-11-2022
ACC_6064,CID_3804,Saving,218849.18,15-08-2021
ACC_6065,CID_3804,Current,295248.71,15-08-2021
ACC_6066,CID_3804,Demat,496348.11,15-08-2021
ACC_6067,CID_3805,Saving,203055.51,28-12-2021
ACC_6068,CID_3806,Saving,186781.96,21-04-2024
ACC_6069,CID_3806,Current,538827.45,21-04-2024
ACC_6070,CID_3806,Demat,1291993.41,21-04-2024
ACC_6071,CID_3807,Saving,241496.56,27-08-2023
ACC_6072,CID_3807,Current,270196.32,27-08-2023
ACC_6073,CID_3807,Demat,544094.56,27-08-2023
ACC_6074,CID_3808,Saving,83668.27,01-12-2020
ACC_6075,CID_3809,Saving,226964.54,14-06-2023
ACC_6076,CID_3809,Current,612116.8,14-06-2023
ACC_6077,CID_3809,Demat,1231502.2,14-06-2023
ACC_6078,CID_3810,Saving,61060.35,20-07-2020
ACC_6079,CID_3811,Saving,19275.86,23-10-2022
ACC_6080,CID_3811,Current,460325.95,23-10-2022
ACC_6081,CID_3811,Demat,1178056.3,23-10-2022
ACC_6082,CID_3812,Recurring Deposit,192581.46,18-12-2021
ACC_6083,CID_3813,Saving,23680.23,18-05-2019
ACC_6084,CID_3813,Current,203946.32,18-05-2019
ACC_6085,CID_3813,Demat,899032.76,18-05-2019
ACC_6086,CID_3814,Saving,99183.04,06-06-2025
ACC_6087,CID_3815,Saving,25418.7,13-10-2019
ACC_6088,CID_3815,Current,373004.66,13-10-2019
ACC_6089,CID_3815,Demat,1446481.51,13-10-2019
ACC_6090,CID_3816,Saving,237722.27,15-09-2024
ACC_6091,CID_3816,Current,473979.1,15-09-2024
ACC_6092,CID_3816,Demat,306533.82,15-09-2024
ACC_6093,CID_3817,Saving,96082.24,02-08-2025
ACC_6094,CID_3818,Recurring Deposit,213436,28-04-2020
ACC_6095,CID_3819,Saving,148476.33,17-03-2022
ACC_6096,CID_3820,Saving,218702.7,29-03-2025
ACC_6097,CID_3821,Saving,41970.73,24-10-2022
ACC_6098,CID_3821,Current,106788.83,24-10-2022
ACC_6099,CID_3821,Demat,710896.59,24-10-2022
ACC_6100,CID_3822,Saving,23974.74,18-03-2021
ACC_6101,CID_3823,Saving,26714.33,12-12-2023
ACC_6102,CID_3824,Saving,12817.66,15-11-2023
ACC_6103,CID_3824,Current,851501.05,15-11-2023
ACC_6104,CID_3824,Demat,972803.35,15-11-2023
ACC_6105,CID_3825,Saving,116801.37,18-05-2023
ACC_6106,CID_3826,Saving,185441.62,29-03-2024
ACC_6107,CID_3827,Saving,125678.73,20-01-2023
ACC_6108,CID_3828,Saving,199574.81,13-05-2023
ACC_6109,CID_3829,Saving,27810.6,25-11-2025
ACC_6110,CID_3830,Recurring Deposit,242068.16,28-03-2024
ACC_6111,CID_3831,Saving,158694.81,26-04-2025
ACC_6112,CID_3832,Fixed Deposit,3790192.92,14-06-2024
ACC_6113,CID_3833,Saving,24271.11,04-01-2021
ACC_6114,CID_3834,Saving,179244.71,08-05-2019
ACC_6115,CID_3835,Saving,130181.45,11-12-2024
ACC_6116,CID_3836,Fixed Deposit,3678852.03,15-08-2022
ACC_6117,CID_3837,Saving,184834.92,10-08-2023
ACC_6118,CID_3837,Current,172624.44,10-08-2023
ACC_6119,CID_3837,Demat,1550800.86,10-08-2023
ACC_6120,CID_3838,Recurring Deposit,202860.87,25-12-2022
ACC_6121,CID_3839,Saving,99775.7,11-02-2025
ACC_6122,CID_3840,Saving,194840.2,22-03-2022
ACC_6123,CID_3841,Saving,54568.26,22-09-2025
ACC_6124,CID_3841,Current,780359.32,22-09-2025
ACC_6125,CID_3841,Demat,1750417.33,22-09-2025
ACC_6126,CID_3842,Saving,42608.87,16-08-2022
ACC_6127,CID_3843,Recurring Deposit,5302.8,17-03-2022
ACC_6128,CID_3844,Saving,88490.85,13-06-2025
ACC_6129,CID_3845,Saving,42416.66,04-12-2021
ACC_6130,CID_3845,Current,883040.06,04-12-2021
ACC_6131,CID_3845,Demat,603252.09,04-12-2021
ACC_6132,CID_3846,Saving,190239.52,03-09-2024
ACC_6133,CID_3847,Saving,23114.6,06-08-2019
ACC_6134,CID_3847,Current,945818.23,06-08-2019
ACC_6135,CID_3847,Demat,1586873.25,06-08-2019
ACC_6136,CID_3848,Saving,72224.64,31-12-2019
ACC_6137,CID_3848,Current,573824.28,31-12-2019
ACC_6138,CID_3848,Demat,1190073.19,31-12-2019
ACC_6139,CID_3849,Saving,163953.5,03-01-2026
ACC_6140,CID_3850,Recurring Deposit,20838.97,26-08-2023
ACC_6141,CID_3851,Saving,207845.52,05-03-2023
ACC_6142,CID_3852,Saving,48954.22,10-02-2020
ACC_6143,CID_3853,Saving,161930.47,19-02-2025
ACC_6144,CID_3854,Saving,19180.36,15-12-2025
ACC_6145,CID_3855,Saving,61779.78,28-06-2022
ACC_6146,CID_3855,Current,763252.51,28-06-2022
ACC_6147,CID_3855,Demat,1079792.91,28-06-2022
ACC_6148,CID_3856,Saving,116188.25,24-02-2022
ACC_6149,CID_3857,Saving,95889.21,10-07-2024
ACC_6150,CID_3857,Current,6783.24,10-07-2024
ACC_6151,CID_3857,Demat,98319.93,10-07-2024
ACC_6152,CID_3858,Saving,115620.2,19-09-2025
ACC_6153,CID_3859,Saving,100358.2,06-10-2022
ACC_6154,CID_3860,Fixed Deposit,4352838.88,05-09-2020
ACC_6155,CID_3861,Recurring Deposit,356900.88,18-06-2019
ACC_6156,CID_3862,Saving,143324.51,18-01-2025
ACC_6157,CID_3862,Current,229040.9,18-01-2025
ACC_6158,CID_3862,Demat,351060.98,18-01-2025
ACC_6159,CID_3863,Saving,106689.87,06-04-2025
ACC_6160,CID_3864,Saving,245768.18,07-08-2021
ACC_6161,CID_3865,Saving,3601.49,07-12-2025
ACC_6162,CID_3865,Current,936919.74,07-12-2025
ACC_6163,CID_3865,Demat,1236350.23,07-12-2025
ACC_6164,CID_3866,Recurring Deposit,150535.47,23-03-2025
ACC_6165,CID_3867,Saving,225032.08,07-09-2018
ACC_6166,CID_3868,Saving,187342.02,13-07-2025
ACC_6167,CID_3868,Current,460306.93,13-07-2025
ACC_6168,CID_3868,Demat,930524.41,13-07-2025
ACC_6169,CID_3869,Saving,90822.06,18-02-2018
ACC_6170,CID_3869,Current,951070.92,18-02-2018
ACC_6171,CID_3869,Demat,1789119.73,18-02-2018
ACC_6172,CID_3870,Saving,173290.36,05-08-2025
ACC_6173,CID_3871,Saving,243682.17,20-03-2019
ACC_6174,CID_3872,Saving,82284.55,03-08-2023
ACC_6175,CID_3873,Saving,5433.32,11-01-2024
ACC_6176,CID_3874,Saving,154066.2,22-12-2023
ACC_6177,CID_3874,Current,189596.85,22-12-2023
ACC_6178,CID_3874,Demat,603060.57,22-12-2023
ACC_6179,CID_3875,Saving,140310.3,15-10-2024
ACC_6180,CID_3876,Saving,192988.16,11-10-2019
ACC_6181,CID_3876,Current,78691.64,11-10-2019
ACC_6182,CID_3876,Demat,994939.46,11-10-2019
ACC_6183,CID_3877,Saving,84142.66,16-12-2025
ACC_6184,CID_3878,Saving,64254.34,25-06-2023
ACC_6185,CID_3879,Saving,90054.39,19-04-2021
ACC_6186,CID_3879,Current,294128.48,19-04-2021
ACC_6187,CID_3879,Demat,1074452.1,19-04-2021
ACC_6188,CID_3880,Recurring Deposit,209592.79,21-11-2023
ACC_6189,CID_3881,Saving,172209.5,08-01-2024
ACC_6190,CID_3881,Current,173783.65,08-01-2024
ACC_6191,CID_3881,Demat,1033856.8,08-01-2024
ACC_6192,CID_3882,Saving,239340.96,08-05-2024
ACC_6193,CID_3883,Saving,125464.52,07-03-2025
ACC_6194,CID_3883,Current,337878.94,07-03-2025
ACC_6195,CID_3883,Demat,1771844.59,07-03-2025
ACC_6196,CID_3884,Saving,23296.88,12-12-2023
ACC_6197,CID_3884,Current,726386.89,12-12-2023
ACC_6198,CID_3884,Demat,472739.39,12-12-2023
ACC_6199,CID_3885,Fixed Deposit,172181.89,08-01-2019
ACC_6200,CID_3886,Saving,168154.43,19-04-2021
ACC_6201,CID_3887,Saving,211684.28,16-06-2018
ACC_6202,CID_3887,Current,635455.92,16-06-2018
ACC_6203,CID_3887,Demat,1475393.21,16-06-2018
ACC_6204,CID_3888,Saving,126544.61,26-05-2018
ACC_6205,CID_3888,Current,906622.73,26-05-2018
ACC_6206,CID_3888,Demat,527538.44,26-05-2018
ACC_6207,CID_3889,Saving,99346.73,16-10-2024
ACC_6208,CID_3889,Current,375801.31,16-10-2024
ACC_6209,CID_3889,Demat,1086753.25,16-10-2024
ACC_6210,CID_3890,Saving,104201.63,15-03-2024
ACC_6211,CID_3891,Saving,170019.43,28-06-2025
ACC_6212,CID_3891,Current,388311.75,28-06-2025
ACC_6213,CID_3891,Demat,471510.9,28-06-2025
ACC_6214,CID_3892,Recurring Deposit,441251.76,11-03-2022
ACC_6215,CID_3893,Saving,204210.87,30-09-2023
ACC_6216,CID_3894,Fixed Deposit,754272.04,20-04-2019
ACC_6217,CID_3895,Recurring Deposit,55888.27,06-03-2019
ACC_6218,CID_3896,Saving,10731.92,08-03-2022
ACC_6219,CID_3896,Current,454967.61,08-03-2022
ACC_6220,CID_3896,Demat,1683309,08-03-2022
ACC_6221,CID_3897,Saving,72868.96,14-05-2020
ACC_6222,CID_3897,Current,236951.7,14-05-2020
ACC_6223,CID_3897,Demat,826735.41,14-05-2020
ACC_6224,CID_3898,Saving,224906.61,10-04-2025
ACC_6225,CID_3898,Current,228665.72,10-04-2025
ACC_6226,CID_3898,Demat,499717.41,10-04-2025
ACC_6227,CID_3899,Saving,127544.42,29-10-2020
ACC_6228,CID_3899,Current,212062.75,29-10-2020
ACC_6229,CID_3899,Demat,795734.3,29-10-2020
ACC_6230,CID_3900,Saving,204447.13,08-12-2019
ACC_6231,CID_3901,Fixed Deposit,610011.43,02-10-2022
ACC_6232,CID_3902,Saving,46260.8,26-06-2021
ACC_6233,CID_3902,Current,410902.3,26-06-2021
ACC_6234,CID_3902,Demat,1715955.25,26-06-2021
ACC_6235,CID_3903,Fixed Deposit,3075398.74,01-02-2018
ACC_6236,CID_3904,Recurring Deposit,216023.05,09-02-2023
ACC_6237,CID_3905,Saving,149649.78,22-01-2023
ACC_6238,CID_3906,Saving,187981.75,04-01-2025
ACC_6239,CID_3907,Saving,203395.02,25-08-2020
ACC_6240,CID_3908,Fixed Deposit,2523537.99,10-01-2023
ACC_6241,CID_3909,Saving,185601.8,04-12-2018
ACC_6242,CID_3909,Current,315597.7,04-12-2018
ACC_6243,CID_3909,Demat,1988542.46,04-12-2018
ACC_6244,CID_3910,Saving,76019.49,05-12-2023
ACC_6245,CID_3911,Saving,29928.09,01-08-2023
ACC_6246,CID_3911,Current,455955.86,01-08-2023
ACC_6247,CID_3911,Demat,528411.69,01-08-2023
ACC_6248,CID_3912,Recurring Deposit,39797,21-11-2022
ACC_6249,CID_3913,Saving,102080.17,06-08-2025
ACC_6250,CID_3914,Saving,17897.17,26-10-2023
ACC_6251,CID_3915,Recurring Deposit,448260.46,18-11-2025
ACC_6252,CID_3916,Saving,235904.59,01-12-2025
ACC_6253,CID_3916,Current,580636.38,01-12-2025
ACC_6254,CID_3916,Demat,358736.15,01-12-2025
ACC_6255,CID_3917,Recurring Deposit,283758.53,14-08-2023
ACC_6256,CID_3918,Saving,30439.51,14-09-2020
ACC_6257,CID_3918,Current,154764.54,14-09-2020
ACC_6258,CID_3918,Demat,1406343.71,14-09-2020
ACC_6259,CID_3919,Saving,23064.04,22-04-2018
ACC_6260,CID_3919,Current,737800.2,22-04-2018
ACC_6261,CID_3919,Demat,1844499.68,22-04-2018
ACC_6262,CID_3920,Fixed Deposit,3057622.35,12-06-2023
ACC_6263,CID_3921,Saving,8036.65,08-04-2025
ACC_6264,CID_3922,Fixed Deposit,1179743.35,29-05-2020
ACC_6265,CID_3923,Saving,59732.63,18-04-2022
ACC_6266,CID_3923,Current,327508.11,18-04-2022
ACC_6267,CID_3923,Demat,1375740.32,18-04-2022
ACC_6268,CID_3924,Saving,70928.11,12-07-2020
ACC_6269,CID_3925,Saving,112685.47,22-12-2022
ACC_6270,CID_3925,Current,993890.02,22-12-2022
ACC_6271,CID_3925,Demat,1199634.73,22-12-2022
ACC_6272,CID_3926,Saving,204971.74,11-11-2020
ACC_6273,CID_3927,Saving,249060.42,19-03-2019
ACC_6274,CID_3928,Saving,228159.46,19-08-2022
ACC_6275,CID_3929,Saving,14048.72,23-05-2025
ACC_6276,CID_3930,Recurring Deposit,38597,25-11-2023
ACC_6277,CID_3931,Recurring Deposit,430156.16,12-05-2020
ACC_6278,CID_3932,Saving,94537.84,14-12-2021
ACC_6279,CID_3932,Current,641252.21,14-12-2021
ACC_6280,CID_3932,Demat,1328330.74,14-12-2021
ACC_6281,CID_3933,Saving,132162.13,19-02-2025
ACC_6282,CID_3934,Saving,162797.6,02-08-2022
ACC_6283,CID_3935,Recurring Deposit,71816.52,28-08-2025
ACC_6284,CID_3936,Saving,82477.61,27-09-2025
ACC_6285,CID_3936,Current,200513.44,27-09-2025
ACC_6286,CID_3936,Demat,900292.76,27-09-2025
ACC_6287,CID_3937,Saving,14072.6,07-09-2024
ACC_6288,CID_3938,Saving,157887.29,12-07-2018
ACC_6289,CID_3938,Current,43488.75,12-07-2018
ACC_6290,CID_3938,Demat,1760271.83,12-07-2018
ACC_6291,CID_3939,Saving,8345.64,04-10-2024
ACC_6292,CID_3940,Saving,37980.55,24-10-2022
ACC_6293,CID_3941,Saving,162994.86,06-02-2022
ACC_6294,CID_3942,Saving,188190.35,24-11-2023
ACC_6295,CID_3943,Saving,114682,22-03-2022
ACC_6296,CID_3944,Recurring Deposit,170100.65,05-01-2023
ACC_6297,CID_3945,Saving,161888.04,11-09-2025
ACC_6298,CID_3945,Current,631714.53,11-09-2025
ACC_6299,CID_3945,Demat,182190.54,11-09-2025
ACC_6300,CID_3946,Saving,106034.1,05-11-2021
ACC_6301,CID_3946,Current,592743.98,05-11-2021
ACC_6302,CID_3946,Demat,229104.88,05-11-2021
ACC_6303,CID_3947,Saving,27989.58,04-04-2024
ACC_6304,CID_3947,Current,800009.27,04-04-2024
ACC_6305,CID_3947,Demat,815258.3,04-04-2024
ACC_6306,CID_3948,Saving,8756.86,23-06-2024
ACC_6307,CID_3948,Current,134335.41,23-06-2024
ACC_6308,CID_3948,Demat,38402.45,23-06-2024
ACC_6309,CID_3949,Saving,14676.24,13-04-2020
ACC_6310,CID_3949,Current,757652.56,13-04-2020
ACC_6311,CID_3949,Demat,354584.38,13-04-2020
ACC_6312,CID_3950,Saving,225388.06,01-02-2020
ACC_6313,CID_3950,Current,265298.04,01-02-2020
ACC_6314,CID_3950,Demat,542300.38,01-02-2020
ACC_6315,CID_3951,Saving,157738.41,17-07-2018
ACC_6316,CID_3951,Current,184696.54,17-07-2018
ACC_6317,CID_3951,Demat,509898.12,17-07-2018
ACC_6318,CID_3952,Fixed Deposit,4500951.4,27-08-2024
ACC_6319,CID_3953,Saving,184078.28,02-12-2025
ACC_6320,CID_3953,Current,295939.86,02-12-2025
ACC_6321,CID_3953,Demat,1325538.27,02-12-2025
ACC_6322,CID_3954,Saving,219287.87,27-01-2022
ACC_6323,CID_3955,Saving,5132.56,29-09-2018
ACC_6324,CID_3955,Current,90934.75,29-09-2018
ACC_6325,CID_3955,Demat,1852436.95,29-09-2018
ACC_6326,CID_3956,Saving,46068.58,15-12-2019
ACC_6327,CID_3957,Saving,101564.73,03-03-2024
ACC_6328,CID_3957,Current,816546.03,03-03-2024
ACC_6329,CID_3957,Demat,1409910.84,03-03-2024
ACC_6330,CID_3958,Saving,162431.79,17-05-2020
ACC_6331,CID_3958,Current,449410.45,17-05-2020
ACC_6332,CID_3958,Demat,268059.04,17-05-2020
ACC_6333,CID_3959,Saving,211193.18,11-12-2018
ACC_6334,CID_3960,Saving,174751.1,24-11-2022
ACC_6335,CID_3961,Saving,188597.86,26-04-2020
ACC_6336,CID_3961,Current,700212.41,26-04-2020
ACC_6337,CID_3961,Demat,1631229.3,26-04-2020
ACC_6338,CID_3962,Saving,61146.36,07-07-2020
ACC_6339,CID_3963,Fixed Deposit,4495318.56,28-11-2023
ACC_6340,CID_3964,Saving,179353.98,17-03-2021
ACC_6341,CID_3965,Recurring Deposit,138946.17,05-03-2019
ACC_6342,CID_3966,Fixed Deposit,4804043.75,07-06-2023
ACC_6343,CID_3967,Saving,201795.9,13-05-2024
ACC_6344,CID_3968,Saving,146534.14,25-08-2024
ACC_6345,CID_3969,Saving,77947.78,23-09-2023
ACC_6346,CID_3970,Saving,187249.43,20-04-2025
ACC_6347,CID_3971,Saving,46537.46,07-09-2020
ACC_6348,CID_3972,Saving,96266,11-07-2023
ACC_6349,CID_3973,Saving,237182.62,11-06-2020
ACC_6350,CID_3973,Current,569626.76,11-06-2020
ACC_6351,CID_3973,Demat,819321.94,11-06-2020
ACC_6352,CID_3974,Saving,147707.13,03-07-2022
ACC_6353,CID_3975,Saving,228745.88,02-06-2023
ACC_6354,CID_3976,Saving,187998.16,14-02-2023
ACC_6355,CID_3977,Recurring Deposit,355347.67,28-05-2018
ACC_6356,CID_3978,Saving,195356.74,27-07-2024
ACC_6357,CID_3979,Saving,62141.23,14-12-2023
ACC_6358,CID_3980,Recurring Deposit,433599.85,31-07-2024
ACC_6359,CID_3981,Saving,62131.33,28-03-2023
ACC_6360,CID_3981,Current,328043.25,28-03-2023
ACC_6361,CID_3981,Demat,1208229.46,28-03-2023
ACC_6362,CID_3982,Saving,31950.66,28-07-2018
ACC_6363,CID_3983,Saving,224252.8,04-04-2023
ACC_6364,CID_3984,Saving,164726.98,03-08-2019
ACC_6365,CID_3985,Fixed Deposit,3624639.73,18-06-2023
ACC_6366,CID_3986,Saving,163189.78,04-12-2024
ACC_6367,CID_3987,Saving,71418.94,12-07-2024
ACC_6368,CID_3987,Current,935847.85,12-07-2024
ACC_6369,CID_3987,Demat,146080.34,12-07-2024
ACC_6370,CID_3988,Saving,51429.25,27-08-2020
ACC_6371,CID_3988,Current,811715.87,27-08-2020
ACC_6372,CID_3988,Demat,993933.76,27-08-2020
ACC_6373,CID_3989,Saving,136119.23,03-12-2023
ACC_6374,CID_3989,Current,133262.87,03-12-2023
ACC_6375,CID_3989,Demat,1184916.27,03-12-2023
ACC_6376,CID_3990,Saving,82142.64,07-06-2024
ACC_6377,CID_3990,Current,671690.46,07-06-2024
ACC_6378,CID_3990,Demat,597759.75,07-06-2024
ACC_6379,CID_3991,Saving,242420.44,24-12-2018
ACC_6380,CID_3992,Saving,129888.25,20-11-2022
ACC_6381,CID_3992,Current,234298.71,20-11-2022
ACC_6382,CID_3992,Demat,1664143.41,20-11-2022
ACC_6383,CID_3993,Saving,248334.88,13-09-2024
ACC_6384,CID_3994,Saving,200199.7,20-02-2026
ACC_6385,CID_3994,Current,622762.87,20-02-2026
ACC_6386,CID_3994,Demat,525732.47,20-02-2026
ACC_6387,CID_3995,Saving,228885.74,08-08-2019
ACC_6388,CID_3995,Current,568816.65,08-08-2019
ACC_6389,CID_3995,Demat,1953646.17,08-08-2019
ACC_6390,CID_3996,Fixed Deposit,1856407.63,15-02-2025
ACC_6391,CID_3997,Saving,118727.59,21-09-2024
ACC_6392,CID_3998,Recurring Deposit,224836.38,18-07-2020
ACC_6393,CID_3999,Saving,234143.6,17-01-2025
ACC_6394,CID_3999,Current,431182.82,17-01-2025
ACC_6395,CID_3999,Demat,669745.03,17-01-2025
ACC_6396,CID_4000,Fixed Deposit,4577606.11,30-12-2021
ACC_6397,CID_4001,Fixed Deposit,1555004.26,21-01-2024
ACC_6398,CID_4002,Saving,30568.74,08-09-2019
ACC_6399,CID_4002,Current,164203.43,08-09-2019
ACC_6400,CID_4002,Demat,454948.95,08-09-2019
ACC_6401,CID_4003,Saving,120799.39,26-11-2022
ACC_6402,CID_4004,Saving,3676.82,04-11-2025
ACC_6403,CID_4005,Saving,42804.79,11-02-2023
ACC_6404,CID_4006,Saving,21997.17,07-09-2025
ACC_6405,CID_4007,Fixed Deposit,741597.64,30-05-2022
ACC_6406,CID_4008,Recurring Deposit,299212.5,15-01-2023
ACC_6407,CID_4009,Saving,129151.28,04-12-2020
ACC_6408,CID_4010,Saving,10558.54,04-05-2025
ACC_6409,CID_4010,Current,298971.72,04-05-2025
ACC_6410,CID_4010,Demat,371777.74,04-05-2025
ACC_6411,CID_4011,Saving,211733.85,14-12-2019
ACC_6412,CID_4011,Current,287324.55,14-12-2019
ACC_6413,CID_4011,Demat,1219822.77,14-12-2019
ACC_6414,CID_4012,Saving,187573.21,06-01-2021
ACC_6415,CID_4013,Saving,56760.42,04-06-2024
ACC_6416,CID_4014,Saving,209316.7,14-12-2023
ACC_6417,CID_4015,Fixed Deposit,3045421.06,24-04-2024
ACC_6418,CID_4016,Saving,244375.53,02-03-2021
ACC_6419,CID_4016,Current,688373.1,02-03-2021
ACC_6420,CID_4016,Demat,1707397.56,02-03-2021
ACC_6421,CID_4017,Saving,240272.9,12-02-2020
ACC_6422,CID_4018,Saving,67362.14,08-04-2020
ACC_6423,CID_4019,Saving,9741.33,26-06-2025
ACC_6424,CID_4019,Current,814129.11,26-06-2025
ACC_6425,CID_4019,Demat,1118897.06,26-06-2025
ACC_6426,CID_4020,Saving,136379.96,07-02-2020
ACC_6427,CID_4021,Saving,223851.79,09-03-2025
ACC_6428,CID_4022,Recurring Deposit,309958.12,23-11-2021
ACC_6429,CID_4023,Saving,230495.46,20-06-2019
ACC_6430,CID_4024,Saving,205403.91,10-08-2024
ACC_6431,CID_4025,Saving,3321.32,03-04-2019
ACC_6432,CID_4025,Current,246584.12,03-04-2019
ACC_6433,CID_4025,Demat,1658604.84,03-04-2019
ACC_6434,CID_4026,Saving,223250.72,08-07-2024
ACC_6435,CID_4027,Saving,246185.65,24-08-2023
ACC_6436,CID_4028,Saving,197221.3,15-09-2025
ACC_6437,CID_4028,Current,546385.77,15-09-2025
ACC_6438,CID_4028,Demat,360531.09,15-09-2025
ACC_6439,CID_4029,Saving,95963.43,07-01-2025
ACC_6440,CID_4030,Saving,228876.97,09-02-2019
ACC_6441,CID_4031,Saving,171280.93,28-07-2025
ACC_6442,CID_4031,Current,279422.49,28-07-2025
ACC_6443,CID_4031,Demat,1944343.21,28-07-2025
ACC_6444,CID_4032,Saving,133777.46,08-08-2025
ACC_6445,CID_4033,Saving,80763.14,24-01-2022
ACC_6446,CID_4033,Current,608472.42,24-01-2022
ACC_6447,CID_4033,Demat,679202.55,24-01-2022
ACC_6448,CID_4034,Saving,109613.68,23-10-2021
ACC_6449,CID_4034,Current,600712.84,23-10-2021
ACC_6450,CID_4034,Demat,1734568.52,23-10-2021
ACC_6451,CID_4035,Saving,50421.84,03-03-2021
ACC_6452,CID_4036,Saving,212576.05,03-12-2021
ACC_6453,CID_4037,Saving,192271.17,09-03-2025
ACC_6454,CID_4038,Recurring Deposit,482512.32,24-06-2024
ACC_6455,CID_4039,Saving,149346.93,02-06-2019
ACC_6456,CID_4039,Current,41985.25,02-06-2019
ACC_6457,CID_4039,Demat,1360600.26,02-06-2019
ACC_6458,CID_4040,Saving,153975.85,16-09-2025
ACC_6459,CID_4041,Fixed Deposit,1417916.04,06-11-2022
ACC_6460,CID_4042,Saving,214111.64,14-12-2024
ACC_6461,CID_4043,Saving,84153.8,18-05-2023
ACC_6462,CID_4044,Saving,86056.1,08-04-2020
ACC_6463,CID_4045,Recurring Deposit,56607.75,14-10-2024
ACC_6464,CID_4046,Saving,113978.05,03-10-2022
ACC_6465,CID_4047,Saving,37111.64,30-04-2019
ACC_6466,CID_4047,Current,314225.91,30-04-2019
ACC_6467,CID_4047,Demat,1203236.29,30-04-2019
ACC_6468,CID_4048,Saving,119274.17,10-05-2025
ACC_6469,CID_4048,Current,952020.99,10-05-2025
ACC_6470,CID_4048,Demat,729900.14,10-05-2025
ACC_6471,CID_4049,Saving,181739.17,11-10-2019
ACC_6472,CID_4049,Current,958621.4,11-10-2019
ACC_6473,CID_4049,Demat,118126.78,11-10-2019
ACC_6474,CID_4050,Recurring Deposit,69655.73,31-12-2024
ACC_6475,CID_4051,Saving,16349.1,20-01-2022
ACC_6476,CID_4052,Recurring Deposit,170140.28,16-06-2023
ACC_6477,CID_4053,Saving,198271.71,24-10-2020
ACC_6478,CID_4054,Saving,218258.51,15-04-2018
ACC_6479,CID_4054,Current,180622.18,15-04-2018
ACC_6480,CID_4054,Demat,656800.14,15-04-2018
ACC_6481,CID_4055,Saving,58406.24,12-09-2025
ACC_6482,CID_4056,Saving,18881.27,15-07-2025
ACC_6483,CID_4057,Saving,121797.37,07-05-2022
ACC_6484,CID_4058,Saving,97371.27,26-08-2022
ACC_6485,CID_4059,Fixed Deposit,268650.57,08-05-2024
ACC_6486,CID_4060,Saving,108776.19,15-08-2022
ACC_6487,CID_4061,Saving,32751.79,31-10-2023
ACC_6488,CID_4062,Saving,161921.35,26-09-2021
ACC_6489,CID_4062,Current,429505.87,26-09-2021
ACC_6490,CID_4062,Demat,1675652.26,26-09-2021
ACC_6491,CID_4063,Saving,214965.49,22-08-2022
ACC_6492,CID_4064,Saving,41644.75,05-05-2023
ACC_6493,CID_4065,Saving,34246.28,25-05-2019
ACC_6494,CID_4066,Saving,50407.73,29-01-2022
ACC_6495,CID_4067,Saving,117138.98,01-02-2022
ACC_6496,CID_4067,Current,597858.35,01-02-2022
ACC_6497,CID_4067,Demat,466374.11,01-02-2022
ACC_6498,CID_4068,Saving,206182.77,20-08-2025
ACC_6499,CID_4069,Recurring Deposit,267189.63,17-11-2019
ACC_6500,CID_4070,Saving,87529.81,27-02-2025
ACC_6501,CID_4071,Saving,202924.4,01-01-2022
ACC_6502,CID_4072,Saving,71814.58,16-11-2021
ACC_6503,CID_4073,Recurring Deposit,462938.7,24-02-2021
ACC_6504,CID_4074,Saving,4564.35,03-02-2018
ACC_6505,CID_4075,Saving,137231.99,10-02-2021
ACC_6506,CID_4075,Current,389900.36,10-02-2021
ACC_6507,CID_4075,Demat,1260354.72,10-02-2021
ACC_6508,CID_4076,Saving,221635.6,14-10-2021
ACC_6509,CID_4076,Current,845422.98,14-10-2021
ACC_6510,CID_4076,Demat,1525367.68,14-10-2021
ACC_6511,CID_4077,Saving,216805.48,28-12-2018
ACC_6512,CID_4077,Current,597520.85,28-12-2018
ACC_6513,CID_4077,Demat,1373228.35,28-12-2018
ACC_6514,CID_4078,Saving,154324.49,28-06-2024
ACC_6515,CID_4078,Current,53280.59,28-06-2024
ACC_6516,CID_4078,Demat,1400325.64,28-06-2024
ACC_6517,CID_4079,Recurring Deposit,204786.01,11-08-2023
ACC_6518,CID_4080,Recurring Deposit,16211.2,12-03-2020
ACC_6519,CID_4081,Saving,215991.34,10-11-2024
ACC_6520,CID_4082,Recurring Deposit,9001.68,01-01-2026
ACC_6521,CID_4083,Recurring Deposit,183620.27,09-12-2025
ACC_6522,CID_4084,Saving,93927.48,05-12-2024
ACC_6523,CID_4084,Current,199848.73,05-12-2024
ACC_6524,CID_4084,Demat,13714.22,05-12-2024
ACC_6525,CID_4085,Recurring Deposit,475612.72,24-05-2024
ACC_6526,CID_4086,Saving,106100.06,15-11-2023
ACC_6527,CID_4087,Saving,143234.36,17-11-2020
ACC_6528,CID_4087,Current,374046.26,17-11-2020
ACC_6529,CID_4087,Demat,362589.27,17-11-2020
ACC_6530,CID_4088,Saving,81936.12,05-01-2022
ACC_6531,CID_4089,Saving,94156.35,07-05-2025
ACC_6532,CID_4090,Saving,203006.8,20-04-2022
ACC_6533,CID_4091,Saving,115328.63,29-04-2019
ACC_6534,CID_4092,Recurring Deposit,262831.71,05-01-2022
ACC_6535,CID_4093,Saving,186026.79,12-08-2023
ACC_6536,CID_4094,Saving,54094.62,03-09-2019
ACC_6537,CID_4094,Current,330767.63,03-09-2019
ACC_6538,CID_4094,Demat,1770923.54,03-09-2019
ACC_6539,CID_4095,Fixed Deposit,3570280.52,01-04-2021
ACC_6540,CID_4096,Recurring Deposit,230543.03,08-10-2024
ACC_6541,CID_4097,Recurring Deposit,25538.84,29-10-2025
ACC_6542,CID_4098,Saving,211967.46,25-09-2021
ACC_6543,CID_4099,Saving,61467.98,25-03-2021
ACC_6544,CID_4100,Saving,141133.66,24-06-2018
ACC_6545,CID_4100,Current,164778.46,24-06-2018
ACC_6546,CID_4100,Demat,1208922.64,24-06-2018
ACC_6547,CID_4101,Saving,212652.06,16-03-2022
ACC_6548,CID_4102,Saving,120024.97,31-12-2022
ACC_6549,CID_4103,Recurring Deposit,203031.38,21-11-2023
ACC_6550,CID_4104,Recurring Deposit,460858.13,01-05-2022
ACC_6551,CID_4105,Saving,98998.38,12-02-2022
ACC_6552,CID_4106,Saving,214936.82,20-06-2023
ACC_6553,CID_4106,Current,653088.07,20-06-2023
ACC_6554,CID_4106,Demat,520283.17,20-06-2023
ACC_6555,CID_4107,Saving,59570.89,07-08-2025
ACC_6556,CID_4107,Current,933118.99,07-08-2025
ACC_6557,CID_4107,Demat,323110.04,07-08-2025
ACC_6558,CID_4108,Saving,34596.84,03-11-2020
ACC_6559,CID_4109,Saving,144020.3,24-08-2025
ACC_6560,CID_4109,Current,252110.83,24-08-2025
ACC_6561,CID_4109,Demat,1983192.74,24-08-2025
ACC_6562,CID_4110,Saving,47630.27,16-06-2025
ACC_6563,CID_4111,Saving,73687.1,16-10-2024
ACC_6564,CID_4111,Current,213205.4,16-10-2024
ACC_6565,CID_4111,Demat,597360.26,16-10-2024
ACC_6566,CID_4112,Saving,147951.91,30-05-2021
ACC_6567,CID_4112,Current,150201.45,30-05-2021
ACC_6568,CID_4112,Demat,1218175.26,30-05-2021
ACC_6569,CID_4113,Saving,205059.63,19-09-2022
ACC_6570,CID_4113,Current,862155.67,19-09-2022
ACC_6571,CID_4113,Demat,659870.09,19-09-2022
ACC_6572,CID_4114,Saving,32146.01,26-11-2024
ACC_6573,CID_4114,Current,389615.02,26-11-2024
ACC_6574,CID_4114,Demat,1830103.3,26-11-2024
ACC_6575,CID_4115,Saving,142314.31,04-09-2023
ACC_6576,CID_4115,Current,609742.47,04-09-2023
ACC_6577,CID_4115,Demat,143532.89,04-09-2023
ACC_6578,CID_4116,Saving,7848.89,21-06-2025
ACC_6579,CID_4116,Current,716904.38,21-06-2025
ACC_6580,CID_4116,Demat,789728.59,21-06-2025
ACC_6581,CID_4117,Saving,46484.11,05-10-2024
ACC_6582,CID_4118,Fixed Deposit,4568918.68,16-12-2025
ACC_6583,CID_4119,Recurring Deposit,102672.26,24-06-2018
ACC_6584,CID_4120,Saving,181631.15,05-11-2025
ACC_6585,CID_4120,Current,700143.59,05-11-2025
ACC_6586,CID_4120,Demat,72370.98,05-11-2025
ACC_6587,CID_4121,Saving,119796.54,29-10-2025
ACC_6588,CID_4122,Saving,139848.67,13-12-2019
ACC_6589,CID_4122,Current,53307.59,13-12-2019
ACC_6590,CID_4122,Demat,760012.03,13-12-2019
ACC_6591,CID_4123,Saving,78641.39,07-02-2024
ACC_6592,CID_4124,Saving,76406.75,10-11-2022
ACC_6593,CID_4124,Current,630544.32,10-11-2022
ACC_6594,CID_4124,Demat,174204.62,10-11-2022
ACC_6595,CID_4125,Saving,197875.81,26-09-2023
ACC_6596,CID_4126,Recurring Deposit,135854.07,28-10-2024
ACC_6597,CID_4127,Fixed Deposit,1840451.19,27-08-2020
ACC_6598,CID_4128,Saving,105351.87,29-04-2023
ACC_6599,CID_4128,Current,371879.02,29-04-2023
ACC_6600,CID_4128,Demat,1852377.43,29-04-2023
ACC_6601,CID_4129,Fixed Deposit,1233100.22,13-05-2025
ACC_6602,CID_4130,Saving,127334.99,04-06-2023
ACC_6603,CID_4130,Current,982129.78,04-06-2023
ACC_6604,CID_4130,Demat,1270414.02,04-06-2023
ACC_6605,CID_4131,Saving,182367.66,11-04-2025
ACC_6606,CID_4131,Current,283441.78,11-04-2025
ACC_6607,CID_4131,Demat,898394.23,11-04-2025
ACC_6608,CID_4132,Saving,161599.37,13-02-2020
ACC_6609,CID_4132,Current,209656.91,13-02-2020
ACC_6610,CID_4132,Demat,1047823.65,13-02-2020
ACC_6611,CID_4133,Recurring Deposit,340016.18,22-10-2023
ACC_6612,CID_4134,Saving,69810.19,19-10-2025
ACC_6613,CID_4134,Current,997258.58,19-10-2025
ACC_6614,CID_4134,Demat,1580238.97,19-10-2025
ACC_6615,CID_4135,Recurring Deposit,214197.41,01-07-2025
ACC_6616,CID_4136,Saving,78738.88,07-12-2024
ACC_6617,CID_4137,Saving,200208.71,01-10-2020
ACC_6618,CID_4137,Current,208329.61,01-10-2020
ACC_6619,CID_4137,Demat,1647974.38,01-10-2020
ACC_6620,CID_4138,Saving,186452.74,31-05-2023
ACC_6621,CID_4139,Saving,95561,12-01-2025
ACC_6622,CID_4139,Current,131631.53,12-01-2025
ACC_6623,CID_4139,Demat,318112.21,12-01-2025
ACC_6624,CID_4140,Saving,233672.81,15-10-2020
ACC_6625,CID_4140,Current,534133.78,15-10-2020
ACC_6626,CID_4140,Demat,1303578.45,15-10-2020
ACC_6627,CID_4141,Recurring Deposit,281630.06,24-09-2020
ACC_6628,CID_4142,Saving,4562.77,30-04-2020
ACC_6629,CID_4142,Current,700103.45,30-04-2020
ACC_6630,CID_4142,Demat,368992.73,30-04-2020
ACC_6631,CID_4143,Recurring Deposit,459683.93,17-08-2021
ACC_6632,CID_4144,Saving,148098.81,27-05-2025
ACC_6633,CID_4145,Saving,124678.07,14-07-2025
ACC_6634,CID_4146,Saving,178925.54,21-02-2019
ACC_6635,CID_4147,Saving,128591.26,22-04-2024
ACC_6636,CID_4148,Fixed Deposit,652551.64,21-05-2021
ACC_6637,CID_4149,Recurring Deposit,242056.35,05-05-2020
ACC_6638,CID_4150,Saving,243146.52,28-06-2018
ACC_6639,CID_4150,Current,290832.98,28-06-2018
ACC_6640,CID_4150,Demat,778926.02,28-06-2018
ACC_6641,CID_4151,Saving,19720.23,10-01-2023
ACC_6642,CID_4151,Current,731556,10-01-2023
ACC_6643,CID_4151,Demat,1397326.2,10-01-2023
ACC_6644,CID_4152,Saving,76833.86,05-03-2024
ACC_6645,CID_4153,Saving,243130.4,01-01-2024
ACC_6646,CID_4153,Current,968569.35,01-01-2024
ACC_6647,CID_4153,Demat,785872.93,01-01-2024
ACC_6648,CID_4154,Saving,156071.27,04-04-2019
ACC_6649,CID_4155,Saving,220956.72,17-07-2020
ACC_6650,CID_4155,Current,542035.06,17-07-2020
ACC_6651,CID_4155,Demat,1942275.11,17-07-2020
ACC_6652,CID_4156,Saving,50731.99,19-05-2021
ACC_6653,CID_4156,Current,804180.97,19-05-2021
ACC_6654,CID_4156,Demat,106137.11,19-05-2021
ACC_6655,CID_4157,Fixed Deposit,2091732.38,03-09-2024
ACC_6656,CID_4158,Saving,104964.32,16-11-2022
ACC_6657,CID_4159,Saving,126888.57,06-06-2021
ACC_6658,CID_4160,Saving,130923.26,26-09-2018
ACC_6659,CID_4161,Fixed Deposit,1798784.89,27-07-2021
ACC_6660,CID_4162,Fixed Deposit,869017.99,23-04-2022
ACC_6661,CID_4163,Saving,13549.63,04-07-2021
ACC_6662,CID_4164,Recurring Deposit,404838.19,14-09-2023
ACC_6663,CID_4165,Saving,170981.69,05-05-2025
ACC_6664,CID_4165,Current,358055.9,05-05-2025
ACC_6665,CID_4165,Demat,832372.75,05-05-2025
ACC_6666,CID_4166,Saving,44193.71,14-06-2018
ACC_6667,CID_4167,Saving,128316.89,17-06-2022
ACC_6668,CID_4168,Saving,74378.47,04-12-2025
ACC_6669,CID_4168,Current,144576.58,04-12-2025
ACC_6670,CID_4168,Demat,1696820.03,04-12-2025
ACC_6671,CID_4169,Saving,133835.45,05-02-2022
ACC_6672,CID_4170,Fixed Deposit,4184122.02,23-07-2022
ACC_6673,CID_4171,Saving,5460.02,31-08-2023
ACC_6674,CID_4172,Saving,155741.63,14-11-2019
ACC_6675,CID_4173,Saving,160925.44,21-07-2025
ACC_6676,CID_4174,Saving,199429.75,14-06-2024
ACC_6677,CID_4175,Saving,133901.19,30-06-2022
ACC_6678,CID_4176,Saving,186803.54,07-08-2023
ACC_6679,CID_4177,Saving,144807.41,29-03-2023
ACC_6680,CID_4177,Current,584297.91,29-03-2023
ACC_6681,CID_4177,Demat,869350.43,29-03-2023
ACC_6682,CID_4178,Saving,149295.97,09-04-2025
ACC_6683,CID_4179,Fixed Deposit,1689810.44,28-09-2018
ACC_6684,CID_4180,Saving,90963.35,16-12-2019
ACC_6685,CID_4181,Saving,3789.04,16-07-2018
ACC_6686,CID_4181,Current,318455.4,16-07-2018
ACC_6687,CID_4181,Demat,89263.53,16-07-2018
ACC_6688,CID_4182,Saving,192633.46,25-11-2021
ACC_6689,CID_4182,Current,752040.28,25-11-2021
ACC_6690,CID_4182,Demat,986825.24,25-11-2021
ACC_6691,CID_4183,Saving,160234.84,12-02-2021
ACC_6692,CID_4184,Saving,222123.65,28-12-2023
ACC_6693,CID_4185,Recurring Deposit,71037.56,28-01-2022
ACC_6694,CID_4186,Saving,179448.15,03-01-2018
ACC_6695,CID_4186,Current,251723.68,03-01-2018
ACC_6696,CID_4186,Demat,298542.06,03-01-2018
ACC_6697,CID_4187,Saving,88766.67,03-06-2021
ACC_6698,CID_4188,Saving,130385.84,13-03-2024
ACC_6699,CID_4189,Saving,78388.64,08-05-2019
ACC_6700,CID_4190,Saving,141098.58,13-12-2018
ACC_6701,CID_4190,Current,440578.48,13-12-2018
ACC_6702,CID_4190,Demat,922373.48,13-12-2018
ACC_6703,CID_4191,Saving,115338.83,30-07-2025
ACC_6704,CID_4191,Current,610052.81,30-07-2025
ACC_6705,CID_4191,Demat,1911556.68,30-07-2025
ACC_6706,CID_4192,Saving,17140.08,19-03-2020
ACC_6707,CID_4192,Current,899454.7,19-03-2020
ACC_6708,CID_4192,Demat,1476939.09,19-03-2020
ACC_6709,CID_4193,Saving,40162.24,21-08-2021
ACC_6710,CID_4193,Current,4689.85,21-08-2021
ACC_6711,CID_4193,Demat,1046354.56,21-08-2021
ACC_6712,CID_4194,Saving,196783.61,20-11-2020
ACC_6713,CID_4195,Recurring Deposit,468842.32,23-11-2020
ACC_6714,CID_4196,Saving,40213.79,03-12-2023
ACC_6715,CID_4197,Saving,242782.97,13-01-2018
ACC_6716,CID_4197,Current,429933.54,13-01-2018
ACC_6717,CID_4197,Demat,1474973.19,13-01-2018
ACC_6718,CID_4198,Recurring Deposit,378615.26,04-09-2024
ACC_6719,CID_4199,Saving,209741.59,27-10-2025
ACC_6720,CID_4199,Current,293243.01,27-10-2025
ACC_6721,CID_4199,Demat,1035125.7,27-10-2025
ACC_6722,CID_4200,Saving,175098.57,04-11-2021
ACC_6723,CID_4201,Fixed Deposit,1076045.8,05-02-2019
ACC_6724,CID_4202,Saving,245440.64,28-07-2019
ACC_6725,CID_4203,Recurring Deposit,75641.1,15-10-2021
ACC_6726,CID_4204,Saving,85301.49,09-03-2025
ACC_6727,CID_4205,Saving,137415.46,02-03-2020
ACC_6728,CID_4205,Current,836139.58,02-03-2020
ACC_6729,CID_4205,Demat,1867460.56,02-03-2020
ACC_6730,CID_4206,Saving,115311.97,28-09-2021
ACC_6731,CID_4206,Current,145267.3,28-09-2021
ACC_6732,CID_4206,Demat,1309257.94,28-09-2021
ACC_6733,CID_4207,Saving,125895.43,30-10-2023
ACC_6734,CID_4208,Fixed Deposit,1147714.96,06-09-2022
ACC_6735,CID_4209,Recurring Deposit,398491.44,07-03-2023
ACC_6736,CID_4210,Saving,68546.81,25-06-2023
ACC_6737,CID_4210,Current,799653.75,25-06-2023
ACC_6738,CID_4210,Demat,1086594.9,25-06-2023
ACC_6739,CID_4211,Recurring Deposit,276542.42,18-03-2022
ACC_6740,CID_4212,Saving,81078.71,20-10-2021
ACC_6741,CID_4212,Current,260230.6,20-10-2021
ACC_6742,CID_4212,Demat,1256104.21,20-10-2021
ACC_6743,CID_4213,Saving,51030,10-10-2023
ACC_6744,CID_4214,Saving,219692.66,12-05-2023
ACC_6745,CID_4214,Current,545101.42,12-05-2023
ACC_6746,CID_4214,Demat,1250508.88,12-05-2023
ACC_6747,CID_4215,Saving,115960.84,24-01-2025
ACC_6748,CID_4216,Saving,16668.09,22-03-2023
ACC_6749,CID_4217,Recurring Deposit,151947.47,07-11-2025
ACC_6750,CID_4218,Recurring Deposit,195912.67,04-02-2022
ACC_6751,CID_4219,Saving,126629.22,01-06-2019
ACC_6752,CID_4219,Current,550943.54,01-06-2019
ACC_6753,CID_4219,Demat,889371.28,01-06-2019
ACC_6754,CID_4220,Saving,215380.52,28-04-2018
ACC_6755,CID_4220,Current,959525.34,28-04-2018
ACC_6756,CID_4220,Demat,1372069.44,28-04-2018
ACC_6757,CID_4221,Saving,100087.46,17-10-2018
ACC_6758,CID_4222,Saving,233945.72,07-06-2025
ACC_6759,CID_4223,Fixed Deposit,3693756.46,07-11-2020
ACC_6760,CID_4224,Saving,141984.57,21-03-2018
ACC_6761,CID_4225,Saving,97048.16,09-06-2019
ACC_6762,CID_4225,Current,656007.6,09-06-2019
ACC_6763,CID_4225,Demat,1526023.8,09-06-2019
ACC_6764,CID_4226,Fixed Deposit,3247791.47,17-04-2023
ACC_6765,CID_4227,Saving,178959.52,14-07-2025
ACC_6766,CID_4228,Saving,113943.06,01-08-2024
ACC_6767,CID_4229,Saving,194944.27,22-02-2024
ACC_6768,CID_4230,Saving,97211.75,27-12-2024
ACC_6769,CID_4230,Current,607088.69,27-12-2024
ACC_6770,CID_4230,Demat,465780.7,27-12-2024
ACC_6771,CID_4231,Saving,212459.57,30-01-2022
ACC_6772,CID_4232,Fixed Deposit,4607387.95,18-05-2021
ACC_6773,CID_4233,Saving,82311.96,05-06-2024
ACC_6774,CID_4234,Fixed Deposit,3916873.57,22-10-2023
ACC_6775,CID_4235,Saving,88901.15,08-10-2021
ACC_6776,CID_4235,Current,446644.96,08-10-2021
ACC_6777,CID_4235,Demat,1601730.18,08-10-2021
ACC_6778,CID_4236,Saving,43116.72,18-09-2024
ACC_6779,CID_4237,Saving,85395.77,13-04-2018
ACC_6780,CID_4238,Saving,192024.12,24-05-2025
ACC_6781,CID_4238,Current,440538.31,24-05-2025
ACC_6782,CID_4238,Demat,1810611.25,24-05-2025
ACC_6783,CID_4239,Saving,119871.07,24-01-2021
ACC_6784,CID_4240,Recurring Deposit,258772.57,03-09-2024
ACC_6785,CID_4241,Saving,245472.97,12-03-2020
ACC_6786,CID_4242,Fixed Deposit,1563702.95,08-10-2021
ACC_6787,CID_4243,Saving,175539.39,06-06-2025
ACC_6788,CID_4244,Recurring Deposit,425565.05,05-02-2022
ACC_6789,CID_4245,Recurring Deposit,57801.59,14-12-2021
ACC_6790,CID_4246,Fixed Deposit,2673736.93,17-05-2023
ACC_6791,CID_4247,Saving,159898.09,06-10-2024
ACC_6792,CID_4248,Recurring Deposit,436981.46,18-07-2023
ACC_6793,CID_4249,Recurring Deposit,402343.98,02-11-2020
ACC_6794,CID_4250,Saving,73334.67,23-01-2025
ACC_6795,CID_4251,Fixed Deposit,133451.24,16-10-2022
ACC_6796,CID_4252,Saving,214128.08,02-07-2021
ACC_6797,CID_4252,Current,953825.06,02-07-2021
ACC_6798,CID_4252,Demat,1629735.04,02-07-2021
ACC_6799,CID_4253,Saving,234439.12,07-08-2018
ACC_6800,CID_4253,Current,613542.83,07-08-2018
ACC_6801,CID_4253,Demat,962132.84,07-08-2018
ACC_6802,CID_4254,Saving,30196.79,01-04-2020
ACC_6803,CID_4255,Recurring Deposit,458581.25,06-10-2019
ACC_6804,CID_4256,Saving,110075.97,26-04-2024
ACC_6805,CID_4257,Saving,240452.11,17-07-2024
ACC_6806,CID_4257,Current,774249.17,17-07-2024
ACC_6807,CID_4257,Demat,420712.73,17-07-2024
ACC_6808,CID_4258,Saving,83190.97,24-02-2022
ACC_6809,CID_4259,Saving,41337.52,22-11-2023
ACC_6810,CID_4260,Saving,75371.43,25-04-2024
ACC_6811,CID_4260,Current,376539.35,25-04-2024
ACC_6812,CID_4260,Demat,1985367.13,25-04-2024
ACC_6813,CID_4261,Saving,184847.1,01-03-2021
ACC_6814,CID_4262,Saving,97570.77,20-08-2022
ACC_6815,CID_4263,Saving,73263.42,07-10-2023
ACC_6816,CID_4263,Current,384916.35,07-10-2023
ACC_6817,CID_4263,Demat,944530.69,07-10-2023
ACC_6818,CID_4264,Recurring Deposit,173343.08,09-09-2024
ACC_6819,CID_4265,Saving,136419.95,26-07-2025
ACC_6820,CID_4265,Current,650651.44,26-07-2025
ACC_6821,CID_4265,Demat,1843548.34,26-07-2025
ACC_6822,CID_4266,Saving,233006.87,13-08-2021
ACC_6823,CID_4266,Current,929158.72,13-08-2021
ACC_6824,CID_4266,Demat,234234.62,13-08-2021
ACC_6825,CID_4267,Saving,84499.19,04-02-2024
ACC_6826,CID_4268,Saving,23963.81,24-03-2023
ACC_6827,CID_4269,Recurring Deposit,471453.17,12-01-2024
ACC_6828,CID_4270,Saving,190920.45,30-08-2023
ACC_6829,CID_4270,Current,837939.36,30-08-2023
ACC_6830,CID_4270,Demat,1336954.43,30-08-2023
ACC_6831,CID_4271,Saving,147904.28,12-12-2024
ACC_6832,CID_4272,Recurring Deposit,225424.5,26-07-2020
ACC_6833,CID_4273,Saving,202686.04,06-09-2024
ACC_6834,CID_4274,Saving,72509.57,04-01-2021
ACC_6835,CID_4275,Saving,192777.31,03-09-2021
ACC_6836,CID_4275,Current,29643.13,03-09-2021
ACC_6837,CID_4275,Demat,307367.49,03-09-2021
ACC_6838,CID_4276,Saving,187400.77,03-12-2025
ACC_6839,CID_4276,Current,575562.83,03-12-2025
ACC_6840,CID_4276,Demat,1293390.25,03-12-2025
ACC_6841,CID_4277,Saving,47197.57,17-05-2023
ACC_6842,CID_4277,Current,558272.42,17-05-2023
ACC_6843,CID_4277,Demat,381272.19,17-05-2023
ACC_6844,CID_4278,Saving,186690.59,14-10-2020
ACC_6845,CID_4279,Fixed Deposit,17463.35,25-04-2022
ACC_6846,CID_4280,Saving,43887.07,12-07-2025
ACC_6847,CID_4281,Saving,33843.06,23-10-2021
ACC_6848,CID_4282,Saving,10384.65,22-08-2019
ACC_6849,CID_4283,Saving,138654.82,07-02-2019
ACC_6850,CID_4283,Current,891212.18,07-02-2019
ACC_6851,CID_4283,Demat,979003.18,07-02-2019
ACC_6852,CID_4284,Recurring Deposit,226717.41,11-06-2024
ACC_6853,CID_4285,Saving,159098.34,25-08-2023
ACC_6854,CID_4286,Saving,68949.78,22-06-2023
ACC_6855,CID_4286,Current,27874.88,22-06-2023
ACC_6856,CID_4286,Demat,332588.15,22-06-2023
ACC_6857,CID_4287,Saving,212940.81,19-04-2022
ACC_6858,CID_4288,Saving,217204.15,10-10-2024
ACC_6859,CID_4289,Saving,61960.06,24-04-2018
ACC_6860,CID_4290,Saving,17087.85,04-02-2024
ACC_6861,CID_4291,Fixed Deposit,1913147.02,11-11-2024
ACC_6862,CID_4292,Saving,189604.44,09-10-2025
ACC_6863,CID_4293,Recurring Deposit,188438.92,24-12-2025
ACC_6864,CID_4294,Saving,152160.06,29-12-2019
ACC_6865,CID_4294,Current,27299.48,29-12-2019
ACC_6866,CID_4294,Demat,1854951.6,29-12-2019
ACC_6867,CID_4295,Fixed Deposit,3717325.99,04-07-2018
ACC_6868,CID_4296,Recurring Deposit,489406.1,18-06-2021
ACC_6869,CID_4297,Saving,218813.71,03-10-2025
ACC_6870,CID_4298,Saving,45551.7,04-04-2022
ACC_6871,CID_4298,Current,910694.36,04-04-2022
ACC_6872,CID_4298,Demat,461244.17,04-04-2022
ACC_6873,CID_4299,Saving,188879.56,03-12-2025
ACC_6874,CID_4300,Saving,231325.28,06-05-2018
ACC_6875,CID_4300,Current,276717.33,06-05-2018
ACC_6876,CID_4300,Demat,1463774.07,06-05-2018
ACC_6877,CID_4301,Saving,120809.33,10-08-2020
ACC_6878,CID_4301,Current,580679.38,10-08-2020
ACC_6879,CID_4301,Demat,399956.24,10-08-2020
ACC_6880,CID_4302,Saving,195526.09,01-03-2018
ACC_6881,CID_4303,Recurring Deposit,412125.85,06-10-2018
ACC_6882,CID_4304,Recurring Deposit,5030.54,22-02-2020
ACC_6883,CID_4305,Saving,71711.02,19-02-2022
ACC_6884,CID_4305,Current,441371.44,19-02-2022
ACC_6885,CID_4305,Demat,1303009.82,19-02-2022
ACC_6886,CID_4306,Saving,174742.08,29-10-2021
ACC_6887,CID_4307,Saving,180910.12,12-10-2025
ACC_6888,CID_4308,Saving,21900.64,15-03-2022
ACC_6889,CID_4308,Current,206924.3,15-03-2022
ACC_6890,CID_4308,Demat,173193.93,15-03-2022
ACC_6891,CID_4309,Saving,57595.57,08-06-2019
ACC_6892,CID_4310,Saving,26419.23,04-01-2025
ACC_6893,CID_4311,Saving,137351.58,08-02-2026
ACC_6894,CID_4312,Saving,168011.3,01-07-2021
ACC_6895,CID_4313,Saving,32654.04,25-03-2020
ACC_6896,CID_4314,Recurring Deposit,326197.21,28-03-2019
ACC_6897,CID_4315,Saving,107239.53,16-05-2024
ACC_6898,CID_4315,Current,578607.86,16-05-2024
ACC_6899,CID_4315,Demat,399855.58,16-05-2024
ACC_6900,CID_4316,Saving,45211.86,17-05-2024
ACC_6901,CID_4317,Saving,46579.2,17-06-2019
ACC_6902,CID_4318,Saving,108218.43,22-07-2025
ACC_6903,CID_4319,Recurring Deposit,455066.85,04-07-2020
ACC_6904,CID_4320,Saving,228920.35,17-12-2024
ACC_6905,CID_4321,Recurring Deposit,48822.98,22-02-2021
ACC_6906,CID_4322,Saving,9648.71,28-04-2018
ACC_6907,CID_4323,Saving,147411.44,02-03-2020
ACC_6908,CID_4324,Recurring Deposit,201495.87,22-01-2023
ACC_6909,CID_4325,Recurring Deposit,71184.11,15-01-2024
ACC_6910,CID_4326,Saving,247807.84,19-07-2019
ACC_6911,CID_4327,Saving,44437.14,24-08-2023
ACC_6912,CID_4328,Saving,24353.64,26-03-2019
ACC_6913,CID_4329,Saving,12066.09,07-05-2024
ACC_6914,CID_4329,Current,76450.12,07-05-2024
ACC_6915,CID_4329,Demat,1517538.53,07-05-2024
ACC_6916,CID_4330,Saving,144181.08,25-12-2023
ACC_6917,CID_4331,Saving,45793.1,02-11-2021
ACC_6918,CID_4332,Saving,61192.62,13-11-2022
ACC_6919,CID_4333,Fixed Deposit,2064484.98,26-01-2023
ACC_6920,CID_4334,Saving,46824.78,25-04-2024
ACC_6921,CID_4335,Fixed Deposit,3050965.41,30-04-2022
ACC_6922,CID_4336,Saving,66295.37,25-08-2021
ACC_6923,CID_4336,Current,512486.83,25-08-2021
ACC_6924,CID_4336,Demat,861650.54,25-08-2021
ACC_6925,CID_4337,Saving,202654.83,18-02-2022
ACC_6926,CID_4338,Recurring Deposit,318692.04,20-10-2020
ACC_6927,CID_4339,Fixed Deposit,1220089.81,19-04-2025
ACC_6928,CID_4340,Recurring Deposit,180901.07,15-07-2025
ACC_6929,CID_4341,Saving,58397.31,21-04-2024
ACC_6930,CID_4341,Current,405361.09,21-04-2024
ACC_6931,CID_4341,Demat,1549922.08,21-04-2024
ACC_6932,CID_4342,Recurring Deposit,490936.39,11-07-2024
ACC_6933,CID_4343,Saving,211842.13,05-04-2023
ACC_6934,CID_4344,Recurring Deposit,480260.15,19-02-2022
ACC_6935,CID_4345,Saving,160075.44,19-06-2025
ACC_6936,CID_4345,Current,61518.09,19-06-2025
ACC_6937,CID_4345,Demat,1832664.15,19-06-2025
ACC_6938,CID_4346,Saving,67016.96,14-04-2024
ACC_6939,CID_4346,Current,782973.52,14-04-2024
ACC_6940,CID_4346,Demat,742100.46,14-04-2024
ACC_6941,CID_4347,Saving,93032.09,22-02-2025
ACC_6942,CID_4348,Recurring Deposit,136126.67,12-05-2024
ACC_6943,CID_4349,Saving,79786.29,10-11-2023
ACC_6944,CID_4349,Current,234091.91,10-11-2023
ACC_6945,CID_4349,Demat,420714.76,10-11-2023
ACC_6946,CID_4350,Recurring Deposit,204453.34,01-07-2023
ACC_6947,CID_4351,Saving,222112.5,05-01-2022
ACC_6948,CID_4351,Current,748189.73,05-01-2022
ACC_6949,CID_4351,Demat,312421.46,05-01-2022
ACC_6950,CID_4352,Recurring Deposit,247433.22,05-09-2023
ACC_6951,CID_4353,Saving,118967.86,01-01-2022
ACC_6952,CID_4354,Recurring Deposit,349223.23,23-05-2024
ACC_6953,CID_4355,Recurring Deposit,465678.9,16-09-2021
ACC_6954,CID_4356,Recurring Deposit,144022.98,05-06-2019
ACC_6955,CID_4357,Recurring Deposit,123929.15,30-09-2024
ACC_6956,CID_4358,Fixed Deposit,1972548.94,08-07-2023
ACC_6957,CID_4359,Recurring Deposit,295528.61,22-03-2020
ACC_6958,CID_4360,Recurring Deposit,379699.58,17-04-2020
ACC_6959,CID_4361,Saving,215180.81,28-03-2018
ACC_6960,CID_4362,Saving,25825.77,13-09-2024
ACC_6961,CID_4362,Current,897040.27,13-09-2024
ACC_6962,CID_4362,Demat,1032961.76,13-09-2024
ACC_6963,CID_4363,Saving,61588.36,30-07-2019
ACC_6964,CID_4364,Saving,15203.22,29-05-2024
ACC_6965,CID_4365,Saving,134308.21,24-02-2026
ACC_6966,CID_4366,Fixed Deposit,105303.94,19-09-2019
ACC_6967,CID_4367,Saving,52397.6,01-08-2024
ACC_6968,CID_4368,Saving,99858.86,28-05-2019
ACC_6969,CID_4369,Saving,74813.63,26-03-2022
ACC_6970,CID_4369,Current,773487.62,26-03-2022
ACC_6971,CID_4369,Demat,796736.85,26-03-2022
ACC_6972,CID_4370,Recurring Deposit,374583.96,01-06-2024
ACC_6973,CID_4371,Fixed Deposit,1489723.35,21-03-2025
ACC_6974,CID_4372,Saving,204078.2,28-07-2025
ACC_6975,CID_4372,Current,598250.07,28-07-2025
ACC_6976,CID_4372,Demat,922718.93,28-07-2025
ACC_6977,CID_4373,Saving,224869.93,20-07-2024
ACC_6978,CID_4373,Current,12336.81,20-07-2024
ACC_6979,CID_4373,Demat,793846.16,20-07-2024
ACC_6980,CID_4374,Saving,211696.9,09-07-2022
ACC_6981,CID_4374,Current,80843.93,09-07-2022
ACC_6982,CID_4374,Demat,1337200.29,09-07-2022
ACC_6983,CID_4375,Recurring Deposit,192250.59,11-08-2024
ACC_6984,CID_4376,Saving,22563.58,04-12-2020
ACC_6985,CID_4376,Current,410588.02,04-12-2020
ACC_6986,CID_4376,Demat,1979201.09,04-12-2020
ACC_6987,CID_4377,Saving,222307.19,23-09-2025
ACC_6988,CID_4378,Saving,28178.92,28-12-2021
ACC_6989,CID_4379,Saving,42867.16,04-09-2021
ACC_6990,CID_4380,Saving,100637.35,25-04-2021
ACC_6991,CID_4380,Current,718696.89,25-04-2021
ACC_6992,CID_4380,Demat,1137534.53,25-04-2021
ACC_6993,CID_4381,Saving,190473.94,23-02-2019
ACC_6994,CID_4381,Current,82222.52,23-02-2019
ACC_6995,CID_4381,Demat,456710.71,23-02-2019
ACC_6996,CID_4382,Saving,166637.95,18-07-2022
ACC_6997,CID_4383,Saving,171569.96,19-01-2024
ACC_6998,CID_4384,Saving,141056.26,27-01-2022
ACC_6999,CID_4385,Saving,18254.11,03-05-2021
ACC_7000,CID_4386,Saving,54519.28,16-10-2020
ACC_7001,CID_4386,Current,74839.52,16-10-2020
ACC_7002,CID_4386,Demat,505835.58,16-10-2020
ACC_7003,CID_4387,Saving,243842.24,29-12-2020
ACC_7004,CID_4388,Recurring Deposit,329189.52,28-06-2023
ACC_7005,CID_4389,Saving,78231.86,12-01-2024
ACC_7006,CID_4389,Current,899059.53,12-01-2024
ACC_7007,CID_4389,Demat,327291.45,12-01-2024
ACC_7008,CID_4390,Saving,213377.34,28-01-2025
ACC_7009,CID_4391,Saving,136300.67,18-07-2025
ACC_7010,CID_4391,Current,33947.4,18-07-2025
ACC_7011,CID_4391,Demat,1929808.67,18-07-2025
ACC_7012,CID_4392,Saving,36522.68,14-09-2025
ACC_7013,CID_4393,Recurring Deposit,467332.95,20-10-2020
ACC_7014,CID_4394,Recurring Deposit,498210.16,14-11-2025
ACC_7015,CID_4395,Saving,15815.16,07-08-2019
ACC_7016,CID_4396,Saving,209414.69,21-01-2025
ACC_7017,CID_4397,Fixed Deposit,1916966.32,22-04-2020
ACC_7018,CID_4398,Saving,25171.07,01-06-2025
ACC_7019,CID_4399,Saving,51217.9,22-08-2025
ACC_7020,CID_4400,Saving,145950.21,29-08-2023
ACC_7021,CID_4400,Current,310127.64,29-08-2023
ACC_7022,CID_4400,Demat,1695953.77,29-08-2023
ACC_7023,CID_4401,Saving,226599.95,08-08-2018
ACC_7024,CID_4401,Current,669337.9,08-08-2018
ACC_7025,CID_4401,Demat,13594.67,08-08-2018
ACC_7026,CID_4402,Recurring Deposit,145374.76,05-01-2023
ACC_7027,CID_4403,Saving,115114.45,25-10-2023
ACC_7028,CID_4404,Saving,121402.43,14-10-2021
ACC_7029,CID_4405,Saving,242453.33,14-03-2019
ACC_7030,CID_4406,Recurring Deposit,147987.45,03-08-2024
ACC_7031,CID_4407,Saving,138749.88,28-04-2021
ACC_7032,CID_4408,Saving,75765.53,09-06-2025
ACC_7033,CID_4409,Saving,30967.5,10-08-2019
ACC_7034,CID_4410,Saving,38362.06,09-11-2020
ACC_7035,CID_4411,Saving,177641.63,02-09-2024
ACC_7036,CID_4412,Saving,83208.31,14-06-2025
ACC_7037,CID_4413,Saving,165641.46,19-11-2019
ACC_7038,CID_4414,Recurring Deposit,407260.23,10-09-2020
ACC_7039,CID_4415,Saving,44287.34,08-04-2025
ACC_7040,CID_4415,Current,656332.06,08-04-2025
ACC_7041,CID_4415,Demat,1480489.36,08-04-2025
ACC_7042,CID_4416,Saving,158432.65,11-11-2022
ACC_7043,CID_4417,Recurring Deposit,467184.38,30-05-2021
ACC_7044,CID_4418,Recurring Deposit,307177.29,08-11-2020
ACC_7045,CID_4419,Fixed Deposit,2135334.95,09-07-2025
ACC_7046,CID_4420,Recurring Deposit,474869.44,04-06-2025
ACC_7047,CID_4421,Saving,147916.35,07-01-2019
ACC_7048,CID_4422,Saving,113128.72,21-05-2021
ACC_7049,CID_4423,Saving,91722.27,29-06-2020
ACC_7050,CID_4423,Current,778518.64,29-06-2020
ACC_7051,CID_4423,Demat,596006.17,29-06-2020
ACC_7052,CID_4424,Saving,159718.81,13-01-2025
ACC_7053,CID_4424,Current,87335.6,13-01-2025
ACC_7054,CID_4424,Demat,316344.3,13-01-2025
ACC_7055,CID_4425,Recurring Deposit,203141.71,20-05-2025
ACC_7056,CID_4426,Saving,218554.2,01-11-2019
ACC_7057,CID_4426,Current,476934.53,01-11-2019
ACC_7058,CID_4426,Demat,1328356.99,01-11-2019
ACC_7059,CID_4427,Saving,28252.28,31-03-2024
ACC_7060,CID_4428,Saving,162246.35,11-05-2023
ACC_7061,CID_4429,Saving,10611.05,26-02-2024
ACC_7062,CID_4429,Current,700733.26,26-02-2024
ACC_7063,CID_4429,Demat,892934.03,26-02-2024
ACC_7064,CID_4430,Saving,242119.45,24-05-2022
ACC_7065,CID_4431,Saving,150076.51,17-09-2024
ACC_7066,CID_4431,Current,672643.5,17-09-2024
ACC_7067,CID_4431,Demat,1976609.54,17-09-2024
ACC_7068,CID_4432,Saving,134306.51,13-05-2020
ACC_7069,CID_4433,Saving,42540.88,21-09-2025
ACC_7070,CID_4434,Saving,88118,03-08-2022
ACC_7071,CID_4434,Current,792950.86,03-08-2022
ACC_7072,CID_4434,Demat,326868.84,03-08-2022
ACC_7073,CID_4435,Saving,44159.81,17-05-2025
ACC_7074,CID_4436,Saving,134244.48,07-10-2020
ACC_7075,CID_4436,Current,471571.41,07-10-2020
ACC_7076,CID_4436,Demat,1733324.75,07-10-2020
ACC_7077,CID_4437,Fixed Deposit,2959365.8,01-02-2024
ACC_7078,CID_4438,Saving,10233.92,08-04-2019
ACC_7079,CID_4439,Recurring Deposit,58795.19,20-02-2020
ACC_7080,CID_4440,Saving,61945.54,15-11-2020
ACC_7081,CID_4441,Saving,80011.76,18-09-2022
ACC_7082,CID_4442,Fixed Deposit,2657756.91,07-07-2024
ACC_7083,CID_4443,Saving,232405.49,14-05-2023
ACC_7084,CID_4443,Current,289979.03,14-05-2023
ACC_7085,CID_4443,Demat,1280915.42,14-05-2023
ACC_7086,CID_4444,Recurring Deposit,299798.68,11-04-2024
ACC_7087,CID_4445,Saving,7788.06,27-12-2024
ACC_7088,CID_4445,Current,926707.61,27-12-2024
ACC_7089,CID_4445,Demat,39301.28,27-12-2024
ACC_7090,CID_4446,Saving,75375.43,04-04-2025
ACC_7091,CID_4447,Fixed Deposit,4716679.03,30-05-2025
ACC_7092,CID_4448,Saving,217960.96,22-02-2019
ACC_7093,CID_4449,Saving,226644.34,26-04-2022
ACC_7094,CID_4449,Current,929905.08,26-04-2022
ACC_7095,CID_4449,Demat,528960.84,26-04-2022
ACC_7096,CID_4450,Saving,200066.93,05-04-2019
ACC_7097,CID_4450,Current,288549.2,05-04-2019
ACC_7098,CID_4450,Demat,1768152.98,05-04-2019
ACC_7099,CID_4451,Saving,44233.9,12-12-2019
ACC_7100,CID_4452,Saving,139088.65,23-11-2022
ACC_7101,CID_4452,Current,610632.92,23-11-2022
ACC_7102,CID_4452,Demat,50032.77,23-11-2022
ACC_7103,CID_4453,Recurring Deposit,280063.45,05-05-2024
ACC_7104,CID_4454,Saving,116432.46,02-10-2018
ACC_7105,CID_4454,Current,585597.64,02-10-2018
ACC_7106,CID_4454,Demat,235240.34,02-10-2018
ACC_7107,CID_4455,Saving,206064.9,26-11-2020
ACC_7108,CID_4455,Current,620944.53,26-11-2020
ACC_7109,CID_4455,Demat,1810277.38,26-11-2020
ACC_7110,CID_4456,Fixed Deposit,1205358.44,20-11-2025
ACC_7111,CID_4457,Saving,203673.14,28-01-2018
ACC_7112,CID_4458,Fixed Deposit,3923396.73,14-08-2019
ACC_7113,CID_4459,Recurring Deposit,11407.08,11-10-2020
ACC_7114,CID_4460,Recurring Deposit,1330.69,10-10-2023
ACC_7115,CID_4461,Saving,141826.46,17-01-2025
ACC_7116,CID_4461,Current,49790.1,17-01-2025
ACC_7117,CID_4461,Demat,599584.44,17-01-2025
ACC_7118,CID_4462,Saving,200350.16,22-10-2023
ACC_7119,CID_4462,Current,429721.66,22-10-2023
ACC_7120,CID_4462,Demat,757638.06,22-10-2023
ACC_7121,CID_4463,Saving,105384.47,11-10-2023
ACC_7122,CID_4463,Current,241352.14,11-10-2023
ACC_7123,CID_4463,Demat,907432.48,11-10-2023
ACC_7124,CID_4464,Recurring Deposit,42414.18,07-02-2018
ACC_7125,CID_4465,Saving,231647.65,24-01-2023
ACC_7126,CID_4466,Saving,147142.6,13-08-2024
ACC_7127,CID_4467,Saving,158937.06,12-02-2022
ACC_7128,CID_4468,Saving,119988.2,14-03-2023
ACC_7129,CID_4468,Current,399069.8,14-03-2023
ACC_7130,CID_4468,Demat,1229492.32,14-03-2023
ACC_7131,CID_4469,Saving,67703.64,23-12-2025
ACC_7132,CID_4470,Fixed Deposit,1622312.12,13-04-2024
ACC_7133,CID_4471,Saving,168990.37,01-07-2025
ACC_7134,CID_4472,Saving,63007.79,17-03-2025
ACC_7135,CID_4472,Current,213379.27,17-03-2025
ACC_7136,CID_4472,Demat,1027006.13,17-03-2025
ACC_7137,CID_4473,Saving,113865.12,20-06-2021
ACC_7138,CID_4474,Saving,180176.5,05-10-2022
ACC_7139,CID_4475,Recurring Deposit,300575.94,19-02-2026
ACC_7140,CID_4476,Saving,79173.66,10-12-2025
ACC_7141,CID_4476,Current,282506.84,10-12-2025
ACC_7142,CID_4476,Demat,1913592.53,10-12-2025
ACC_7143,CID_4477,Saving,208607.04,10-12-2025
ACC_7144,CID_4477,Current,563536.49,10-12-2025
ACC_7145,CID_4477,Demat,760753.14,10-12-2025
ACC_7146,CID_4478,Saving,92546.19,03-12-2022
ACC_7147,CID_4478,Current,62372.68,03-12-2022
ACC_7148,CID_4478,Demat,1993515.02,03-12-2022
ACC_7149,CID_4479,Saving,198809.64,14-10-2020
ACC_7150,CID_4480,Saving,90029.66,12-01-2022
ACC_7151,CID_4480,Current,930986.56,12-01-2022
ACC_7152,CID_4480,Demat,1697405.33,12-01-2022
ACC_7153,CID_4481,Recurring Deposit,70510.45,22-08-2018
ACC_7154,CID_4482,Saving,227956.28,01-08-2019
ACC_7155,CID_4483,Saving,98381.34,19-04-2023
ACC_7156,CID_4483,Current,904916.22,19-04-2023
ACC_7157,CID_4483,Demat,1381866.32,19-04-2023
ACC_7158,CID_4484,Saving,39903.94,19-06-2022
ACC_7159,CID_4484,Current,485887.57,19-06-2022
ACC_7160,CID_4484,Demat,1902800.57,19-06-2022
ACC_7161,CID_4485,Saving,33189.98,06-11-2023
ACC_7162,CID_4485,Current,302733.45,06-11-2023
ACC_7163,CID_4485,Demat,817505.45,06-11-2023
ACC_7164,CID_4486,Saving,30246.26,21-04-2025
ACC_7165,CID_4486,Current,684812.54,21-04-2025
ACC_7166,CID_4486,Demat,1182728.87,21-04-2025
ACC_7167,CID_4487,Saving,52874.06,22-12-2025
ACC_7168,CID_4487,Current,858579.44,22-12-2025
ACC_7169,CID_4487,Demat,1669254.57,22-12-2025
ACC_7170,CID_4488,Saving,204941.97,14-09-2024
ACC_7171,CID_4488,Current,751772.74,14-09-2024
ACC_7172,CID_4488,Demat,1942497.06,14-09-2024
ACC_7173,CID_4489,Saving,39644.42,22-03-2025
ACC_7174,CID_4490,Saving,195168.64,20-02-2025
ACC_7175,CID_4490,Current,821502.29,20-02-2025
ACC_7176,CID_4490,Demat,20141.91,20-02-2025
ACC_7177,CID_4491,Saving,24257.31,06-06-2025
ACC_7178,CID_4491,Current,585453.62,06-06-2025
ACC_7179,CID_4491,Demat,216954.6,06-06-2025
ACC_7180,CID_4492,Saving,154939.3,28-07-2022
ACC_7181,CID_4493,Saving,15917.65,24-04-2021
ACC_7182,CID_4494,Saving,46359.88,07-09-2019
ACC_7183,CID_4495,Saving,94507.32,16-11-2020
ACC_7184,CID_4496,Recurring Deposit,338830.63,17-12-2018
ACC_7185,CID_4497,Recurring Deposit,177594.78,05-12-2023
ACC_7186,CID_4498,Recurring Deposit,290104.19,22-05-2025
ACC_7187,CID_4499,Saving,617.38,07-12-2020
ACC_7188,CID_4499,Current,794127.9,07-12-2020
ACC_7189,CID_4499,Demat,691536.78,07-12-2020
ACC_7190,CID_4500,Saving,240612.1,08-07-2025
ACC_7191,CID_4501,Recurring Deposit,391138.13,09-07-2021
ACC_7192,CID_4502,Saving,94522.69,14-01-2020
ACC_7193,CID_4503,Saving,3705.71,17-10-2023
ACC_7194,CID_4504,Saving,236272.74,21-12-2022
ACC_7195,CID_4505,Saving,153762.56,05-06-2020
ACC_7196,CID_4505,Current,912525.51,05-06-2020
ACC_7197,CID_4505,Demat,1840393.42,05-06-2020
ACC_7198,CID_4506,Fixed Deposit,3560377.08,29-11-2019
ACC_7199,CID_4507,Saving,117997.38,16-06-2020
ACC_7200,CID_4508,Saving,144086.91,19-12-2021
ACC_7201,CID_4509,Recurring Deposit,161254.94,10-10-2023
ACC_7202,CID_4510,Saving,165714.13,18-07-2024
ACC_7203,CID_4510,Current,797356.42,18-07-2024
ACC_7204,CID_4510,Demat,1251770.42,18-07-2024
ACC_7205,CID_4511,Saving,17777.24,12-04-2022
ACC_7206,CID_4511,Current,114763.31,12-04-2022
ACC_7207,CID_4511,Demat,959528.55,12-04-2022
ACC_7208,CID_4512,Saving,96902.31,19-10-2025
ACC_7209,CID_4513,Saving,61895.57,07-01-2022
ACC_7210,CID_4514,Saving,121830.45,05-04-2022
ACC_7211,CID_4514,Current,539611.92,05-04-2022
ACC_7212,CID_4514,Demat,1173618.56,05-04-2022
ACC_7213,CID_4515,Saving,204774.49,14-01-2022
ACC_7214,CID_4515,Current,517299.92,14-01-2022
ACC_7215,CID_4515,Demat,572545.35,14-01-2022
ACC_7216,CID_4516,Saving,124746.06,04-03-2024
ACC_7217,CID_4517,Saving,38479.37,16-01-2025
ACC_7218,CID_4517,Current,312257.47,16-01-2025
ACC_7219,CID_4517,Demat,48039.03,16-01-2025
ACC_7220,CID_4518,Saving,207629.43,27-01-2024
ACC_7221,CID_4519,Saving,227012.03,04-08-2023
ACC_7222,CID_4520,Saving,52191.18,18-04-2021
ACC_7223,CID_4521,Saving,156779.09,06-11-2024
ACC_7224,CID_4522,Saving,242739.25,14-02-2025
ACC_7225,CID_4523,Recurring Deposit,277318.36,14-10-2018
ACC_7226,CID_4524,Recurring Deposit,441309.94,14-10-2019
ACC_7227,CID_4525,Saving,10790.41,15-08-2025
ACC_7228,CID_4526,Saving,203724.02,31-07-2021
ACC_7229,CID_4527,Saving,107278.59,21-12-2021
ACC_7230,CID_4527,Current,293544.28,21-12-2021
ACC_7231,CID_4527,Demat,865009.75,21-12-2021
ACC_7232,CID_4528,Saving,201467.79,16-07-2023
ACC_7233,CID_4528,Current,488363.9,16-07-2023
ACC_7234,CID_4528,Demat,1986879.29,16-07-2023
ACC_7235,CID_4529,Recurring Deposit,454884.01,29-10-2024
ACC_7236,CID_4530,Saving,232622.9,08-09-2022
ACC_7237,CID_4531,Fixed Deposit,1308286.79,28-01-2020
ACC_7238,CID_4532,Saving,147375.8,09-01-2018
ACC_7239,CID_4532,Current,160582.99,09-01-2018
ACC_7240,CID_4532,Demat,560970.72,09-01-2018
ACC_7241,CID_4533,Saving,92218.23,19-11-2020
ACC_7242,CID_4533,Current,121193.42,19-11-2020
ACC_7243,CID_4533,Demat,617119.95,19-11-2020
ACC_7244,CID_4534,Saving,103612.29,19-11-2023
ACC_7245,CID_4535,Saving,82084.26,15-03-2021
ACC_7246,CID_4535,Current,534298.05,15-03-2021
ACC_7247,CID_4535,Demat,670936.67,15-03-2021
ACC_7248,CID_4536,Saving,14032.04,18-06-2025
ACC_7249,CID_4537,Saving,112103.86,02-11-2021
ACC_7250,CID_4537,Current,418472.73,02-11-2021
ACC_7251,CID_4537,Demat,986919.07,02-11-2021
ACC_7252,CID_4538,Saving,5935.33,04-08-2021
ACC_7253,CID_4539,Saving,171361.3,24-09-2023
ACC_7254,CID_4540,Saving,28006.64,31-12-2022
ACC_7255,CID_4541,Fixed Deposit,938371.83,18-09-2019
ACC_7256,CID_4542,Saving,137750.91,11-01-2025
ACC_7257,CID_4543,Saving,243130.2,22-07-2025
ACC_7258,CID_4544,Fixed Deposit,1874165.74,30-03-2024
ACC_7259,CID_4545,Recurring Deposit,230018.78,15-09-2023
ACC_7260,CID_4546,Saving,33921.62,04-09-2021
ACC_7261,CID_4547,Saving,236735.14,19-07-2024
ACC_7262,CID_4548,Saving,182918.58,13-06-2022
ACC_7263,CID_4549,Recurring Deposit,349659.67,03-11-2025
ACC_7264,CID_4550,Recurring Deposit,197959.05,11-10-2025
ACC_7265,CID_4551,Saving,99158.33,26-02-2023
ACC_7266,CID_4551,Current,407589.15,26-02-2023
ACC_7267,CID_4551,Demat,443320.85,26-02-2023
ACC_7268,CID_4552,Saving,28649.52,03-10-2021
ACC_7269,CID_4553,Recurring Deposit,420664.76,29-09-2025
ACC_7270,CID_4554,Fixed Deposit,641235.92,06-01-2024
ACC_7271,CID_4555,Saving,188308.15,12-09-2025
ACC_7272,CID_4556,Recurring Deposit,12447.54,27-02-2022
ACC_7273,CID_4557,Fixed Deposit,2705884.16,19-01-2026
ACC_7274,CID_4558,Recurring Deposit,43811.19,14-01-2024
ACC_7275,CID_4559,Recurring Deposit,320417.38,27-06-2022
ACC_7276,CID_4560,Saving,71867.05,29-07-2025
ACC_7277,CID_4560,Current,435431.06,29-07-2025
ACC_7278,CID_4560,Demat,1832382.54,29-07-2025
ACC_7279,CID_4561,Recurring Deposit,458696.22,19-09-2023
ACC_7280,CID_4562,Recurring Deposit,57748.59,21-06-2022
ACC_7281,CID_4563,Saving,155597.09,25-02-2022
ACC_7282,CID_4563,Current,763834.16,25-02-2022
ACC_7283,CID_4563,Demat,191695.52,25-02-2022
ACC_7284,CID_4564,Saving,163444.43,19-06-2022
ACC_7285,CID_4565,Saving,224781.04,24-10-2023
ACC_7286,CID_4565,Current,292481.74,24-10-2023
ACC_7287,CID_4565,Demat,223900.26,24-10-2023
ACC_7288,CID_4566,Saving,172885.32,15-11-2021
ACC_7289,CID_4566,Current,708773.21,15-11-2021
ACC_7290,CID_4566,Demat,124728.67,15-11-2021
ACC_7291,CID_4567,Saving,183570.22,12-05-2024
ACC_7292,CID_4568,Recurring Deposit,18825.44,27-12-2021
ACC_7293,CID_4569,Saving,15828.24,13-05-2019
ACC_7294,CID_4570,Saving,223459.39,24-06-2022
ACC_7295,CID_4571,Saving,82878.1,30-05-2020
ACC_7296,CID_4572,Saving,129005.37,24-05-2020
ACC_7297,CID_4573,Saving,114791.33,08-11-2024
ACC_7298,CID_4573,Current,352911.35,08-11-2024
ACC_7299,CID_4573,Demat,104627.67,08-11-2024
ACC_7300,CID_4574,Saving,3499.55,26-10-2025
ACC_7301,CID_4574,Current,922252.22,26-10-2025
ACC_7302,CID_4574,Demat,1035057.65,26-10-2025
ACC_7303,CID_4575,Saving,122021.04,05-04-2023
ACC_7304,CID_4576,Saving,240535.62,27-07-2020
ACC_7305,CID_4577,Saving,222200.03,06-08-2021
ACC_7306,CID_4577,Current,790519.51,06-08-2021
ACC_7307,CID_4577,Demat,1315830.62,06-08-2021
ACC_7308,CID_4578,Saving,173631.76,08-12-2020
ACC_7309,CID_4578,Current,646192.2,08-12-2020
ACC_7310,CID_4578,Demat,412390.84,08-12-2020
ACC_7311,CID_4579,Saving,27122.42,02-11-2018
ACC_7312,CID_4580,Saving,245247.68,24-05-2021
ACC_7313,CID_4580,Current,517841.73,24-05-2021
ACC_7314,CID_4580,Demat,847678.29,24-05-2021
ACC_7315,CID_4581,Saving,117770.69,27-05-2019
ACC_7316,CID_4581,Current,831772.89,27-05-2019
ACC_7317,CID_4581,Demat,879888.76,27-05-2019
ACC_7318,CID_4582,Saving,50201.95,24-01-2020
ACC_7319,CID_4583,Fixed Deposit,3599891.61,01-12-2025
ACC_7320,CID_4584,Saving,52241.15,29-08-2024
ACC_7321,CID_4585,Saving,17209.97,11-05-2025
ACC_7322,CID_4586,Saving,37912.82,07-11-2025
ACC_7323,CID_4587,Recurring Deposit,493707.06,05-09-2023
ACC_7324,CID_4588,Fixed Deposit,2550807.51,11-10-2023
ACC_7325,CID_4589,Saving,100344.85,29-12-2023
ACC_7326,CID_4589,Current,142884.24,29-12-2023
ACC_7327,CID_4589,Demat,938908.53,29-12-2023
ACC_7328,CID_4590,Saving,170489.2,24-10-2021
ACC_7329,CID_4591,Saving,137239.23,02-11-2025
ACC_7330,CID_4592,Fixed Deposit,3884075.4,12-10-2020
ACC_7331,CID_4593,Saving,129101.89,23-02-2023
ACC_7332,CID_4593,Current,205304.04,23-02-2023
ACC_7333,CID_4593,Demat,1802395.53,23-02-2023
ACC_7334,CID_4594,Fixed Deposit,2155687.53,22-07-2025
ACC_7335,CID_4595,Saving,17873.28,21-12-2022
ACC_7336,CID_4596,Saving,31882.59,18-11-2024
ACC_7337,CID_4597,Saving,27070.59,28-02-2026
ACC_7338,CID_4598,Saving,204637.02,23-10-2025
ACC_7339,CID_4599,Saving,231002.5,23-09-2025
ACC_7340,CID_4600,Saving,114441.65,02-02-2025
ACC_7341,CID_4600,Current,828822.73,02-02-2025
ACC_7342,CID_4600,Demat,1113361.92,02-02-2025
ACC_7343,CID_4601,Saving,119041.4,18-10-2022
ACC_7344,CID_4601,Current,456424.66,18-10-2022
ACC_7345,CID_4601,Demat,1495056.48,18-10-2022
ACC_7346,CID_4602,Saving,73476.11,16-10-2023
ACC_7347,CID_4603,Recurring Deposit,326584.14,18-06-2025
ACC_7348,CID_4604,Fixed Deposit,316777.8,23-07-2018
ACC_7349,CID_4605,Saving,206906.44,30-09-2018
ACC_7350,CID_4606,Saving,74153.22,23-10-2018
ACC_7351,CID_4606,Current,290977.13,23-10-2018
ACC_7352,CID_4606,Demat,437129.63,23-10-2018
ACC_7353,CID_4607,Saving,184845.41,12-02-2024
ACC_7354,CID_4607,Current,483945.04,12-02-2024
ACC_7355,CID_4607,Demat,1644193.3,12-02-2024
ACC_7356,CID_4608,Saving,154951.37,18-12-2024
ACC_7357,CID_4609,Recurring Deposit,315817.51,20-01-2023
ACC_7358,CID_4610,Saving,177589.28,23-04-2020
ACC_7359,CID_4611,Saving,192531.48,04-01-2025
ACC_7360,CID_4612,Recurring Deposit,361991.28,14-06-2019
ACC_7361,CID_4613,Saving,72249.23,03-03-2024
ACC_7362,CID_4614,Saving,153940.82,01-05-2023
ACC_7363,CID_4614,Current,367278.85,01-05-2023
ACC_7364,CID_4614,Demat,327146.38,01-05-2023
ACC_7365,CID_4615,Saving,95275.54,19-02-2020
ACC_7366,CID_4615,Current,712933.83,19-02-2020
ACC_7367,CID_4615,Demat,396571.94,19-02-2020
ACC_7368,CID_4616,Fixed Deposit,919671.84,27-02-2025
ACC_7369,CID_4617,Saving,190179.64,08-06-2025
ACC_7370,CID_4618,Saving,5802.17,07-07-2021
ACC_7371,CID_4619,Saving,61190.04,26-11-2021
ACC_7372,CID_4619,Current,51018.78,26-11-2021
ACC_7373,CID_4619,Demat,232465.23,26-11-2021
ACC_7374,CID_4620,Saving,29015.2,26-12-2024
ACC_7375,CID_4620,Current,907965.03,26-12-2024
ACC_7376,CID_4620,Demat,660862.24,26-12-2024
ACC_7377,CID_4621,Saving,99542.87,03-12-2020
ACC_7378,CID_4622,Saving,8657.83,29-11-2024
ACC_7379,CID_4623,Saving,143169.24,14-06-2018
ACC_7380,CID_4623,Current,209725.97,14-06-2018
ACC_7381,CID_4623,Demat,527000.09,14-06-2018
ACC_7382,CID_4624,Saving,114200.72,29-07-2019
ACC_7383,CID_4624,Current,556749.3,29-07-2019
ACC_7384,CID_4624,Demat,1708511.92,29-07-2019
ACC_7385,CID_4625,Saving,178575.64,27-09-2022
ACC_7386,CID_4626,Saving,47129.32,23-01-2025
ACC_7387,CID_4627,Saving,23276.78,11-12-2020
ACC_7388,CID_4628,Saving,242589.65,27-02-2021
ACC_7389,CID_4628,Current,711169.67,27-02-2021
ACC_7390,CID_4628,Demat,1848633.71,27-02-2021
ACC_7391,CID_4629,Saving,71265.98,19-02-2024
ACC_7392,CID_4629,Current,831922.65,19-02-2024
ACC_7393,CID_4629,Demat,1625564.52,19-02-2024
ACC_7394,CID_4630,Saving,235631.61,28-12-2022
ACC_7395,CID_4631,Fixed Deposit,2044264.09,25-10-2025
ACC_7396,CID_4632,Saving,77939.3,17-03-2024
ACC_7397,CID_4633,Fixed Deposit,2965300.75,05-07-2021
ACC_7398,CID_4634,Saving,1152.12,20-09-2022
ACC_7399,CID_4635,Saving,183792.04,02-02-2026
ACC_7400,CID_4636,Recurring Deposit,332371.34,16-12-2019
ACC_7401,CID_4637,Saving,197582.73,03-04-2024
ACC_7402,CID_4638,Saving,191539.69,20-03-2018
ACC_7403,CID_4639,Saving,219414.2,25-06-2023
ACC_7404,CID_4640,Recurring Deposit,439675.02,11-06-2018
ACC_7405,CID_4641,Recurring Deposit,422662.86,03-12-2022
ACC_7406,CID_4642,Recurring Deposit,416470.39,07-12-2022
ACC_7407,CID_4643,Recurring Deposit,29375.35,16-11-2018
ACC_7408,CID_4644,Saving,131817.68,26-02-2025
ACC_7409,CID_4645,Saving,111120.14,09-08-2024
ACC_7410,CID_4646,Saving,213475.17,09-07-2020
ACC_7411,CID_4647,Saving,131918.47,11-07-2021
ACC_7412,CID_4647,Current,982414.82,11-07-2021
ACC_7413,CID_4647,Demat,465128.73,11-07-2021
ACC_7414,CID_4648,Saving,235859.62,01-09-2025
ACC_7415,CID_4649,Saving,13117.8,26-04-2020
ACC_7416,CID_4649,Current,739855.49,26-04-2020
ACC_7417,CID_4649,Demat,103491.03,26-04-2020
ACC_7418,CID_4650,Saving,104581.19,30-11-2025
ACC_7419,CID_4651,Saving,98780.07,22-11-2022
ACC_7420,CID_4652,Saving,128205.31,01-02-2021
ACC_7421,CID_4652,Current,810963.72,01-02-2021
ACC_7422,CID_4652,Demat,284959.41,01-02-2021
ACC_7423,CID_4653,Saving,17161.57,19-05-2022
ACC_7424,CID_4654,Recurring Deposit,349006.38,29-06-2022
ACC_7425,CID_4655,Saving,87196.91,31-01-2024
ACC_7426,CID_4656,Saving,215859.46,30-07-2023
ACC_7427,CID_4656,Current,89188.67,30-07-2023
ACC_7428,CID_4656,Demat,1959058.95,30-07-2023
ACC_7429,CID_4657,Fixed Deposit,1230089.37,09-04-2024
ACC_7430,CID_4658,Saving,232502.21,20-08-2018
ACC_7431,CID_4658,Current,605055.62,20-08-2018
ACC_7432,CID_4658,Demat,1239374.07,20-08-2018
ACC_7433,CID_4659,Saving,246865.14,16-08-2018
ACC_7434,CID_4660,Saving,58578.74,09-05-2021
ACC_7435,CID_4661,Saving,7681.02,25-10-2023
ACC_7436,CID_4661,Current,728744.8,25-10-2023
ACC_7437,CID_4661,Demat,814044.41,25-10-2023
ACC_7438,CID_4662,Saving,172674.74,10-09-2021
ACC_7439,CID_4662,Current,99195.32,10-09-2021
ACC_7440,CID_4662,Demat,993003.01,10-09-2021
ACC_7441,CID_4663,Recurring Deposit,405435.19,04-12-2024
ACC_7442,CID_4664,Saving,136414.36,15-10-2025
ACC_7443,CID_4665,Saving,6631.41,23-10-2025
ACC_7444,CID_4665,Current,728981.01,23-10-2025
ACC_7445,CID_4665,Demat,796041.96,23-10-2025
ACC_7446,CID_4666,Fixed Deposit,867768.85,29-01-2019
ACC_7447,CID_4667,Saving,108347.72,18-11-2022
ACC_7448,CID_4667,Current,444409.37,18-11-2022
ACC_7449,CID_4667,Demat,1662451.03,18-11-2022
ACC_7450,CID_4668,Recurring Deposit,98163.4,09-07-2025
ACC_7451,CID_4669,Fixed Deposit,4947657.38,30-10-2019
ACC_7452,CID_4670,Saving,160385.55,03-10-2023
ACC_7453,CID_4671,Recurring Deposit,290809.3,18-11-2023
ACC_7454,CID_4672,Saving,34326.98,29-06-2024
ACC_7455,CID_4673,Saving,38497.33,08-12-2021
ACC_7456,CID_4674,Saving,124253.39,02-10-2023
ACC_7457,CID_4674,Current,297089.43,02-10-2023
ACC_7458,CID_4674,Demat,1100344.02,02-10-2023
ACC_7459,CID_4675,Recurring Deposit,266568.34,20-08-2024
ACC_7460,CID_4676,Saving,177790.33,24-09-2025
ACC_7461,CID_4677,Saving,110483.78,06-05-2022
ACC_7462,CID_4677,Current,892049.68,06-05-2022
ACC_7463,CID_4677,Demat,1562513.36,06-05-2022
ACC_7464,CID_4678,Saving,145886.73,18-11-2018
ACC_7465,CID_4678,Current,572085.51,18-11-2018
ACC_7466,CID_4678,Demat,1907027.78,18-11-2018
ACC_7467,CID_4679,Recurring Deposit,176108.52,21-01-2023
ACC_7468,CID_4680,Saving,110629.6,15-01-2023
ACC_7469,CID_4680,Current,648638.88,15-01-2023
ACC_7470,CID_4680,Demat,1683819.46,15-01-2023
ACC_7471,CID_4681,Saving,218322.85,02-11-2023
ACC_7472,CID_4682,Recurring Deposit,92634.2,28-08-2018
ACC_7473,CID_4683,Saving,130951.82,14-02-2023
ACC_7474,CID_4684,Fixed Deposit,1754408.04,26-09-2023
ACC_7475,CID_4685,Saving,4656.75,15-04-2019
ACC_7476,CID_4686,Saving,25868,31-01-2018
ACC_7477,CID_4687,Saving,3791.59,19-03-2019
ACC_7478,CID_4687,Current,644102.26,19-03-2019
ACC_7479,CID_4687,Demat,785892.93,19-03-2019
ACC_7480,CID_4688,Saving,69171.64,09-06-2023
ACC_7481,CID_4688,Current,572049.04,09-06-2023
ACC_7482,CID_4688,Demat,1938233.15,09-06-2023
ACC_7483,CID_4689,Recurring Deposit,75468.2,05-06-2019
ACC_7484,CID_4690,Recurring Deposit,204629.08,15-07-2018
ACC_7485,CID_4691,Saving,96418.22,01-09-2019
ACC_7486,CID_4692,Saving,238080.29,19-11-2022
ACC_7487,CID_4692,Current,639299.71,19-11-2022
ACC_7488,CID_4692,Demat,44526.86,19-11-2022
ACC_7489,CID_4693,Saving,43603.89,14-08-2022
ACC_7490,CID_4693,Current,385509.82,14-08-2022
ACC_7491,CID_4693,Demat,1422618.39,14-08-2022
ACC_7492,CID_4694,Recurring Deposit,226164.92,16-04-2023
ACC_7493,CID_4695,Saving,183826.87,12-10-2022
ACC_7494,CID_4695,Current,288992.09,12-10-2022
ACC_7495,CID_4695,Demat,54640.81,12-10-2022
ACC_7496,CID_4696,Recurring Deposit,46918.83,30-10-2024
ACC_7497,CID_4697,Saving,166004.65,18-10-2020
ACC_7498,CID_4698,Saving,102297.68,20-03-2025
ACC_7499,CID_4698,Current,777195.82,20-03-2025
ACC_7500,CID_4698,Demat,994595.42,20-03-2025
ACC_7501,CID_4699,Saving,225852.92,26-10-2025
ACC_7502,CID_4700,Saving,234966.2,25-10-2024
ACC_7503,CID_4701,Recurring Deposit,141063.01,07-07-2023
ACC_7504,CID_4702,Recurring Deposit,268693.13,07-02-2025
ACC_7505,CID_4703,Fixed Deposit,1001146.98,20-10-2025
ACC_7506,CID_4704,Saving,196743.95,02-11-2019
ACC_7507,CID_4704,Current,562002.77,02-11-2019
ACC_7508,CID_4704,Demat,1713018.51,02-11-2019
ACC_7509,CID_4705,Recurring Deposit,215050.8,10-09-2019
ACC_7510,CID_4706,Saving,108827.06,12-04-2024
ACC_7511,CID_4707,Saving,38987.24,08-03-2023
ACC_7512,CID_4708,Saving,91547.19,02-12-2020
ACC_7513,CID_4708,Current,471528.55,02-12-2020
ACC_7514,CID_4708,Demat,1849001.75,02-12-2020
ACC_7515,CID_4709,Saving,40187.49,11-01-2023
ACC_7516,CID_4709,Current,883937.94,11-01-2023
ACC_7517,CID_4709,Demat,819983.82,11-01-2023
ACC_7518,CID_4710,Recurring Deposit,324765.12,21-12-2018
ACC_7519,CID_4711,Recurring Deposit,215881.16,17-07-2024
ACC_7520,CID_4712,Fixed Deposit,168052.07,27-09-2022
ACC_7521,CID_4713,Saving,200027.61,24-10-2021
ACC_7522,CID_4713,Current,361816.97,24-10-2021
ACC_7523,CID_4713,Demat,1442858.28,24-10-2021
ACC_7524,CID_4714,Saving,116138.53,25-05-2018
ACC_7525,CID_4715,Saving,49669.9,29-10-2025
ACC_7526,CID_4716,Saving,11896.76,02-11-2024
ACC_7527,CID_4717,Fixed Deposit,2455211.58,29-07-2025
ACC_7528,CID_4718,Saving,197223.01,08-02-2025
ACC_7529,CID_4719,Saving,242388.7,05-08-2021
ACC_7530,CID_4719,Current,5782.39,05-08-2021
ACC_7531,CID_4719,Demat,1126645.13,05-08-2021
ACC_7532,CID_4720,Saving,34857.96,26-04-2021
ACC_7533,CID_4720,Current,559535.51,26-04-2021
ACC_7534,CID_4720,Demat,705572.39,26-04-2021
ACC_7535,CID_4721,Saving,33597.49,04-02-2022
ACC_7536,CID_4721,Current,697504.73,04-02-2022
ACC_7537,CID_4721,Demat,14706.81,04-02-2022
ACC_7538,CID_4722,Saving,140800.58,23-11-2024
ACC_7539,CID_4723,Saving,57130.47,25-01-2019
ACC_7540,CID_4723,Current,65665.45,25-01-2019
ACC_7541,CID_4723,Demat,1818167.16,25-01-2019
ACC_7542,CID_4724,Recurring Deposit,336495.49,22-08-2025
ACC_7543,CID_4725,Saving,123121.97,01-11-2021
ACC_7544,CID_4725,Current,858614.02,01-11-2021
ACC_7545,CID_4725,Demat,1518072.72,01-11-2021
ACC_7546,CID_4726,Recurring Deposit,452918.17,01-06-2023
ACC_7547,CID_4727,Saving,164376.68,21-03-2023
ACC_7548,CID_4728,Saving,248442.8,10-11-2024
ACC_7549,CID_4728,Current,167702.95,10-11-2024
ACC_7550,CID_4728,Demat,719149.6,10-11-2024
ACC_7551,CID_4729,Saving,138064.49,30-09-2025
ACC_7552,CID_4729,Current,840652.28,30-09-2025
ACC_7553,CID_4729,Demat,763706.82,30-09-2025
ACC_7554,CID_4730,Saving,28196.87,20-10-2019
ACC_7555,CID_4730,Current,52061.45,20-10-2019
ACC_7556,CID_4730,Demat,730137.36,20-10-2019
ACC_7557,CID_4731,Saving,169385.82,16-06-2024
ACC_7558,CID_4732,Recurring Deposit,130512.49,24-04-2020
ACC_7559,CID_4733,Recurring Deposit,454519.67,27-01-2025
ACC_7560,CID_4734,Saving,81382.64,11-10-2020
ACC_7561,CID_4735,Saving,86333,06-09-2021
ACC_7562,CID_4736,Saving,172315.12,21-09-2023
ACC_7563,CID_4737,Saving,118739.62,03-11-2022
ACC_7564,CID_4738,Recurring Deposit,124477.92,18-02-2020
ACC_7565,CID_4739,Recurring Deposit,71058.21,23-06-2021
ACC_7566,CID_4740,Saving,207698.61,02-04-2025
ACC_7567,CID_4741,Recurring Deposit,434874.51,17-02-2021
ACC_7568,CID_4742,Recurring Deposit,87726.12,05-04-2018
ACC_7569,CID_4743,Saving,30072.81,01-01-2019
ACC_7570,CID_4744,Saving,147494.28,02-10-2025
ACC_7571,CID_4745,Saving,58893.32,27-11-2018
ACC_7572,CID_4745,Current,603903.84,27-11-2018
ACC_7573,CID_4745,Demat,865817.28,27-11-2018
ACC_7574,CID_4746,Saving,149629.36,25-12-2025
ACC_7575,CID_4747,Saving,123770.92,14-09-2021
ACC_7576,CID_4747,Current,60256.99,14-09-2021
ACC_7577,CID_4747,Demat,674495.74,14-09-2021
ACC_7578,CID_4748,Saving,36138.25,05-06-2023
ACC_7579,CID_4749,Saving,181031.95,24-11-2023
ACC_7580,CID_4749,Current,441272.49,24-11-2023
ACC_7581,CID_4749,Demat,1355014.05,24-11-2023
ACC_7582,CID_4750,Saving,70459.06,20-07-2020
ACC_7583,CID_4751,Saving,139235.33,18-08-2025
ACC_7584,CID_4751,Current,957312.46,18-08-2025
ACC_7585,CID_4751,Demat,620610.05,18-08-2025
ACC_7586,CID_4752,Saving,38487.28,16-10-2021
ACC_7587,CID_4753,Recurring Deposit,200968.19,05-02-2022
ACC_7588,CID_4754,Saving,170040.71,16-05-2025
ACC_7589,CID_4754,Current,553424.06,16-05-2025
ACC_7590,CID_4754,Demat,1571939.43,16-05-2025
ACC_7591,CID_4755,Saving,118109.47,30-09-2020
ACC_7592,CID_4756,Saving,151791.44,08-05-2022
ACC_7593,CID_4757,Saving,83143.24,25-05-2024
ACC_7594,CID_4758,Saving,65060.82,15-10-2021
ACC_7595,CID_4759,Saving,176958.37,01-02-2024
ACC_7596,CID_4759,Current,647249.86,01-02-2024
ACC_7597,CID_4759,Demat,501219.53,01-02-2024
ACC_7598,CID_4760,Fixed Deposit,431936.58,25-03-2024
ACC_7599,CID_4761,Saving,214010.56,26-08-2019
ACC_7600,CID_4761,Current,664807.97,26-08-2019
ACC_7601,CID_4761,Demat,1172585.24,26-08-2019
ACC_7602,CID_4762,Recurring Deposit,161025.93,18-03-2020
ACC_7603,CID_4763,Recurring Deposit,474413.15,29-04-2020
ACC_7604,CID_4764,Saving,97761.8,04-11-2019
ACC_7605,CID_4764,Current,782477,04-11-2019
ACC_7606,CID_4764,Demat,682765.39,04-11-2019
ACC_7607,CID_4765,Saving,214379.66,07-07-2019
ACC_7608,CID_4766,Saving,171484.43,19-11-2023
ACC_7609,CID_4767,Saving,122548.36,21-07-2025
ACC_7610,CID_4768,Saving,137711.25,16-11-2021
ACC_7611,CID_4769,Saving,80904.62,08-03-2025
ACC_7612,CID_4770,Saving,121269.57,28-03-2024
ACC_7613,CID_4771,Saving,141437.57,16-06-2022
ACC_7614,CID_4772,Saving,73358.37,22-08-2025
ACC_7615,CID_4773,Saving,182384.42,08-11-2023
ACC_7616,CID_4773,Current,373786.95,08-11-2023
ACC_7617,CID_4773,Demat,397011.01,08-11-2023
ACC_7618,CID_4774,Saving,202311.7,21-11-2023
ACC_7619,CID_4775,Recurring Deposit,189264.58,06-05-2022
ACC_7620,CID_4776,Recurring Deposit,306845.99,31-12-2025
ACC_7621,CID_4777,Saving,86881.92,24-04-2019
ACC_7622,CID_4777,Current,56234.93,24-04-2019
ACC_7623,CID_4777,Demat,1190918.44,24-04-2019
ACC_7624,CID_4778,Fixed Deposit,245682.16,22-11-2018
ACC_7625,CID_4779,Saving,195327.34,30-03-2020
ACC_7626,CID_4780,Saving,115079.94,20-05-2018
ACC_7627,CID_4781,Saving,17667.45,23-09-2022
ACC_7628,CID_4781,Current,711272.4,23-09-2022
ACC_7629,CID_4781,Demat,296660.33,23-09-2022
ACC_7630,CID_4782,Saving,24516.44,18-05-2021
ACC_7631,CID_4782,Current,76441.46,18-05-2021
ACC_7632,CID_4782,Demat,490955.92,18-05-2021
ACC_7633,CID_4783,Saving,18381.9,16-07-2024
ACC_7634,CID_4784,Saving,94136.59,26-08-2025
ACC_7635,CID_4785,Saving,40340.93,01-12-2019
ACC_7636,CID_4786,Saving,134086.59,25-12-2024
ACC_7637,CID_4787,Saving,199125.51,28-12-2024
ACC_7638,CID_4787,Current,174638.81,28-12-2024
ACC_7639,CID_4787,Demat,1543041.73,28-12-2024
ACC_7640,CID_4788,Saving,188189.1,27-05-2021
ACC_7641,CID_4789,Saving,181054.37,26-08-2020
ACC_7642,CID_4789,Current,637537.73,26-08-2020
ACC_7643,CID_4789,Demat,448415.93,26-08-2020
ACC_7644,CID_4790,Saving,141552.4,10-01-2025
ACC_7645,CID_4791,Saving,247594.11,02-11-2024
ACC_7646,CID_4792,Saving,127815.04,05-10-2020
ACC_7647,CID_4793,Saving,107388.46,20-02-2024
ACC_7648,CID_4793,Current,185003.06,20-02-2024
ACC_7649,CID_4793,Demat,90269.78,20-02-2024
ACC_7650,CID_4794,Saving,179459.21,16-02-2022
ACC_7651,CID_4795,Saving,114459.63,09-06-2023
ACC_7652,CID_4796,Recurring Deposit,435809.4,28-07-2023
ACC_7653,CID_4797,Saving,133516.67,23-09-2020
ACC_7654,CID_4797,Current,607049.49,23-09-2020
ACC_7655,CID_4797,Demat,212878.12,23-09-2020
ACC_7656,CID_4798,Saving,20691.28,02-09-2020
ACC_7657,CID_4799,Saving,155742.84,14-02-2020
ACC_7658,CID_4800,Saving,65255.66,23-08-2021
ACC_7659,CID_4800,Current,364005.26,23-08-2021
ACC_7660,CID_4800,Demat,1212988.3,23-08-2021
ACC_7661,CID_4801,Saving,97676.58,29-08-2023
ACC_7662,CID_4802,Saving,113653.12,18-01-2021
ACC_7663,CID_4803,Saving,183723.21,12-08-2023
ACC_7664,CID_4804,Saving,169094.55,30-10-2023
ACC_7665,CID_4804,Current,500975.46,30-10-2023
ACC_7666,CID_4804,Demat,1501416.69,30-10-2023
ACC_7667,CID_4805,Saving,27084.66,02-07-2018
ACC_7668,CID_4806,Fixed Deposit,2724074.94,19-09-2025
ACC_7669,CID_4807,Saving,123857.51,22-10-2018
ACC_7670,CID_4807,Current,459307.62,22-10-2018
ACC_7671,CID_4807,Demat,395216.38,22-10-2018
ACC_7672,CID_4808,Saving,71980.63,15-04-2023
ACC_7673,CID_4808,Current,992760.24,15-04-2023
ACC_7674,CID_4808,Demat,335917.16,15-04-2023
ACC_7675,CID_4809,Saving,179488.33,29-11-2022
ACC_7676,CID_4810,Recurring Deposit,151661.03,15-11-2022
ACC_7677,CID_4811,Saving,123812.65,24-09-2024
ACC_7678,CID_4811,Current,205588.73,24-09-2024
ACC_7679,CID_4811,Demat,440732.63,24-09-2024
ACC_7680,CID_4812,Saving,18368.78,03-03-2025
ACC_7681,CID_4812,Current,457621.72,03-03-2025
ACC_7682,CID_4812,Demat,1559374.9,03-03-2025
ACC_7683,CID_4813,Saving,156739.26,09-06-2021
ACC_7684,CID_4813,Current,103163.83,09-06-2021
ACC_7685,CID_4813,Demat,375209.81,09-06-2021
ACC_7686,CID_4814,Saving,150440.89,22-08-2023
ACC_7687,CID_4814,Current,990359.62,22-08-2023
ACC_7688,CID_4814,Demat,1475558.32,22-08-2023
ACC_7689,CID_4815,Saving,210508.87,22-09-2025
ACC_7690,CID_4816,Recurring Deposit,283122.91,23-02-2024
ACC_7691,CID_4817,Saving,121017.55,29-03-2025
ACC_7692,CID_4817,Current,22825.63,29-03-2025
ACC_7693,CID_4817,Demat,757921.89,29-03-2025
ACC_7694,CID_4818,Saving,135550.28,04-08-2020
ACC_7695,CID_4819,Fixed Deposit,1146908.34,05-01-2023
ACC_7696,CID_4820,Saving,86456.59,26-03-2025
ACC_7697,CID_4821,Recurring Deposit,493927.79,26-06-2022
ACC_7698,CID_4822,Recurring Deposit,241794.57,01-11-2019
ACC_7699,CID_4823,Saving,149778.37,16-03-2024
ACC_7700,CID_4823,Current,280879.39,16-03-2024
ACC_7701,CID_4823,Demat,92143.61,16-03-2024
ACC_7702,CID_4824,Recurring Deposit,343110.03,09-03-2025
ACC_7703,CID_4825,Recurring Deposit,85999.1,05-02-2021
ACC_7704,CID_4826,Saving,120213.65,04-07-2019
ACC_7705,CID_4826,Current,519075.29,04-07-2019
ACC_7706,CID_4826,Demat,45742.39,04-07-2019
ACC_7707,CID_4827,Recurring Deposit,386565.69,11-06-2019
ACC_7708,CID_4828,Fixed Deposit,2407487.77,27-11-2023
ACC_7709,CID_4829,Saving,153399.08,23-11-2022
ACC_7710,CID_4829,Current,790268.6,23-11-2022
ACC_7711,CID_4829,Demat,1455721.93,23-11-2022
ACC_7712,CID_4830,Recurring Deposit,447300.62,22-03-2025
ACC_7713,CID_4831,Recurring Deposit,29383.23,28-12-2022
ACC_7714,CID_4832,Saving,28039.52,05-06-2025
ACC_7715,CID_4833,Saving,104668.48,25-09-2022
ACC_7716,CID_4834,Recurring Deposit,331791.88,26-08-2024
ACC_7717,CID_4835,Saving,123382.75,04-01-2024
ACC_7718,CID_4836,Saving,239413.42,28-02-2024
ACC_7719,CID_4836,Current,706859.3,28-02-2024
ACC_7720,CID_4836,Demat,815732.66,28-02-2024
ACC_7721,CID_4837,Saving,23982.54,13-02-2020
ACC_7722,CID_4838,Fixed Deposit,2248670.37,23-06-2021
ACC_7723,CID_4839,Saving,76619.53,29-06-2020
ACC_7724,CID_4840,Saving,228507.06,20-12-2022
ACC_7725,CID_4840,Current,507609.46,20-12-2022
ACC_7726,CID_4840,Demat,181916.52,20-12-2022
ACC_7727,CID_4841,Saving,147699.37,10-09-2024
ACC_7728,CID_4842,Saving,98294.98,01-10-2025
ACC_7729,CID_4842,Current,978051.76,01-10-2025
ACC_7730,CID_4842,Demat,337545.88,01-10-2025
ACC_7731,CID_4843,Saving,160928.98,23-10-2022
ACC_7732,CID_4844,Saving,106791.55,07-02-2024
ACC_7733,CID_4845,Fixed Deposit,3481080.64,19-08-2023
ACC_7734,CID_4846,Saving,200717.69,21-02-2020
ACC_7735,CID_4847,Saving,30573.32,28-08-2025
ACC_7736,CID_4847,Current,837740.99,28-08-2025
ACC_7737,CID_4847,Demat,158379.07,28-08-2025
ACC_7738,CID_4848,Saving,67306.34,01-03-2018
ACC_7739,CID_4848,Current,37594.33,01-03-2018
ACC_7740,CID_4848,Demat,1696530.02,01-03-2018
ACC_7741,CID_4849,Recurring Deposit,122093.63,07-12-2019
ACC_7742,CID_4850,Saving,89635.66,18-06-2021
ACC_7743,CID_4850,Current,296557.68,18-06-2021
ACC_7744,CID_4850,Demat,1034197.61,18-06-2021
ACC_7745,CID_4851,Saving,105563.94,17-10-2020
ACC_7746,CID_4852,Saving,229308.78,07-05-2022
ACC_7747,CID_4852,Current,548610.55,07-05-2022
ACC_7748,CID_4852,Demat,1662575.74,07-05-2022
ACC_7749,CID_4853,Saving,183263.21,09-12-2024
ACC_7750,CID_4854,Saving,36802.23,16-05-2024
ACC_7751,CID_4854,Current,322834.49,16-05-2024
ACC_7752,CID_4854,Demat,1922342.8,16-05-2024
ACC_7753,CID_4855,Recurring Deposit,35800.18,08-07-2021
ACC_7754,CID_4856,Saving,46471.9,27-09-2021
ACC_7755,CID_4856,Current,558093.82,27-09-2021
ACC_7756,CID_4856,Demat,1756944.09,27-09-2021
ACC_7757,CID_4857,Recurring Deposit,211064.95,31-08-2023
ACC_7758,CID_4858,Saving,175952.15,01-07-2023
ACC_7759,CID_4858,Current,183014.96,01-07-2023
ACC_7760,CID_4858,Demat,379799.89,01-07-2023
ACC_7761,CID_4859,Saving,58701.11,15-10-2024
ACC_7762,CID_4860,Saving,64922.9,02-06-2021
ACC_7763,CID_4860,Current,824989.79,02-06-2021
ACC_7764,CID_4860,Demat,1448039.14,02-06-2021
ACC_7765,CID_4861,Saving,78830.84,09-05-2018
ACC_7766,CID_4862,Saving,223741.7,15-07-2021
ACC_7767,CID_4863,Saving,130568.45,28-09-2020
ACC_7768,CID_4863,Current,737141.5,28-09-2020
ACC_7769,CID_4863,Demat,1551464.29,28-09-2020
ACC_7770,CID_4864,Recurring Deposit,348186,05-08-2019
ACC_7771,CID_4865,Saving,197170.85,12-10-2024
ACC_7772,CID_4865,Current,538840.95,12-10-2024
ACC_7773,CID_4865,Demat,275544.66,12-10-2024
ACC_7774,CID_4866,Saving,246325.24,16-03-2023
ACC_7775,CID_4866,Current,611667.68,16-03-2023
ACC_7776,CID_4866,Demat,1733156.09,16-03-2023
ACC_7777,CID_4867,Saving,159194.76,04-09-2022
ACC_7778,CID_4868,Saving,236454.16,07-08-2019
ACC_7779,CID_4868,Current,925803.55,07-08-2019
ACC_7780,CID_4868,Demat,839981.41,07-08-2019
ACC_7781,CID_4869,Saving,219397.53,11-10-2018
ACC_7782,CID_4869,Current,216576.84,11-10-2018
ACC_7783,CID_4869,Demat,1245291.6,11-10-2018
ACC_7784,CID_4870,Saving,173256.44,13-01-2021
ACC_7785,CID_4871,Saving,56977.55,28-12-2024
ACC_7786,CID_4872,Saving,230010.47,09-07-2025
ACC_7787,CID_4872,Current,306324.28,09-07-2025
ACC_7788,CID_4872,Demat,1302660.21,09-07-2025
ACC_7789,CID_4873,Saving,212820.5,26-06-2021
ACC_7790,CID_4873,Current,271102.46,26-06-2021
ACC_7791,CID_4873,Demat,1378249.15,26-06-2021
ACC_7792,CID_4874,Saving,202439.83,19-11-2024
ACC_7793,CID_4874,Current,412382.9,19-11-2024
ACC_7794,CID_4874,Demat,1825163.62,19-11-2024
ACC_7795,CID_4875,Saving,78511.48,27-11-2019
ACC_7796,CID_4875,Current,901885.63,27-11-2019
ACC_7797,CID_4875,Demat,192818.38,27-11-2019
ACC_7798,CID_4876,Fixed Deposit,1458044.49,08-01-2022
ACC_7799,CID_4877,Recurring Deposit,436434.96,24-01-2022
ACC_7800,CID_4878,Recurring Deposit,16377.85,06-01-2020
ACC_7801,CID_4879,Recurring Deposit,184560,19-02-2023
ACC_7802,CID_4880,Saving,175537.16,10-05-2025
ACC_7803,CID_4881,Saving,106736.27,23-11-2024
ACC_7804,CID_4882,Saving,247428.5,25-08-2024
ACC_7805,CID_4883,Saving,71609.28,29-08-2025
ACC_7806,CID_4884,Saving,48505.18,15-12-2018
ACC_7807,CID_4884,Current,539612.55,15-12-2018
ACC_7808,CID_4884,Demat,1414829.14,15-12-2018
ACC_7809,CID_4885,Saving,207789.1,16-07-2019
ACC_7810,CID_4886,Recurring Deposit,342504.22,04-03-2020
ACC_7811,CID_4887,Fixed Deposit,903626.25,06-10-2019
ACC_7812,CID_4888,Saving,205541.38,24-03-2025
ACC_7813,CID_4888,Current,71528.52,24-03-2025
ACC_7814,CID_4888,Demat,1287793.5,24-03-2025
ACC_7815,CID_4889,Saving,45719.03,01-09-2021
ACC_7816,CID_4890,Saving,239224.15,02-03-2018
ACC_7817,CID_4891,Saving,177925.68,08-07-2021
ACC_7818,CID_4891,Current,433349.45,08-07-2021
ACC_7819,CID_4891,Demat,1329610.31,08-07-2021
ACC_7820,CID_4892,Fixed Deposit,2853538.53,24-09-2021
ACC_7821,CID_4893,Saving,142385.94,26-01-2023
ACC_7822,CID_4894,Saving,195717.67,06-06-2025
ACC_7823,CID_4895,Saving,4552.53,20-02-2023
ACC_7824,CID_4895,Current,621490.32,20-02-2023
ACC_7825,CID_4895,Demat,464838.14,20-02-2023
ACC_7826,CID_4896,Saving,214736.11,21-10-2020
ACC_7827,CID_4897,Saving,44829.83,02-06-2021
ACC_7828,CID_4898,Saving,201585.38,14-06-2021
ACC_7829,CID_4899,Saving,151324.73,02-09-2025
ACC_7830,CID_4899,Current,952319.71,02-09-2025
ACC_7831,CID_4899,Demat,518421.77,02-09-2025
ACC_7832,CID_4900,Saving,234798.18,18-07-2022
ACC_7833,CID_4900,Current,737840.06,18-07-2022
ACC_7834,CID_4900,Demat,765591.63,18-07-2022
ACC_7835,CID_4901,Saving,108947.11,25-09-2022
ACC_7836,CID_4902,Saving,182000.87,25-03-2021
ACC_7837,CID_4903,Saving,155245.43,03-03-2026
ACC_7838,CID_4903,Current,134417.23,03-03-2026
ACC_7839,CID_4903,Demat,662890.02,03-03-2026
ACC_7840,CID_4904,Saving,51448.5,28-04-2024
ACC_7841,CID_4905,Saving,41190.76,10-12-2024
ACC_7842,CID_4906,Saving,234018.72,06-04-2025
ACC_7843,CID_4906,Current,807153.69,06-04-2025
ACC_7844,CID_4906,Demat,1977448.91,06-04-2025
ACC_7845,CID_4907,Saving,246383.13,18-10-2024
ACC_7846,CID_4907,Current,480124.62,18-10-2024
ACC_7847,CID_4907,Demat,1264952.77,18-10-2024
ACC_7848,CID_4908,Saving,107016.54,17-02-2025
ACC_7849,CID_4909,Saving,81017.63,05-07-2019
ACC_7850,CID_4910,Saving,82370.26,01-06-2023
ACC_7851,CID_4911,Recurring Deposit,261993.81,07-06-2020
ACC_7852,CID_4912,Saving,199643.34,25-11-2025
ACC_7853,CID_4913,Saving,137844.45,25-01-2018
ACC_7854,CID_4913,Current,949590.42,25-01-2018
ACC_7855,CID_4913,Demat,428471.74,25-01-2018
ACC_7856,CID_4914,Saving,182566.6,26-03-2022
ACC_7857,CID_4914,Current,645411.15,26-03-2022
ACC_7858,CID_4914,Demat,1335589.21,26-03-2022
ACC_7859,CID_4915,Saving,134954.03,16-01-2024
ACC_7860,CID_4916,Saving,4592.08,27-08-2019
ACC_7861,CID_4916,Current,701095.42,27-08-2019
ACC_7862,CID_4916,Demat,917864.28,27-08-2019
ACC_7863,CID_4917,Fixed Deposit,4277024.03,24-07-2024
ACC_7864,CID_4918,Fixed Deposit,3109915.14,11-12-2021
ACC_7865,CID_4919,Saving,240861.8,15-09-2020
ACC_7866,CID_4919,Current,215677.91,15-09-2020
ACC_7867,CID_4919,Demat,1049580.94,15-09-2020
ACC_7868,CID_4920,Saving,207402.68,13-10-2024
ACC_7869,CID_4921,Saving,81785.2,12-02-2025
ACC_7870,CID_4921,Current,652966.62,12-02-2025
ACC_7871,CID_4921,Demat,157764.3,12-02-2025
ACC_7872,CID_4922,Saving,24432.52,02-03-2026
ACC_7873,CID_4923,Saving,221761.2,25-10-2018
ACC_7874,CID_4924,Saving,242429.36,18-05-2021
ACC_7875,CID_4925,Saving,160095.48,28-11-2024
ACC_7876,CID_4925,Current,435502.4,28-11-2024
ACC_7877,CID_4925,Demat,1036660.21,28-11-2024
ACC_7878,CID_4926,Saving,189987.46,23-05-2024
ACC_7879,CID_4927,Saving,195494.19,03-11-2025
ACC_7880,CID_4928,Fixed Deposit,1154337.48,03-08-2022
ACC_7881,CID_4929,Saving,178127.3,03-12-2024
ACC_7882,CID_4930,Saving,18489.2,26-08-2023
ACC_7883,CID_4931,Saving,224927.41,15-06-2025
ACC_7884,CID_4931,Current,801735.76,15-06-2025
ACC_7885,CID_4931,Demat,253121.41,15-06-2025
ACC_7886,CID_4932,Saving,14396.41,28-01-2024
ACC_7887,CID_4933,Saving,81269.67,19-01-2025
ACC_7888,CID_4933,Current,706019.64,19-01-2025
ACC_7889,CID_4933,Demat,983552.18,19-01-2025
ACC_7890,CID_4934,Recurring Deposit,257566.96,13-08-2024
ACC_7891,CID_4935,Saving,190267.49,06-09-2020
ACC_7892,CID_4936,Saving,61501.21,30-01-2025
ACC_7893,CID_4937,Saving,96647.97,22-06-2024
ACC_7894,CID_4938,Saving,55573.31,19-09-2021
ACC_7895,CID_4938,Current,720370.33,19-09-2021
ACC_7896,CID_4938,Demat,173737.36,19-09-2021
ACC_7897,CID_4939,Saving,137543.24,24-04-2024
ACC_7898,CID_4940,Saving,21472.76,30-06-2025
ACC_7899,CID_4940,Current,806706,30-06-2025
ACC_7900,CID_4940,Demat,1298801.68,30-06-2025
ACC_7901,CID_4941,Saving,230204.84,17-07-2024
ACC_7902,CID_4941,Current,859794.73,17-07-2024
ACC_7903,CID_4941,Demat,299122.33,17-07-2024
ACC_7904,CID_4942,Saving,131283.13,19-01-2021
ACC_7905,CID_4942,Current,759227.7,19-01-2021
ACC_7906,CID_4942,Demat,102301.45,19-01-2021
ACC_7907,CID_4943,Saving,13375.57,07-04-2018
ACC_7908,CID_4944,Saving,170160.7,10-03-2020
ACC_7909,CID_4945,Saving,127413.17,06-11-2018
ACC_7910,CID_4946,Recurring Deposit,123057.97,05-10-2021
ACC_7911,CID_4947,Saving,168729.18,24-11-2022
ACC_7912,CID_4948,Saving,170067.07,20-04-2021
ACC_7913,CID_4949,Saving,210631.94,06-01-2021
ACC_7914,CID_4949,Current,902274.18,06-01-2021
ACC_7915,CID_4949,Demat,899743.94,06-01-2021
ACC_7916,CID_4950,Saving,111901.9,14-11-2024
ACC_7917,CID_4950,Current,280660.49,14-11-2024
ACC_7918,CID_4950,Demat,717869.45,14-11-2024
ACC_7919,CID_4951,Saving,168962.91,04-02-2022
ACC_7920,CID_4951,Current,890302,04-02-2022
ACC_7921,CID_4951,Demat,779307.73,04-02-2022
ACC_7922,CID_4952,Saving,78633.85,11-11-2025
ACC_7923,CID_4952,Current,42099.01,11-11-2025
ACC_7924,CID_4952,Demat,1230435.15,11-11-2025
ACC_7925,CID_4953,Saving,203522.47,26-04-2019
ACC_7926,CID_4953,Current,265701.15,26-04-2019
ACC_7927,CID_4953,Demat,994111.55,26-04-2019
ACC_7928,CID_4954,Saving,162690.78,11-04-2020
ACC_7929,CID_4955,Saving,147064.57,31-07-2022
ACC_7930,CID_4956,Saving,115194.1,19-12-2022
ACC_7931,CID_4956,Current,254496.16,19-12-2022
ACC_7932,CID_4956,Demat,1652525.36,19-12-2022
ACC_7933,CID_4957,Saving,97628.7,07-04-2025
ACC_7934,CID_4957,Current,420471.68,07-04-2025
ACC_7935,CID_4957,Demat,953263,07-04-2025
ACC_7936,CID_4958,Saving,6120.58,20-06-2022
ACC_7937,CID_4959,Saving,77377.28,12-12-2020
ACC_7938,CID_4960,Saving,19469.82,27-10-2018
ACC_7939,CID_4961,Fixed Deposit,306380.93,15-08-2019
ACC_7940,CID_4962,Saving,179547.98,04-02-2025
ACC_7941,CID_4963,Saving,102555.78,18-10-2024
ACC_7942,CID_4964,Recurring Deposit,121841.91,22-09-2023
ACC_7943,CID_4965,Saving,245806.14,18-10-2022
ACC_7944,CID_4966,Saving,105955.28,28-09-2019
ACC_7945,CID_4966,Current,246755.8,28-09-2019
ACC_7946,CID_4966,Demat,1907893.05,28-09-2019
ACC_7947,CID_4967,Recurring Deposit,215488.81,22-07-2018
ACC_7948,CID_4968,Saving,228897.69,26-11-2024
ACC_7949,CID_4969,Saving,116870.55,24-03-2025
ACC_7950,CID_4970,Saving,15452.54,02-04-2020
ACC_7951,CID_4970,Current,246269.33,02-04-2020
ACC_7952,CID_4970,Demat,618791.53,02-04-2020
ACC_7953,CID_4971,Saving,105643.1,10-04-2024
ACC_7954,CID_4971,Current,79585.75,10-04-2024
ACC_7955,CID_4971,Demat,1380422.58,10-04-2024
ACC_7956,CID_4972,Recurring Deposit,200152.01,16-12-2022
ACC_7957,CID_4973,Saving,170870.4,13-06-2024
ACC_7958,CID_4974,Recurring Deposit,224463.18,29-06-2023
ACC_7959,CID_4975,Saving,182676.48,21-09-2018
ACC_7960,CID_4976,Fixed Deposit,2558526.28,10-02-2022
ACC_7961,CID_4977,Saving,121971.77,03-01-2020
ACC_7962,CID_4977,Current,1059.87,03-01-2020
ACC_7963,CID_4977,Demat,1442491.67,03-01-2020
ACC_7964,CID_4978,Recurring Deposit,429391.2,04-08-2023
ACC_7965,CID_4979,Saving,37241.68,10-11-2024
ACC_7966,CID_4979,Current,614495.99,10-11-2024
ACC_7967,CID_4979,Demat,1482046.3,10-11-2024
ACC_7968,CID_4980,Saving,150299.52,08-05-2019
ACC_7969,CID_4981,Saving,17415.95,24-06-2020
ACC_7970,CID_4982,Saving,1400.42,29-08-2025
ACC_7971,CID_4983,Saving,105991.86,19-10-2020
ACC_7972,CID_4984,Saving,69920.75,12-03-2019
ACC_7973,CID_4984,Current,481697.52,12-03-2019
ACC_7974,CID_4984,Demat,487728.44,12-03-2019
ACC_7975,CID_4985,Saving,228699.13,30-01-2020
ACC_7976,CID_4985,Current,68018.25,30-01-2020
ACC_7977,CID_4985,Demat,114316.32,30-01-2020
ACC_7978,CID_4986,Saving,22515.74,22-08-2024
ACC_7979,CID_4986,Current,389161.23,22-08-2024
ACC_7980,CID_4986,Demat,69301.88,22-08-2024
ACC_7981,CID_4987,Fixed Deposit,1073938,12-12-2021
ACC_7982,CID_4988,Recurring Deposit,370584.12,16-10-2020
ACC_7983,CID_4989,Saving,216253.63,23-02-2018
ACC_7984,CID_4990,Saving,82164.93,17-01-2019
ACC_7985,CID_4991,Saving,224349.26,21-10-2022
ACC_7986,CID_4992,Saving,161462.36,26-07-2022
ACC_7987,CID_4993,Saving,228986.28,26-09-2020
ACC_7988,CID_4993,Current,682276.64,26-09-2020
ACC_7989,CID_4993,Demat,1510790.47,26-09-2020
ACC_7990,CID_4994,Fixed Deposit,4323992.44,25-05-2018
ACC_7991,CID_4995,Saving,51344.85,29-11-2019
ACC_7992,CID_4995,Current,969405.14,29-11-2019
ACC_7993,CID_4995,Demat,1837753.13,29-11-2019
ACC_7994,CID_4996,Saving,47380.67,09-04-2024
ACC_7995,CID_4997,Saving,93785.07,17-04-2019
ACC_7996,CID_4997,Current,268268.21,17-04-2019
ACC_7997,CID_4997,Demat,1889629.4,17-04-2019
ACC_7998,CID_4998,Fixed Deposit,1752816.31,26-02-2022
ACC_7999,CID_4999,Recurring Deposit,319210.03,20-02-2025
ACC_8000,CID_5000,Saving,150778.2,20-03-2022
