customer_id,name,age,gender,city,occupation,income,signup_date
CID_001,Rahul,45,Male,Kolkata,Manager,1783745,15-07-2018
CID_002,Karan,58,Male,Kolkata,Consultant,1732758,30-01-2020
CID_003,Rahul,67,Male,Pune,Clerk,1487319,04-08-2018
CID_004,Pallavi,68,Female,Pune,Designer,406264,08-08-2024
CID_005,Sneha,19,Female,Noida,Office Intern,108779,29-07-2025
CID_006,Ari,46,Other,Aligarh,Electrician,578156,02-03-2021
CID_007,Gaurav,57,Male,Delhi,Marketing Specialist,213173,01-02-2025
CID_008,Aman,62,Male,Aligarh,Clerk,609882,09-03-2021
CID_009,Jai,37,Other,Lucknow,Driver,1095148,14-10-2022
CID_010,Aditya,10,Male,Pune,Student,,01-07-2025
CID_011,Aarav,41,Male,Pune,Teacher,752400,28-09-2020
CID_012,Dee,45,Other,Kolkata,Business Owner,722631,15-09-2022
CID_013,Aarti,22,Female,Aligarh,Clerk,955470,09-09-2018
CID_014,Arjun,57,Male,Pune,Driver,1958629,25-12-2024
CID_015,Rin,40,Other,Pune,Electrician,766404,21-10-2023
CID_016,Arjun,64,Male,Chennai,Doctor,444578,22-08-2019
CID_017,Atharv,14,Male,Chennai,Student,,03-11-2020
CID_018,Ari,22,Other,Noida,Software Developer,925842,20-05-2025
CID_019,Komal,48,Female,Aligarh,Mechanic,1281388,13-02-2023
CID_020,Rajat,24,Male,Noida,Engineer,1580424,26-06-2025
CID_021,Ankit,65,Male,Lucknow,Accountant,1708476,28-04-2019
CID_022,Nikhil,15,Male,Aligarh,Student,,03-08-2021
CID_023,Riya,26,Female,Noida,Mechanic,212319,02-07-2021
CID_024,Rohan,46,Male,Delhi,Software Developer,1211395,12-07-2025
CID_025,Nikhil,32,Male,Aligarh,Teacher,1170913,18-07-2022
CID_026,Rakesh,48,Male,Noida,Business Owner,621805,15-06-2018
CID_027,Adi,74,Other,Delhi,Engineer,1563543,25-05-2019
CID_028,Adi,70,Other,Lucknow,Driver,1530245,01-05-2021
CID_029,Rituraj,53,Male,Delhi,Manager,287066,30-11-2018
CID_030,Rituraj,65,Male,Pune,Accountant,1862746,01-05-2024
CID_031,Nikhil,47,Male,Delhi,Designer,1775265,05-06-2021
CID_032,Kiran,45,Other,Aligarh,Engineer,1201739,22-10-2025
CID_033,Ira,44,Female,Chennai,Driver,307753,27-04-2022
CID_034,Sonali,50,Female,Kolkata,Driver,1654609,06-06-2020
CID_035,Ritu,9,Female,Mumbai,Student,,19-05-2019
CID_036,Pranav,75,Male,Lucknow,Business Owner,579448,15-11-2019
CID_037,Preeti,71,Female,Pune,Accountant,1189662,22-11-2020
CID_038,Simran,64,Female,Kolkata,Doctor,1350048,28-02-2021
CID_039,Saanvi,67,Female,Delhi,Sales Executive,384409,18-03-2019
CID_040,Shreya,24,Female,Delhi,Consultant,1673700,21-10-2019
CID_041,Atharv,66,Male,Mumbai,Business Owner,465737,07-09-2025
CID_042,Ishaan,27,Male,Mumbai,Clerk,1323441,14-08-2018
CID_043,Siddharth,61,Male,Pune,Clerk,1799238,22-05-2024
CID_044,Ishaan,29,Male,Pune,Manager,1071606,18-04-2025
CID_045,Preeti,33,Female,Pune,Accountant,603997,12-04-2018
CID_046,Rohan,21,Male,Delhi,Office Intern,165298,28-07-2020
CID_047,Rakesh,19,Male,Kolkata,Shop Assistant,85752,25-04-2023
CID_048,Vikas,41,Male,Mumbai,Teacher,639987,22-12-2024
CID_049,Aadhya,6,Female,Lucknow,Student,,28-09-2018
CID_050,Rahul,20,Male,Pune,Part-time Tutor,186870,17-09-2021
CID_051,Aadhya,58,Female,Lucknow,Consultant,1066407,10-06-2021
CID_052,Aadhya,29,Female,Mumbai,Software Developer,1300111,14-03-2018
CID_053,Neha,18,Female,Noida,Student,141245,27-07-2022
CID_054,Atharv,9,Male,Mumbai,Student,,21-06-2020
CID_055,Aditya,20,Male,Aligarh,Office Intern,189659,12-09-2025
CID_056,Aditya,45,Male,Aligarh,Mechanic,1798885,06-07-2021
CID_057,Krishna,22,Male,Aligarh,Electrician,993793,21-03-2022
CID_058,Kiran,19,Other,Chennai,Delivery Assistant,64396,01-12-2023
CID_059,Varun,40,Male,Lucknow,Teacher,232395,19-12-2023
CID_060,Ankit,48,Male,Chennai,Software Developer,1856731,21-07-2023
CID_061,Priya,42,Female,Chennai,Clerk,913853,01-03-2023
CID_062,Varun,6,Male,Kolkata,Student,,22-12-2021
CID_063,Dee,46,Other,Mumbai,Sales Executive,277216,15-04-2020
CID_064,Siddharth,38,Male,Kolkata,Mechanic,669173,13-02-2023
CID_065,Kabir,12,Male,Lucknow,Student,,14-03-2025
CID_066,Shaurya,29,Male,Noida,Sales Executive,1525646,14-08-2019
CID_067,Rohan,12,Male,Pune,Student,,01-02-2023
CID_068,Ankit,21,Male,Chennai,Office Intern,109729,11-11-2023
CID_069,Ishaan,55,Male,Mumbai,Software Developer,1476640,29-10-2022
CID_070,Amit,12,Male,Chennai,Student,,15-08-2024
CID_071,Krishna,53,Male,Delhi,Business Owner,1571969,03-08-2022
CID_072,Shreya,14,Female,Mumbai,Student,,06-04-2022
CID_073,Shaurya,69,Male,Mumbai,Doctor,1352961,23-07-2024
CID_074,Ankit,70,Male,Delhi,Accountant,936548,14-02-2018
CID_075,Tarun,36,Male,Mumbai,Sales Executive,1825572,11-04-2022
CID_076,Rahul,68,Male,Aligarh,Doctor,1765803,02-12-2023
CID_077,Vikas,5,Male,Pune,Student,,25-05-2023
CID_078,Aman,9,Male,Chennai,Student,,21-05-2019
CID_079,Ananya,73,Female,Chennai,Business Owner,1121018,02-10-2025
CID_080,Kabir,26,Male,Pune,Engineer,1776671,15-09-2021
CID_081,Ishaan,54,Male,Aligarh,Manager,589033,16-02-2020
CID_082,Sam,57,Other,Aligarh,Software Developer,581607,29-09-2025
CID_083,Aadhya,22,Female,Pune,Designer,541392,14-09-2025
CID_084,Ankit,39,Male,Aligarh,Designer,1064671,14-12-2018
CID_085,Amit,26,Male,Lucknow,Engineer,878522,09-08-2019
CID_086,Rin,8,Other,Noida,Student,,11-02-2019
CID_087,Khushi,47,Female,Chennai,Business Owner,1835614,23-09-2021
CID_088,Rajat,61,Male,Lucknow,Accountant,1116532,29-12-2025
CID_089,Vivaan,51,Male,Kolkata,Sales Executive,932994,23-03-2019
CID_090,Atharv,39,Male,Pune,Sales Executive,1708318,01-07-2025
CID_091,Rakesh,13,Male,Aligarh,Student,,01-11-2019
CID_092,Deepak,10,Male,Lucknow,Student,,15-06-2025
CID_093,Arjun,8,Male,Aligarh,Student,,10-03-2021
CID_094,Dee,52,Other,Chennai,Software Developer,595716,08-06-2024
CID_095,Diya,23,Female,Delhi,Business Owner,1464666,09-11-2021
CID_096,Sneha,21,Female,Chennai,Intern,156067,15-08-2024
CID_097,Rin,11,Other,Noida,Student,,14-10-2021
CID_098,Meera,61,Female,Aligarh,Doctor,431213,17-09-2018
CID_099,Pranav,24,Male,Delhi,Designer,1424064,23-06-2018
CID_100,Sneha,39,Female,Pune,Manager,1692607,17-10-2024
CID_101,Varun,17,Male,Mumbai,Part-time Tutor,62843,14-07-2025
CID_102,Tarun,44,Male,Kolkata,Mechanic,1107867,29-04-2024
CID_103,Aman,21,Male,Delhi,Call Center Trainee,83174,31-10-2023
CID_104,Muskan,74,Female,Chennai,Driver,770550,12-02-2023
CID_105,Saanvi,56,Female,Lucknow,Teacher,1418868,13-02-2020
CID_106,Aadhya,22,Female,Mumbai,Driver,411073,26-01-2024
CID_107,Ishita,73,Female,Delhi,Marketing Specialist,1315308,23-10-2022
CID_108,Riya,40,Female,Pune,Sales Executive,1779430,30-04-2021
CID_109,Aarti,52,Female,Noida,Engineer,1389601,23-02-2023
CID_110,Aadhya,62,Female,Noida,Marketing Specialist,540440,08-03-2021
CID_111,Aditya,23,Male,Pune,Doctor,1302390,16-01-2023
CID_112,Vivaan,45,Male,Pune,Manager,1098889,30-03-2022
CID_113,Divya,47,Female,Mumbai,Accountant,1729366,14-05-2018
CID_114,Diya,42,Female,Delhi,Accountant,269652,30-04-2019
CID_115,Amit,10,Male,Lucknow,Student,,13-07-2019
CID_116,Deepak,47,Male,Delhi,Marketing Specialist,758334,21-05-2020
CID_117,Preeti,62,Female,Chennai,Consultant,1387281,26-10-2022
CID_118,Rahul,11,Male,Lucknow,Student,,02-10-2021
CID_119,Kavya,36,Female,Pune,Software Developer,1368842,19-01-2018
CID_120,Arjun,62,Male,Kolkata,Marketing Specialist,1272864,26-08-2020
CID_121,Karan,49,Male,Pune,Accountant,1222940,27-05-2020
CID_122,Ankit,58,Male,Aligarh,Driver,290938,09-10-2025
CID_123,Karan,66,Male,Aligarh,Sales Executive,1137267,25-01-2018
CID_124,Aman,64,Male,Lucknow,Mechanic,1120346,07-02-2018
CID_125,Aarti,36,Female,Chennai,Software Developer,1064082,12-11-2025
CID_126,Riya,28,Female,Pune,Sales Executive,1983913,15-08-2024
CID_127,Ishaan,53,Male,Lucknow,Doctor,987609,05-05-2018
CID_128,Kiran,22,Other,Kolkata,Driver,1874737,20-02-2024
CID_129,Yash,9,Male,Noida,Student,,28-08-2018
CID_130,Rituraj,73,Male,Mumbai,Clerk,1667205,02-10-2023
CID_131,Ankit,37,Male,Noida,Business Owner,1938620,06-07-2022
CID_132,Manish,25,Male,Chennai,Electrician,791115,15-05-2024
CID_133,Karan,26,Male,Noida,Consultant,1547806,20-02-2019
CID_134,Ankit,47,Male,Kolkata,Designer,727418,26-06-2024
CID_135,Komal,60,Female,Pune,Business Owner,705192,30-11-2024
CID_136,Muskan,62,Female,Aligarh,Driver,1770245,11-08-2019
CID_137,Amit,62,Male,Chennai,Teacher,1620871,27-09-2023
CID_138,Vikas,63,Male,Aligarh,Mechanic,599173,08-06-2023
CID_139,Aman,59,Male,Kolkata,Consultant,538883,16-07-2018
CID_140,Jai,21,Other,Delhi,Intern,172033,26-10-2021
CID_141,Aman,46,Male,Kolkata,Teacher,365836,28-01-2018
CID_142,Ishita,36,Female,Chennai,Consultant,950937,16-03-2021
CID_143,Sanjay,38,Male,Pune,Consultant,1869486,07-03-2023
CID_144,Rashmi,64,Female,Pune,Accountant,1317185,18-12-2022
CID_145,Sam,56,Other,Delhi,Manager,1571219,01-04-2023
CID_146,Varun,43,Male,Aligarh,Consultant,957077,08-12-2018
CID_147,Aarav,18,Male,Mumbai,Student,124106,16-10-2020
CID_148,Pranav,11,Male,Noida,Student,,19-08-2019
CID_149,Nikhil,23,Male,Pune,Electrician,328470,06-04-2025
CID_150,Rahul,31,Male,Mumbai,Designer,1997142,20-04-2019
CID_151,Nikhil,29,Male,Kolkata,Business Owner,1955207,31-12-2022
CID_152,Yash,65,Male,Pune,Driver,1579044,28-11-2021
CID_153,Vikas,29,Male,Aligarh,Electrician,1238339,19-12-2025
CID_154,Siddharth,62,Male,Noida,Designer,258435,01-06-2022
CID_155,Yash,25,Male,Aligarh,Electrician,1173824,18-06-2021
CID_156,Atharv,65,Male,Chennai,Teacher,766183,13-09-2022
CID_157,Rakesh,51,Male,Pune,Mechanic,1101846,08-04-2020
CID_158,Alex,75,Other,Noida,Mechanic,1449205,10-03-2022
CID_159,Payal,44,Female,Mumbai,Accountant,1593822,21-07-2019
CID_160,Varun,30,Male,Noida,Doctor,988054,15-07-2019
CID_161,Diya,20,Female,Noida,Student,184688,04-11-2020
CID_162,Gaurav,33,Male,Mumbai,Clerk,401129,08-03-2023
CID_163,Muskan,53,Female,Noida,Driver,1308446,15-08-2021
CID_164,Aarav,35,Male,Mumbai,Driver,1073286,01-09-2020
CID_165,Ankit,51,Male,Chennai,Software Developer,1798544,22-02-2024
CID_166,Muskan,39,Female,Chennai,Engineer,1933900,14-11-2020
CID_167,Ishaan,8,Male,Pune,Student,,07-02-2019
CID_168,Muskan,74,Female,Noida,Accountant,459191,15-05-2024
CID_169,Gaurav,64,Male,Kolkata,Mechanic,704965,27-03-2023
CID_170,Nisha,64,Female,Delhi,Doctor,856944,03-09-2018
CID_171,Khushi,35,Female,Noida,Engineer,1862020,29-08-2018
CID_172,Neha,6,Female,Mumbai,Student,,07-01-2020
CID_173,Gaurav,19,Male,Aligarh,Intern,67951,12-06-2020
CID_174,Diya,25,Female,Chennai,Driver,1264532,16-07-2022
CID_175,Atharv,68,Male,Kolkata,Manager,1207321,28-07-2022
CID_176,Rituraj,27,Male,Kolkata,Manager,1245659,15-02-2018
CID_177,Ari,5,Other,Aligarh,Student,,18-02-2023
CID_178,Aditya,73,Male,Kolkata,Marketing Specialist,1822907,26-06-2023
CID_179,Tarun,33,Male,Aligarh,Driver,1158708,21-06-2018
CID_180,Kabir,74,Male,Noida,Software Developer,1284526,22-06-2020
CID_181,Amit,6,Male,Mumbai,Student,,13-08-2022
CID_182,Krishna,21,Male,Aligarh,Shop Assistant,150106,20-10-2018
CID_183,Rahul,16,Male,Delhi,Delivery Assistant,79105,16-09-2019
CID_184,Krishna,13,Male,Noida,Student,,09-06-2019
CID_185,Aditya,58,Male,Delhi,Marketing Specialist,1026100,06-02-2020
CID_186,Rituraj,44,Male,Kolkata,Engineer,381081,04-08-2022
CID_187,Anjali,49,Female,Chennai,Driver,853303,31-12-2022
CID_188,Pranav,42,Male,Pune,Mechanic,1962230,28-10-2024
CID_189,Rajat,21,Male,Noida,Delivery Assistant,183591,31-08-2022
CID_190,Yash,35,Male,Lucknow,Mechanic,1316361,17-10-2024
CID_191,Payal,9,Female,Aligarh,Student,,24-04-2021
CID_192,Aarti,52,Female,Aligarh,Teacher,377363,14-08-2018
CID_193,Pranav,74,Male,Aligarh,Teacher,1718067,22-04-2023
CID_194,Saanvi,24,Female,Aligarh,Clerk,1956859,13-11-2024
CID_195,Priya,15,Female,Noida,Student,,02-12-2021
CID_196,Diya,17,Female,Delhi,Intern,88470,02-12-2025
CID_197,Vivaan,70,Male,Lucknow,Marketing Specialist,931845,27-04-2021
CID_198,Manish,61,Male,Aligarh,Software Developer,1603198,25-02-2025
CID_199,Shaurya,35,Male,Kolkata,Manager,545082,21-07-2020
CID_200,Ankit,9,Male,Chennai,Student,,19-05-2022
CID_201,Neha,67,Female,Pune,Consultant,1852944,20-06-2023
CID_202,Taylor,19,Other,Mumbai,Student,148349,17-03-2022
CID_203,Deepak,59,Male,Noida,Teacher,271444,10-07-2024
CID_204,Tanya,58,Female,Delhi,Clerk,1320403,06-11-2025
CID_205,Deepak,7,Male,Aligarh,Student,,31-01-2019
CID_206,Ritu,56,Female,Chennai,Teacher,1292295,15-07-2022
CID_207,Alex,25,Other,Chennai,Accountant,763081,23-09-2024
CID_208,Gaurav,6,Male,Aligarh,Student,,26-08-2025
CID_209,Gaurav,5,Male,Aligarh,Student,,01-01-2019
CID_210,Rahul,29,Male,Lucknow,Engineer,698701,24-12-2024
CID_211,Rohan,52,Male,Delhi,Business Owner,927574,12-10-2019
CID_212,Payal,5,Female,Pune,Student,,16-08-2025
CID_213,Aarti,55,Female,Noida,Engineer,1553282,09-10-2018
CID_214,Priya,67,Female,Lucknow,Clerk,1856460,11-05-2022
CID_215,Ari,32,Other,Kolkata,Accountant,1445791,13-11-2021
CID_216,Kabir,60,Male,Delhi,Designer,744610,12-05-2024
CID_217,Vivaan,22,Male,Mumbai,Software Developer,1309202,29-01-2021
CID_218,Aarti,18,Female,Aligarh,Shop Assistant,72044,08-07-2022
CID_219,Kabir,30,Male,Chennai,Consultant,960030,30-06-2025
CID_220,Shreya,55,Female,Kolkata,Sales Executive,680348,26-11-2021
CID_221,Jordan,70,Other,Delhi,Accountant,1930207,29-04-2023
CID_222,Pallavi,64,Female,Pune,Marketing Specialist,576277,09-06-2019
CID_223,Arjun,28,Male,Delhi,Teacher,1079599,06-09-2024
CID_224,Aarav,66,Male,Mumbai,Doctor,581167,28-05-2018
CID_225,Manish,22,Male,Mumbai,Teacher,226791,13-01-2019
CID_226,Rahul,71,Male,Chennai,Driver,381970,02-02-2019
CID_227,Karan,65,Male,Pune,Marketing Specialist,1236598,23-01-2022
CID_228,Tanya,54,Female,Lucknow,Sales Executive,308713,20-01-2024
CID_229,Saanvi,33,Female,Delhi,Sales Executive,1897895,08-04-2025
CID_230,Rohan,44,Male,Pune,Sales Executive,1131636,24-05-2022
CID_231,Yash,69,Male,Aligarh,Marketing Specialist,1046877,17-08-2018
CID_232,Nisha,52,Female,Pune,Software Developer,776743,25-02-2020
CID_233,Manish,43,Male,Noida,Sales Executive,1162580,06-03-2020
CID_234,Vivaan,70,Male,Mumbai,Driver,674177,16-10-2020
CID_235,Payal,18,Female,Lucknow,Delivery Assistant,162290,09-06-2025
CID_236,Deepak,66,Male,Kolkata,Doctor,1431741,20-12-2021
CID_237,Ishaan,37,Male,Mumbai,Engineer,1969119,25-12-2018
CID_238,Yash,52,Male,Noida,Software Developer,1946958,23-02-2023
CID_239,Divya,28,Female,Lucknow,Driver,572583,03-11-2018
CID_240,Rahul,22,Male,Chennai,Sales Executive,749722,14-02-2024
CID_241,Harsh,10,Male,Aligarh,Student,,12-11-2025
CID_242,Jai,73,Other,Noida,Designer,1492242,09-09-2023
CID_243,Payal,50,Female,Delhi,Sales Executive,1932699,21-04-2021
CID_244,Rajat,37,Male,Delhi,Manager,1970628,10-03-2024
CID_245,Ira,19,Female,Mumbai,Student,163618,10-02-2021
CID_246,Tarun,10,Male,Aligarh,Student,,11-01-2024
CID_247,Ritu,43,Female,Mumbai,Clerk,1179596,09-04-2019
CID_248,Deepak,28,Male,Lucknow,Clerk,482004,16-07-2025
CID_249,Yash,58,Male,Chennai,Consultant,1820634,03-09-2024
CID_250,Saanvi,5,Female,Lucknow,Student,,23-10-2022
CID_251,Kiran,59,Other,Mumbai,Engineer,1802027,30-10-2022
CID_252,Neha,63,Female,Kolkata,Driver,938785,26-01-2025
CID_253,Shaurya,38,Male,Aligarh,Teacher,1838085,28-11-2023
CID_254,Aman,41,Male,Chennai,Sales Executive,1189400,19-04-2021
CID_255,Atharv,65,Male,Mumbai,Doctor,1880411,18-12-2020
CID_256,Rakesh,24,Male,Lucknow,Consultant,1776980,07-11-2021
CID_257,Pranav,50,Male,Lucknow,Doctor,548655,01-03-2018
CID_258,Preeti,70,Female,Kolkata,Manager,1038482,28-05-2024
CID_259,Pranav,60,Male,Aligarh,Marketing Specialist,1397372,05-11-2025
CID_260,Sneha,22,Female,Mumbai,Mechanic,1786885,03-06-2025
CID_261,Aditya,32,Male,Delhi,Sales Executive,468118,27-02-2022
CID_262,Rin,46,Other,Mumbai,Mechanic,1113569,01-12-2019
CID_263,Meera,37,Female,Pune,Doctor,323340,31-08-2023
CID_264,Karan,22,Male,Noida,Doctor,329409,25-11-2020
CID_265,Komal,21,Female,Delhi,Student,62213,15-10-2022
CID_266,Atharv,10,Male,Pune,Student,,09-03-2023
CID_267,Kabir,6,Male,Chennai,Student,,09-06-2022
CID_268,Saanvi,20,Female,Kolkata,Part-time Tutor,54266,25-04-2020
CID_269,Kabir,25,Male,Lucknow,Consultant,1154784,24-12-2018
CID_270,Jai,52,Other,Mumbai,Engineer,1948704,22-07-2020
CID_271,Rajat,70,Male,Mumbai,Driver,1457832,29-03-2022
CID_272,Adi,59,Other,Mumbai,Manager,1789021,14-10-2024
CID_273,Tarun,12,Male,Aligarh,Student,,21-02-2018
CID_274,Shreya,41,Female,Aligarh,Manager,797101,25-08-2025
CID_275,Amit,19,Male,Mumbai,Call Center Trainee,170664,22-08-2021
CID_276,Saanvi,49,Female,Chennai,Doctor,762647,05-06-2021
CID_277,Aman,31,Male,Aligarh,Teacher,921010,05-08-2024
CID_278,Rituraj,50,Male,Noida,Teacher,1119840,28-05-2019
CID_279,Rohan,50,Male,Pune,Clerk,1131712,22-08-2021
CID_280,Atharv,35,Male,Delhi,Teacher,1474087,27-01-2024
CID_281,Varun,30,Male,Kolkata,Mechanic,1169116,04-04-2018
CID_282,Ananya,36,Female,Pune,Driver,886032,18-10-2021
CID_283,Shreya,12,Female,Aligarh,Student,,20-07-2021
CID_284,Ishita,28,Female,Noida,Designer,1305349,12-07-2024
CID_285,Rajat,16,Male,Mumbai,Student,179789,06-09-2019
CID_286,Nikhil,44,Male,Delhi,Mechanic,1257514,14-10-2021
CID_287,Tarun,64,Male,Pune,Software Developer,437478,19-09-2021
CID_288,Sonali,52,Female,Lucknow,Accountant,1833297,29-06-2021
CID_289,Tanya,45,Female,Pune,Designer,1386081,31-03-2022
CID_290,Priya,17,Female,Noida,Delivery Assistant,109326,24-05-2025
CID_291,Adi,67,Other,Delhi,Manager,498306,02-10-2020
CID_292,Rohan,34,Male,Chennai,Marketing Specialist,1667430,07-01-2024
CID_293,Meera,18,Female,Mumbai,Intern,95147,29-04-2024
CID_294,Ira,16,Female,Noida,Shop Assistant,150071,27-12-2022
CID_295,Vivaan,75,Male,Lucknow,Driver,1775569,27-11-2019
CID_296,Rituraj,36,Male,Aligarh,Driver,1936487,14-09-2021
CID_297,Anjali,67,Female,Pune,Teacher,602145,12-02-2022
CID_298,Sonali,22,Female,Pune,Clerk,1394301,20-07-2020
CID_299,Gaurav,27,Male,Noida,Engineer,1409591,10-02-2025
CID_300,Ritu,75,Female,Aligarh,Business Owner,981210,03-07-2022
CID_301,Rohan,62,Male,Mumbai,Designer,1906000,20-11-2022
CID_302,Manish,32,Male,Kolkata,Teacher,610785,19-08-2021
CID_303,Siddharth,53,Male,Aligarh,Mechanic,1119831,04-10-2025
CID_304,Komal,30,Female,Mumbai,Mechanic,335456,16-09-2020
CID_305,Vikas,17,Male,Delhi,Intern,120374,03-03-2018
CID_306,Pooja,64,Female,Delhi,Doctor,1130995,11-12-2025
CID_307,Aditya,54,Male,Lucknow,Marketing Specialist,1270626,14-05-2022
CID_308,Kavya,27,Female,Pune,Driver,1818859,11-04-2024
CID_309,Sam,12,Other,Mumbai,Student,,18-01-2023
CID_310,Dee,25,Other,Noida,Teacher,1316115,10-02-2018
CID_311,Ananya,21,Female,Pune,Delivery Assistant,88803,06-02-2023
CID_312,Aman,71,Male,Pune,Mechanic,1568977,29-04-2024
CID_313,Atharv,57,Male,Pune,Consultant,1748420,31-05-2023
CID_314,Aadhya,38,Female,Lucknow,Designer,260696,07-07-2020
CID_315,Nisha,59,Female,Kolkata,Engineer,1431661,14-02-2020
CID_316,Tarun,24,Male,Chennai,Teacher,1259039,24-06-2022
CID_317,Rohan,39,Male,Kolkata,Mechanic,537272,09-01-2023
CID_318,Payal,40,Female,Mumbai,Designer,394825,08-10-2018
CID_319,Pranav,52,Male,Noida,Designer,1585433,08-07-2025
CID_320,Saanvi,34,Female,Chennai,Teacher,677465,25-02-2023
CID_321,Preeti,52,Female,Aligarh,Doctor,1208038,23-07-2025
CID_322,Muskan,43,Female,Lucknow,Engineer,1396263,24-08-2019
CID_323,Karan,5,Male,Mumbai,Student,,03-04-2021
CID_324,Saanvi,12,Female,Pune,Student,,24-07-2025
CID_325,Ishaan,57,Male,Lucknow,Business Owner,1720348,04-01-2025
CID_326,Atharv,8,Male,Pune,Student,,16-10-2018
CID_327,Muskan,16,Female,Pune,Office Intern,68131,27-02-2020
CID_328,Aditya,38,Male,Noida,Manager,782878,14-03-2020
CID_329,Ishita,25,Female,Kolkata,Clerk,1118496,11-12-2025
CID_330,Priya,28,Female,Mumbai,Business Owner,1200204,11-05-2024
CID_331,Alex,49,Other,Pune,Business Owner,826166,13-04-2022
CID_332,Vikas,40,Male,Aligarh,Accountant,1316388,30-11-2023
CID_333,Meera,63,Female,Pune,Electrician,1889656,28-06-2023
CID_334,Manish,61,Male,Delhi,Designer,1449121,02-04-2021
CID_335,Preeti,35,Female,Noida,Designer,1352056,09-02-2021
CID_336,Rahul,46,Male,Lucknow,Engineer,1199069,11-03-2022
CID_337,Aadhya,44,Female,Aligarh,Sales Executive,1836887,23-06-2020
CID_338,Rakesh,8,Male,Lucknow,Student,,12-06-2023
CID_339,Payal,18,Female,Noida,Student,187150,23-04-2024
CID_340,Rituraj,67,Male,Aligarh,Electrician,1779163,30-08-2022
CID_341,Krishna,42,Male,Pune,Doctor,1950449,15-01-2023
CID_342,Anjali,26,Female,Chennai,Designer,1882620,29-11-2022
CID_343,Aman,29,Male,Noida,Electrician,1416984,17-04-2023
CID_344,Krishna,64,Male,Lucknow,Doctor,1662179,31-01-2025
CID_345,Rohan,8,Male,Noida,Student,,25-10-2020
CID_346,Nikhil,65,Male,Aligarh,Electrician,1844877,14-03-2018
CID_347,Rohan,40,Male,Delhi,Doctor,1446347,24-05-2019
CID_348,Jordan,71,Other,Aligarh,Electrician,654566,05-10-2021
CID_349,Ritu,22,Female,Aligarh,Engineer,546602,21-08-2018
CID_350,Arjun,12,Male,Aligarh,Student,,04-09-2025
CID_351,Aarti,61,Female,Chennai,Clerk,1072490,31-12-2021
CID_352,Arjun,30,Male,Mumbai,Manager,294662,12-03-2024
CID_353,Komal,12,Female,Noida,Student,,04-10-2018
CID_354,Neha,56,Female,Noida,Driver,817859,07-12-2025
CID_355,Aman,29,Male,Aligarh,Mechanic,727433,02-02-2024
CID_356,Khushi,50,Female,Delhi,Accountant,313841,13-11-2018
CID_357,Saanvi,10,Female,Lucknow,Student,,04-09-2018
CID_358,Siddharth,31,Male,Kolkata,Driver,980425,13-04-2023
CID_359,Rashmi,31,Female,Delhi,Consultant,560748,04-05-2019
CID_360,Aadhya,67,Female,Pune,Clerk,458701,10-11-2021
CID_361,Rahul,34,Male,Noida,Accountant,233492,31-01-2024
CID_362,Nikhil,71,Male,Chennai,Engineer,1564480,16-05-2019
CID_363,Rahul,9,Male,Aligarh,Student,,12-06-2025
CID_364,Pranav,53,Male,Chennai,Sales Executive,995660,31-07-2023
CID_365,Rajat,57,Male,Noida,Sales Executive,1713772,28-01-2025
CID_366,Swati,47,Female,Lucknow,Software Developer,392641,14-03-2019
CID_367,Neha,14,Female,Lucknow,Student,,28-10-2019
CID_368,Yash,25,Male,Lucknow,Manager,516666,07-07-2021
CID_369,Yash,69,Male,Aligarh,Teacher,1259816,25-01-2024
CID_370,Alex,55,Other,Noida,Teacher,519441,11-06-2022
CID_371,Sanjay,66,Male,Kolkata,Accountant,1102841,01-10-2024
CID_372,Aman,31,Male,Delhi,Electrician,1904244,23-09-2022
CID_373,Ishita,45,Female,Pune,Mechanic,671346,30-08-2025
CID_374,Harsh,34,Male,Delhi,Software Developer,1029238,31-03-2018
CID_375,Ishaan,22,Male,Chennai,Engineer,1222119,19-09-2018
CID_376,Saanvi,32,Female,Lucknow,Teacher,1075465,29-03-2019
CID_377,Swati,35,Female,Pune,Consultant,586585,31-08-2022
CID_378,Siddharth,71,Male,Delhi,Software Developer,1245699,24-09-2023
CID_379,Arjun,49,Male,Lucknow,Business Owner,1664413,04-10-2025
CID_380,Divya,49,Female,Mumbai,Teacher,491166,18-11-2024
CID_381,Sanjay,15,Male,Chennai,Student,,22-07-2024
CID_382,Deepak,42,Male,Delhi,Accountant,1267767,05-01-2018
CID_383,Vivaan,27,Male,Noida,Mechanic,1643694,02-01-2020
CID_384,Krishna,56,Male,Noida,Designer,1243220,30-05-2023
CID_385,Preeti,75,Female,Pune,Marketing Specialist,523361,26-06-2023
CID_386,Khushi,27,Female,Aligarh,Manager,814550,04-03-2024
CID_387,Tanya,25,Female,Pune,Mechanic,769702,28-05-2019
CID_388,Rakesh,46,Male,Chennai,Driver,411091,04-06-2025
CID_389,Tanya,5,Female,Kolkata,Student,,30-04-2020
CID_390,Pranav,12,Male,Chennai,Student,,12-11-2025
CID_391,Komal,55,Female,Aligarh,Electrician,450756,07-03-2025
CID_392,Riya,28,Female,Delhi,Electrician,1045025,11-08-2018
CID_393,Krishna,20,Male,Aligarh,Shop Assistant,51857,03-03-2024
CID_394,Aman,56,Male,Delhi,Clerk,1280335,05-09-2019
CID_395,Ishita,59,Female,Noida,Engineer,1324122,04-07-2023
CID_396,Sanjay,28,Male,Mumbai,Engineer,1135918,15-05-2021
CID_397,Tarun,17,Male,Noida,Part-time Tutor,171894,04-08-2018
CID_398,Harsh,11,Male,Mumbai,Student,,28-01-2019
CID_399,Tarun,14,Male,Aligarh,Student,,17-04-2021
CID_400,Gaurav,22,Male,Lucknow,Clerk,1898860,19-03-2021
CID_401,Vivaan,22,Male,Chennai,Manager,1003294,09-10-2024
CID_402,Sanjay,8,Male,Delhi,Student,,29-03-2018
CID_403,Gaurav,6,Male,Lucknow,Student,,06-07-2020
CID_404,Meera,55,Female,Noida,Consultant,1994397,22-04-2023
CID_405,Jai,70,Other,Pune,Accountant,1046406,29-07-2023
CID_406,Krishna,7,Male,Kolkata,Student,,25-07-2023
CID_407,Nisha,32,Female,Lucknow,Teacher,1479047,11-12-2020
CID_408,Ari,56,Other,Lucknow,Driver,596924,24-10-2019
CID_409,Kabir,5,Male,Delhi,Student,,26-05-2024
CID_410,Tanya,50,Female,Lucknow,Business Owner,1525190,07-09-2020
CID_411,Siddharth,60,Male,Delhi,Consultant,750972,14-10-2022
CID_412,Shaurya,29,Male,Mumbai,Driver,483140,05-11-2025
CID_413,Manish,33,Male,Kolkata,Electrician,1766072,15-06-2022
CID_414,Amit,46,Male,Lucknow,Consultant,1550780,01-12-2021
CID_415,Pallavi,27,Female,Delhi,Accountant,633046,15-10-2018
CID_416,Manish,35,Male,Noida,Manager,1307070,06-06-2024
CID_417,Payal,33,Female,Kolkata,Driver,1714931,15-04-2023
CID_418,Vikas,42,Male,Mumbai,Business Owner,1772727,18-01-2023
CID_419,Swati,21,Female,Chennai,Call Center Trainee,74268,21-06-2023
CID_420,Arjun,39,Male,Chennai,Accountant,1467501,03-08-2019
CID_421,Ari,40,Other,Lucknow,Electrician,1226970,19-05-2018
CID_422,Aarti,72,Female,Pune,Driver,532909,26-06-2025
CID_423,Rahul,32,Male,Mumbai,Mechanic,1299750,16-09-2020
CID_424,Ari,45,Other,Chennai,Clerk,304473,14-08-2018
CID_425,Varun,24,Male,Delhi,Engineer,868294,17-10-2025
CID_426,Kiran,5,Other,Chennai,Student,,01-08-2024
CID_427,Kiran,67,Other,Delhi,Clerk,966796,03-01-2025
CID_428,Rahul,40,Male,Mumbai,Business Owner,1865107,24-05-2022
CID_429,Vikas,61,Male,Noida,Electrician,756777,22-10-2019
CID_430,Gaurav,27,Male,Lucknow,Marketing Specialist,1914993,26-01-2023
CID_431,Taylor,70,Other,Chennai,Marketing Specialist,372612,12-03-2021
CID_432,Kabir,37,Male,Kolkata,Clerk,544632,23-11-2021
CID_433,Riya,48,Female,Noida,Teacher,309997,27-12-2024
CID_434,Aarav,41,Male,Lucknow,Engineer,902465,12-10-2019
CID_435,Karan,26,Male,Chennai,Teacher,289316,09-01-2024
CID_436,Krishna,36,Male,Kolkata,Mechanic,261063,19-11-2025
CID_437,Amit,26,Male,Delhi,Clerk,1669544,21-06-2021
CID_438,Nikhil,9,Male,Chennai,Student,,16-04-2020
CID_439,Pallavi,22,Female,Mumbai,Manager,1593544,20-08-2020
CID_440,Meera,15,Female,Kolkata,Student,,07-04-2025
CID_441,Alex,33,Other,Chennai,Clerk,1781715,23-11-2023
CID_442,Taylor,61,Other,Chennai,Designer,547159,13-08-2022
CID_443,Kabir,40,Male,Noida,Teacher,574370,09-10-2023
CID_444,Tanya,24,Female,Aligarh,Accountant,1925303,02-03-2021
CID_445,Ishita,28,Female,Kolkata,Designer,449047,15-12-2021
CID_446,Karan,34,Male,Aligarh,Doctor,1174776,06-09-2021
CID_447,Gaurav,59,Male,Delhi,Business Owner,479036,21-01-2018
CID_448,Varun,55,Male,Mumbai,Consultant,1059030,07-12-2022
CID_449,Shaurya,39,Male,Kolkata,Manager,492648,23-06-2025
CID_450,Gaurav,61,Male,Aligarh,Sales Executive,1586742,20-10-2023
CID_451,Karan,25,Male,Delhi,Electrician,355964,16-04-2024
CID_452,Rakesh,43,Male,Pune,Mechanic,1114578,07-02-2024
CID_453,Aadhya,15,Female,Kolkata,Student,,13-04-2020
CID_454,Amit,8,Male,Mumbai,Student,,16-05-2025
CID_455,Riya,10,Female,Mumbai,Student,,05-10-2018
CID_456,Rajat,71,Male,Chennai,Business Owner,1897480,19-04-2022
CID_457,Gaurav,61,Male,Delhi,Manager,1366566,02-10-2019
CID_458,Amit,48,Male,Aligarh,Sales Executive,986899,02-11-2021
CID_459,Rajat,25,Male,Noida,Engineer,387207,20-08-2019
CID_460,Swati,14,Female,Kolkata,Student,,01-12-2018
CID_461,Alex,42,Other,Aligarh,Electrician,596517,04-03-2023
CID_462,Rahul,55,Male,Kolkata,Engineer,1822766,30-05-2023
CID_463,Preeti,17,Female,Pune,Call Center Trainee,125477,22-05-2018
CID_464,Ishaan,40,Male,Aligarh,Accountant,1912775,17-02-2025
CID_465,Kavya,9,Female,Lucknow,Student,,21-08-2021
CID_466,Swati,16,Female,Kolkata,Part-time Tutor,70940,22-08-2024
CID_467,Karan,29,Male,Mumbai,Designer,839696,12-11-2022
CID_468,Payal,22,Female,Mumbai,Driver,1901097,22-04-2025
CID_469,Deepak,61,Male,Kolkata,Electrician,1582060,01-07-2023
CID_470,Rakesh,23,Male,Noida,Doctor,1271653,12-03-2019
CID_471,Simran,16,Female,Lucknow,Intern,138242,29-07-2019
CID_472,Yash,20,Male,Noida,Shop Assistant,114702,19-05-2022
CID_473,Nisha,62,Female,Pune,Mechanic,420282,24-04-2025
CID_474,Pooja,16,Female,Lucknow,Office Intern,183751,10-10-2024
CID_475,Sanjay,20,Male,Kolkata,Shop Assistant,153528,16-10-2021
CID_476,Ananya,60,Female,Pune,Manager,1872903,26-06-2018
CID_477,Khushi,22,Female,Noida,Engineer,1870135,10-01-2021
CID_478,Ishaan,67,Male,Chennai,Software Developer,1382130,08-10-2020
CID_479,Varun,35,Male,Lucknow,Doctor,1017506,19-05-2025
CID_480,Arjun,63,Male,Aligarh,Software Developer,1049496,22-04-2019
CID_481,Arjun,28,Male,Lucknow,Teacher,808664,30-10-2025
CID_482,Karan,32,Male,Aligarh,Consultant,1168970,28-02-2025
CID_483,Jordan,12,Other,Chennai,Student,,22-06-2022
CID_484,Rajat,48,Male,Chennai,Manager,1079998,04-09-2019
CID_485,Rakesh,17,Male,Lucknow,Part-time Tutor,77064,18-02-2024
CID_486,Alex,22,Other,Aligarh,Teacher,238151,01-12-2025
CID_487,Rin,69,Other,Mumbai,Doctor,1124780,10-07-2023
CID_488,Aman,5,Male,Kolkata,Student,,28-02-2020
CID_489,Rajat,62,Male,Noida,Accountant,1148299,17-04-2018
CID_490,Arjun,68,Male,Mumbai,Manager,1851323,15-05-2021
CID_491,Deepak,56,Male,Aligarh,Mechanic,607263,24-09-2019
CID_492,Atharv,17,Male,Aligarh,Office Intern,72149,17-12-2020
CID_493,Atharv,50,Male,Kolkata,Clerk,1564734,11-07-2021
CID_494,Diya,33,Female,Lucknow,Marketing Specialist,780442,23-09-2022
CID_495,Payal,57,Female,Aligarh,Accountant,1492589,10-01-2024
CID_496,Nikhil,62,Male,Aligarh,Doctor,1735426,03-10-2021
CID_497,Ishaan,33,Male,Mumbai,Mechanic,1733608,22-03-2019
CID_498,Karan,48,Male,Noida,Electrician,323126,29-10-2024
CID_499,Rituraj,44,Male,Aligarh,Manager,1050746,09-04-2022
CID_500,Sonali,7,Female,Kolkata,Student,,12-07-2019
CID_501,Yash,49,Male,Noida,Electrician,777776,24-12-2018
CID_502,Sanjay,35,Male,Pune,Software Developer,660438,13-10-2024
CID_503,Sam,32,Other,Kolkata,Teacher,707300,05-06-2020
CID_504,Pranav,13,Male,Lucknow,Student,,22-07-2018
CID_505,Tarun,25,Male,Aligarh,Business Owner,1185762,07-11-2024
CID_506,Aarti,12,Female,Lucknow,Student,,29-05-2022
CID_507,Gaurav,9,Male,Noida,Student,,18-10-2025
CID_508,Ananya,30,Female,Chennai,Doctor,1289440,19-11-2024
CID_509,Sanjay,46,Male,Delhi,Software Developer,591454,31-05-2020
CID_510,Neha,64,Female,Pune,Consultant,854480,06-08-2025
CID_511,Preeti,53,Female,Chennai,Consultant,209933,13-01-2022
CID_512,Aarav,69,Male,Kolkata,Manager,1203114,03-04-2024
CID_513,Aman,27,Male,Pune,Electrician,415932,31-03-2021
CID_514,Pooja,71,Female,Pune,Software Developer,209441,27-06-2021
CID_515,Tarun,54,Male,Noida,Designer,644024,11-07-2020
CID_516,Rajat,30,Male,Lucknow,Software Developer,493804,10-01-2025
CID_517,Rin,32,Other,Pune,Doctor,645649,29-05-2021
CID_518,Rashmi,58,Female,Chennai,Designer,1568628,13-07-2019
CID_519,Amit,60,Male,Kolkata,Mechanic,434599,11-09-2020
CID_520,Dee,62,Other,Delhi,Consultant,330159,09-06-2025
CID_521,Rakesh,14,Male,Lucknow,Student,,09-07-2023
CID_522,Anjali,52,Female,Delhi,Sales Executive,912276,03-10-2024
CID_523,Tanya,22,Female,Kolkata,Doctor,1566754,09-09-2021
CID_524,Shaurya,43,Male,Pune,Engineer,1044604,22-07-2021
CID_525,Krishna,16,Male,Mumbai,Shop Assistant,137887,11-02-2018
CID_526,Sanjay,16,Male,Lucknow,Intern,73576,21-04-2024
CID_527,Aarav,50,Male,Noida,Engineer,1082120,27-08-2025
CID_528,Rin,37,Other,Aligarh,Doctor,634036,13-12-2020
CID_529,Rahul,67,Male,Delhi,Mechanic,1024743,11-10-2023
CID_530,Karan,54,Male,Kolkata,Consultant,1794238,11-12-2023
CID_531,Saanvi,17,Female,Noida,Call Center Trainee,149260,08-12-2023
CID_532,Deepak,40,Male,Noida,Marketing Specialist,1376711,16-07-2020
CID_533,Jordan,16,Other,Lucknow,Office Intern,68167,10-12-2021
CID_534,Aadhya,10,Female,Kolkata,Student,,17-10-2023
CID_535,Manish,58,Male,Aligarh,Clerk,885035,06-09-2025
CID_536,Khushi,25,Female,Noida,Doctor,261147,01-12-2021
CID_537,Pallavi,49,Female,Chennai,Consultant,1690030,28-06-2024
CID_538,Riya,10,Female,Aligarh,Student,,09-03-2024
CID_539,Adi,24,Other,Noida,Business Owner,830367,12-02-2022
CID_540,Pranav,46,Male,Pune,Engineer,1237454,25-05-2019
CID_541,Tanya,57,Female,Aligarh,Driver,1908376,06-08-2024
CID_542,Nikhil,32,Male,Pune,Sales Executive,753990,16-05-2018
CID_543,Sanjay,44,Male,Chennai,Engineer,638380,10-12-2019
CID_544,Saanvi,65,Female,Chennai,Software Developer,865997,12-03-2019
CID_545,Karan,33,Male,Mumbai,Doctor,1214578,26-07-2019
CID_546,Diya,11,Female,Delhi,Student,,18-08-2021
CID_547,Taylor,34,Other,Aligarh,Consultant,445458,10-04-2023
CID_548,Alex,19,Other,Kolkata,Shop Assistant,195427,13-04-2025
CID_549,Manish,52,Male,Delhi,Business Owner,1429649,28-01-2023
CID_550,Rakesh,29,Male,Mumbai,Designer,1519490,28-07-2024
CID_551,Atharv,62,Male,Kolkata,Designer,1654627,09-05-2023
CID_552,Payal,55,Female,Noida,Engineer,1409678,31-07-2025
CID_553,Yash,18,Male,Aligarh,Call Center Trainee,174327,31-03-2025
CID_554,Rin,5,Other,Mumbai,Student,,18-09-2023
CID_555,Simran,41,Female,Lucknow,Doctor,1190905,11-03-2019
CID_556,Muskan,19,Female,Chennai,Student,87415,19-08-2022
CID_557,Manish,58,Male,Pune,Driver,392959,03-02-2022
CID_558,Riya,12,Female,Kolkata,Student,,10-05-2021
CID_559,Pallavi,40,Female,Chennai,Manager,769916,07-03-2018
CID_560,Swati,60,Female,Mumbai,Mechanic,1156657,20-02-2023
CID_561,Krishna,37,Male,Aligarh,Mechanic,967297,04-08-2018
CID_562,Saanvi,73,Female,Mumbai,Business Owner,1379575,07-11-2023
CID_563,Nikhil,59,Male,Mumbai,Consultant,1734023,02-12-2019
CID_564,Ishaan,56,Male,Aligarh,Software Developer,1763604,02-04-2025
CID_565,Karan,47,Male,Kolkata,Mechanic,297230,03-03-2022
CID_566,Deepak,67,Male,Mumbai,Engineer,600335,29-12-2023
CID_567,Rajat,66,Male,Noida,Mechanic,1869203,30-10-2025
CID_568,Sanjay,44,Male,Kolkata,Designer,1930400,03-04-2019
CID_569,Varun,40,Male,Chennai,Marketing Specialist,1055996,20-01-2018
CID_570,Simran,73,Female,Chennai,Mechanic,1831351,13-10-2020
CID_571,Manish,48,Male,Mumbai,Mechanic,1837324,05-01-2018
CID_572,Rahul,75,Male,Lucknow,Electrician,686219,18-08-2018
CID_573,Manish,32,Male,Delhi,Mechanic,979646,22-09-2019
CID_574,Aadhya,8,Female,Delhi,Student,,14-04-2021
CID_575,Pallavi,49,Female,Kolkata,Clerk,1882126,19-06-2018
CID_576,Tanya,45,Female,Pune,Business Owner,1106743,01-04-2019
CID_577,Manish,17,Male,Pune,Shop Assistant,154430,11-06-2019
CID_578,Vivaan,62,Male,Lucknow,Accountant,1832737,10-07-2025
CID_579,Rajat,42,Male,Pune,Driver,856162,08-02-2021
CID_580,Deepak,17,Male,Mumbai,Call Center Trainee,52955,26-12-2022
CID_581,Shaurya,31,Male,Lucknow,Designer,341902,30-08-2021
CID_582,Aadhya,50,Female,Noida,Consultant,1424327,16-04-2021
CID_583,Atharv,21,Male,Chennai,Delivery Assistant,76466,18-07-2018
CID_584,Aman,5,Male,Delhi,Student,,23-10-2025
CID_585,Aman,6,Male,Mumbai,Student,,15-08-2024
CID_586,Riya,9,Female,Pune,Student,,30-11-2021
CID_587,Kabir,10,Male,Noida,Student,,20-01-2020
CID_588,Khushi,70,Female,Delhi,Sales Executive,650246,06-10-2020
CID_589,Diya,34,Female,Delhi,Driver,687722,14-08-2022
CID_590,Karan,18,Male,Mumbai,Call Center Trainee,67200,15-02-2020
CID_591,Vivaan,11,Male,Pune,Student,,23-03-2018
CID_592,Manish,45,Male,Delhi,Accountant,1502667,24-06-2019
CID_593,Shaurya,42,Male,Chennai,Electrician,1404041,03-06-2023
CID_594,Aadhya,30,Female,Mumbai,Designer,1449319,03-12-2018
CID_595,Diya,44,Female,Delhi,Electrician,884088,15-11-2023
CID_596,Pranav,57,Male,Kolkata,Marketing Specialist,231097,16-08-2023
CID_597,Aman,20,Male,Mumbai,Intern,55278,21-04-2023
CID_598,Rin,13,Other,Chennai,Student,,05-04-2018
CID_599,Ishaan,17,Male,Mumbai,Call Center Trainee,109306,18-05-2024
CID_600,Ishita,8,Female,Pune,Student,,12-08-2025
CID_601,Aarti,21,Female,Kolkata,Student,149900,14-03-2018
CID_602,Rin,69,Other,Chennai,Consultant,1815526,14-12-2023
CID_603,Deepak,59,Male,Kolkata,Driver,1924388,30-07-2023
CID_604,Pranav,9,Male,Noida,Student,,11-02-2018
CID_605,Ishita,53,Female,Noida,Consultant,1984397,06-01-2023
CID_606,Pranav,60,Male,Aligarh,Sales Executive,826501,08-10-2019
CID_607,Simran,10,Female,Mumbai,Student,,25-11-2018
CID_608,Gaurav,43,Male,Aligarh,Driver,1097372,24-03-2025
CID_609,Aman,29,Male,Delhi,Designer,1699769,23-03-2025
CID_610,Aditya,64,Male,Noida,Engineer,1338987,18-06-2024
CID_611,Ankit,66,Male,Mumbai,Software Developer,1285590,16-12-2024
CID_612,Tarun,46,Male,Lucknow,Clerk,1423223,02-04-2022
CID_613,Manish,65,Male,Lucknow,Business Owner,1801240,08-09-2024
CID_614,Ira,21,Female,Kolkata,Student,195397,12-12-2018
CID_615,Arjun,15,Male,Aligarh,Student,,17-02-2021
CID_616,Shaurya,56,Male,Kolkata,Clerk,564079,08-06-2023
CID_617,Krishna,27,Male,Kolkata,Mechanic,1412865,11-05-2025
CID_618,Rohan,57,Male,Aligarh,Mechanic,1882560,14-06-2025
CID_619,Varun,68,Male,Pune,Marketing Specialist,739746,23-05-2022
CID_620,Rakesh,53,Male,Delhi,Sales Executive,1904755,12-03-2020
CID_621,Divya,10,Female,Kolkata,Student,,23-05-2022
CID_622,Sonali,25,Female,Noida,Doctor,732203,18-06-2019
CID_623,Dee,20,Other,Mumbai,Call Center Trainee,50385,21-12-2018
CID_624,Aarav,14,Male,Aligarh,Student,,10-10-2025
CID_625,Muskan,63,Female,Aligarh,Sales Executive,1701513,12-08-2020
CID_626,Rohan,18,Male,Lucknow,Call Center Trainee,187291,13-09-2022
CID_627,Arjun,53,Male,Mumbai,Business Owner,742483,29-07-2019
CID_628,Sam,48,Other,Kolkata,Consultant,1143254,08-01-2021
CID_629,Ankit,56,Male,Noida,Electrician,1672196,02-03-2022
CID_630,Tanya,70,Female,Mumbai,Business Owner,1387524,29-09-2025
CID_631,Adi,35,Other,Noida,Engineer,1631541,29-06-2022
CID_632,Shreya,46,Female,Kolkata,Clerk,896087,14-04-2018
CID_633,Ishita,32,Female,Aligarh,Driver,971459,13-12-2019
CID_634,Arjun,28,Male,Kolkata,Doctor,1992282,20-09-2019
CID_635,Ankit,7,Male,Mumbai,Student,,23-06-2018
CID_636,Taylor,32,Other,Chennai,Teacher,809431,18-06-2019
CID_637,Deepak,39,Male,Mumbai,Designer,647719,04-11-2025
CID_638,Ritu,5,Female,Noida,Student,,29-03-2019
CID_639,Priya,16,Female,Chennai,Student,73461,27-12-2019
CID_640,Divya,33,Female,Lucknow,Driver,1532815,22-03-2021
CID_641,Shaurya,53,Male,Lucknow,Business Owner,661304,15-06-2018
CID_642,Amit,7,Male,Pune,Student,,23-12-2023
CID_643,Siddharth,23,Male,Noida,Designer,1920727,02-07-2020
CID_644,Nikhil,53,Male,Chennai,Electrician,1566521,28-06-2020
CID_645,Ananya,9,Female,Lucknow,Student,,17-12-2025
CID_646,Harsh,30,Male,Pune,Accountant,1182735,12-01-2023
CID_647,Harsh,25,Male,Delhi,Sales Executive,1835739,22-05-2021
CID_648,Shaurya,28,Male,Kolkata,Manager,218468,02-08-2018
CID_649,Gaurav,16,Male,Delhi,Intern,189507,06-08-2022
CID_650,Dee,41,Other,Mumbai,Driver,286169,26-07-2020
CID_651,Pallavi,10,Female,Aligarh,Student,,25-12-2021
CID_652,Atharv,64,Male,Delhi,Teacher,638568,19-10-2021
CID_653,Ari,39,Other,Noida,Driver,1482799,29-07-2022
CID_654,Rahul,49,Male,Lucknow,Marketing Specialist,917956,25-03-2019
CID_655,Simran,40,Female,Chennai,Manager,1710456,29-07-2025
CID_656,Ankit,61,Male,Chennai,Software Developer,547553,18-08-2020
CID_657,Rituraj,11,Male,Noida,Student,,20-02-2019
CID_658,Manish,51,Male,Kolkata,Driver,1968929,13-07-2020
CID_659,Shaurya,65,Male,Chennai,Mechanic,754958,16-06-2018
CID_660,Varun,16,Male,Lucknow,Shop Assistant,171496,07-06-2019
CID_661,Ari,18,Other,Chennai,Student,103708,31-08-2025
CID_662,Rahul,49,Male,Mumbai,Sales Executive,1832534,17-03-2022
CID_663,Siddharth,25,Male,Kolkata,Clerk,1917036,24-04-2025
CID_664,Aarav,5,Male,Chennai,Student,,17-03-2018
CID_665,Rituraj,66,Male,Delhi,Manager,1797400,23-07-2022
CID_666,Preeti,23,Female,Kolkata,Driver,381789,04-08-2020
CID_667,Pooja,67,Female,Mumbai,Manager,1918160,21-03-2023
CID_668,Ankit,50,Male,Delhi,Driver,1192817,23-07-2020
CID_669,Alex,19,Other,Pune,Shop Assistant,109055,30-07-2024
CID_670,Taylor,57,Other,Pune,Sales Executive,742074,15-09-2022
CID_671,Swati,9,Female,Lucknow,Student,,07-04-2018
CID_672,Pooja,23,Female,Chennai,Business Owner,1632490,10-02-2018
CID_673,Pallavi,53,Female,Noida,Electrician,1289919,24-06-2019
CID_674,Krishna,59,Male,Chennai,Engineer,1743269,29-03-2021
CID_675,Payal,14,Female,Aligarh,Student,,16-09-2024
CID_676,Amit,20,Male,Pune,Intern,103169,11-06-2023
CID_677,Priya,14,Female,Pune,Student,,11-09-2022
CID_678,Deepak,23,Male,Delhi,Teacher,1648514,27-11-2023
CID_679,Ananya,44,Female,Lucknow,Accountant,1928721,16-07-2025
CID_680,Ishita,29,Female,Mumbai,Accountant,1197314,26-01-2023
CID_681,Tanya,72,Female,Delhi,Clerk,1829522,10-08-2020
CID_682,Krishna,32,Male,Chennai,Doctor,1917085,23-12-2022
CID_683,Ari,25,Other,Kolkata,Driver,1102128,13-03-2018
CID_684,Ananya,63,Female,Mumbai,Doctor,632740,29-03-2018
CID_685,Aarav,16,Male,Aligarh,Intern,89430,17-10-2025
CID_686,Nisha,31,Female,Mumbai,Software Developer,202462,15-08-2025
CID_687,Muskan,44,Female,Chennai,Driver,525241,12-04-2020
CID_688,Meera,68,Female,Chennai,Doctor,1066377,27-06-2025
CID_689,Ritu,5,Female,Pune,Student,,13-01-2020
CID_690,Pooja,64,Female,Mumbai,Sales Executive,236807,28-01-2024
CID_691,Amit,18,Male,Pune,Office Intern,130391,26-08-2022
CID_692,Sanjay,45,Male,Aligarh,Clerk,665954,18-06-2018
CID_693,Aman,45,Male,Delhi,Business Owner,671386,11-03-2021
CID_694,Jai,18,Other,Mumbai,Student,55101,26-08-2023
CID_695,Taylor,32,Other,Noida,Driver,1140063,23-12-2023
CID_696,Rohan,63,Male,Delhi,Business Owner,1025605,20-06-2021
CID_697,Rahul,19,Male,Pune,Office Intern,65453,13-08-2020
CID_698,Kavya,50,Female,Lucknow,Electrician,614967,18-11-2022
CID_699,Atharv,10,Male,Chennai,Student,,31-12-2024
CID_700,Tanya,50,Female,Lucknow,Doctor,1281739,13-06-2019
CID_701,Siddharth,70,Male,Pune,Electrician,762412,09-02-2021
CID_702,Aman,48,Male,Pune,Clerk,1076325,02-01-2021
CID_703,Gaurav,66,Male,Delhi,Doctor,1690487,15-05-2021
CID_704,Rahul,6,Male,Chennai,Student,,06-07-2023
CID_705,Ishaan,7,Male,Chennai,Student,,18-12-2023
CID_706,Harsh,37,Male,Lucknow,Driver,1452511,25-06-2018
CID_707,Dee,20,Other,Pune,Shop Assistant,124500,17-09-2023
CID_708,Ankit,59,Male,Noida,Teacher,589605,16-07-2019
CID_709,Aadhya,52,Female,Delhi,Business Owner,881518,06-12-2020
CID_710,Krishna,24,Male,Delhi,Sales Executive,679261,11-09-2022
CID_711,Aadhya,59,Female,Aligarh,Marketing Specialist,1092644,13-06-2022
CID_712,Rituraj,74,Male,Kolkata,Engineer,1151750,29-12-2020
CID_713,Ankit,72,Male,Aligarh,Software Developer,457657,24-05-2025
CID_714,Anjali,69,Female,Pune,Marketing Specialist,1672480,01-03-2018
CID_715,Ishaan,7,Male,Pune,Student,,02-04-2019
CID_716,Atharv,75,Male,Pune,Manager,1755313,02-02-2023
CID_717,Harsh,60,Male,Noida,Accountant,1198942,15-01-2025
CID_718,Krishna,43,Male,Chennai,Driver,1791674,11-11-2025
CID_719,Varun,34,Male,Aligarh,Doctor,1033924,15-08-2021
CID_720,Aman,65,Male,Noida,Accountant,824497,16-03-2021
CID_721,Rakesh,9,Male,Chennai,Student,,08-06-2022
CID_722,Harsh,14,Male,Mumbai,Student,,23-09-2019
CID_723,Ananya,70,Female,Kolkata,Software Developer,821986,27-08-2018
CID_724,Rakesh,60,Male,Mumbai,Engineer,1231760,19-02-2022
CID_725,Krishna,30,Male,Chennai,Electrician,1630421,13-06-2022
CID_726,Arjun,66,Male,Mumbai,Doctor,975774,23-03-2019
CID_727,Siddharth,67,Male,Aligarh,Sales Executive,1087644,13-01-2024
CID_728,Aditya,72,Male,Noida,Sales Executive,1842299,16-04-2025
CID_729,Rituraj,38,Male,Pune,Electrician,1442039,24-10-2020
CID_730,Aman,52,Male,Aligarh,Electrician,1998082,22-07-2025
CID_731,Yash,72,Male,Lucknow,Doctor,1162363,13-07-2020
CID_732,Deepak,30,Male,Lucknow,Business Owner,1400055,29-06-2019
CID_733,Aditya,23,Male,Kolkata,Sales Executive,1178489,01-04-2019
CID_734,Diya,34,Female,Chennai,Sales Executive,729085,27-06-2018
CID_735,Rohan,16,Male,Kolkata,Office Intern,95185,15-12-2022
CID_736,Alex,60,Other,Mumbai,Software Developer,1356459,24-10-2021
CID_737,Aarav,47,Male,Delhi,Sales Executive,844168,19-12-2021
CID_738,Ira,43,Female,Chennai,Designer,1486352,29-07-2018
CID_739,Manish,43,Male,Delhi,Business Owner,821799,07-11-2025
CID_740,Rakesh,19,Male,Kolkata,Part-time Tutor,61909,03-03-2023
CID_741,Amit,30,Male,Pune,Mechanic,1716527,22-06-2023
CID_742,Yash,19,Male,Noida,Office Intern,94873,21-09-2018
CID_743,Gaurav,46,Male,Aligarh,Clerk,967881,26-05-2018
CID_744,Amit,16,Male,Pune,Delivery Assistant,123870,04-02-2023
CID_745,Gaurav,38,Male,Lucknow,Consultant,411342,06-02-2023
CID_746,Ankit,13,Male,Noida,Student,,06-01-2021
CID_747,Neha,66,Female,Noida,Sales Executive,795501,08-12-2025
CID_748,Khushi,34,Female,Noida,Designer,1388434,20-02-2021
CID_749,Vivaan,68,Male,Delhi,Sales Executive,1963342,12-06-2022
CID_750,Aman,46,Male,Mumbai,Manager,250860,15-06-2019
CID_751,Siddharth,70,Male,Kolkata,Consultant,999172,26-11-2024
CID_752,Jai,62,Other,Mumbai,Teacher,421868,16-10-2024
CID_753,Aditya,53,Male,Delhi,Teacher,1609976,08-06-2022
CID_754,Harsh,56,Male,Mumbai,Designer,1725049,27-02-2023
CID_755,Pranav,30,Male,Lucknow,Driver,428790,31-01-2021
CID_756,Varun,14,Male,Chennai,Student,,21-07-2019
CID_757,Aman,14,Male,Chennai,Student,,12-12-2024
CID_758,Muskan,70,Female,Kolkata,Consultant,1314895,04-03-2020
CID_759,Krishna,26,Male,Aligarh,Mechanic,478351,23-06-2021
CID_760,Pallavi,25,Female,Pune,Doctor,205537,12-01-2021
CID_761,Aman,14,Male,Aligarh,Student,,27-02-2019
CID_762,Vikas,61,Male,Aligarh,Electrician,1825992,01-11-2019
CID_763,Rohan,18,Male,Delhi,Student,104120,28-01-2018
CID_764,Swati,19,Female,Delhi,Delivery Assistant,174581,10-12-2022
CID_765,Anjali,50,Female,Lucknow,Driver,1788357,17-07-2018
CID_766,Preeti,54,Female,Pune,Clerk,1008893,06-11-2020
CID_767,Rituraj,48,Male,Delhi,Manager,958430,15-10-2023
CID_768,Sonali,47,Female,Pune,Mechanic,1432594,02-03-2022
CID_769,Aman,37,Male,Lucknow,Engineer,480406,06-06-2025
CID_770,Anjali,19,Female,Delhi,Part-time Tutor,53617,17-11-2021
CID_771,Gaurav,55,Male,Chennai,Software Developer,291321,26-02-2024
CID_772,Sonali,49,Female,Lucknow,Manager,1248997,04-12-2018
CID_773,Ari,28,Other,Delhi,Designer,1448851,03-07-2018
CID_774,Rashmi,28,Female,Noida,Designer,492393,30-03-2020
CID_775,Siddharth,5,Male,Lucknow,Student,,10-01-2021
CID_776,Manish,60,Male,Kolkata,Business Owner,725152,28-10-2019
CID_777,Aditya,22,Male,Lucknow,Teacher,1533733,28-03-2022
CID_778,Deepak,12,Male,Mumbai,Student,,03-10-2023
CID_779,Dee,17,Other,Lucknow,Office Intern,56724,26-11-2019
CID_780,Kiran,70,Other,Aligarh,Teacher,642728,22-03-2019
CID_781,Vivaan,68,Male,Lucknow,Marketing Specialist,1228843,08-10-2020
CID_782,Rajat,19,Male,Noida,Student,185659,15-12-2020
CID_783,Krishna,28,Male,Aligarh,Engineer,1885351,22-01-2020
CID_784,Rajat,25,Male,Chennai,Teacher,1136150,11-04-2018
CID_785,Gaurav,33,Male,Delhi,Doctor,781551,27-05-2022
CID_786,Nisha,54,Female,Pune,Clerk,1547089,02-11-2019
CID_787,Muskan,31,Female,Aligarh,Manager,1420172,19-02-2023
CID_788,Ishita,65,Female,Aligarh,Designer,356951,04-08-2019
CID_789,Aadhya,36,Female,Chennai,Sales Executive,1117305,02-11-2022
CID_790,Aman,33,Male,Kolkata,Teacher,1814367,12-08-2019
CID_791,Deepak,51,Male,Pune,Software Developer,497010,06-12-2020
CID_792,Vivaan,27,Male,Noida,Mechanic,424471,03-08-2023
CID_793,Tarun,30,Male,Kolkata,Engineer,1152827,13-11-2021
CID_794,Rohan,46,Male,Mumbai,Clerk,712698,09-11-2024
CID_795,Shaurya,25,Male,Chennai,Sales Executive,1188199,26-02-2025
CID_796,Amit,52,Male,Mumbai,Clerk,1439843,17-11-2022
CID_797,Rajat,33,Male,Delhi,Electrician,1075052,13-10-2025
CID_798,Kabir,41,Male,Lucknow,Manager,331882,25-09-2025
CID_799,Vivaan,7,Male,Delhi,Student,,28-02-2025
CID_800,Sam,40,Other,Aligarh,Doctor,1880011,28-04-2023
CID_801,Shreya,70,Female,Delhi,Accountant,783407,26-04-2025
CID_802,Yash,61,Male,Pune,Sales Executive,1945044,04-11-2020
CID_803,Nikhil,53,Male,Kolkata,Teacher,1414615,25-01-2019
CID_804,Yash,66,Male,Aligarh,Accountant,1972566,26-05-2021
CID_805,Jordan,11,Other,Kolkata,Student,,24-12-2024
CID_806,Gaurav,5,Male,Kolkata,Student,,04-09-2018
CID_807,Atharv,20,Male,Mumbai,Shop Assistant,148818,12-12-2022
CID_808,Ritu,29,Female,Noida,Accountant,1371789,13-08-2022
CID_809,Ishita,54,Female,Noida,Software Developer,1840183,05-05-2025
CID_810,Priya,48,Female,Delhi,Mechanic,243587,26-05-2021
CID_811,Rituraj,64,Male,Noida,Driver,483642,20-12-2024
CID_812,Nikhil,50,Male,Noida,Manager,1687428,18-08-2023
CID_813,Neha,59,Female,Pune,Designer,601916,11-06-2020
CID_814,Atharv,10,Male,Chennai,Student,,03-01-2025
CID_815,Riya,55,Female,Lucknow,Software Developer,503166,18-01-2025
CID_816,Rohan,35,Male,Mumbai,Designer,1772291,13-08-2025
CID_817,Payal,26,Female,Mumbai,Consultant,1518666,15-09-2024
CID_818,Rahul,54,Male,Lucknow,Doctor,236861,06-02-2018
CID_819,Rohan,54,Male,Lucknow,Marketing Specialist,476759,05-10-2018
CID_820,Sanjay,50,Male,Kolkata,Driver,1033447,07-04-2025
CID_821,Muskan,61,Female,Mumbai,Sales Executive,373918,26-07-2021
CID_822,Rin,54,Other,Chennai,Marketing Specialist,1616823,16-02-2018
CID_823,Rituraj,21,Male,Delhi,Office Intern,75793,28-11-2024
CID_824,Komal,22,Female,Noida,Mechanic,1493240,26-01-2019
CID_825,Payal,67,Female,Aligarh,Driver,546572,02-02-2021
CID_826,Shaurya,42,Male,Aligarh,Marketing Specialist,1025896,12-12-2019
CID_827,Amit,44,Male,Mumbai,Sales Executive,1737088,21-12-2022
CID_828,Ishaan,32,Male,Delhi,Manager,569724,27-07-2020
CID_829,Nikhil,29,Male,Delhi,Designer,1112125,04-11-2019
CID_830,Kiran,73,Other,Lucknow,Consultant,1167688,21-06-2019
CID_831,Ishaan,17,Male,Chennai,Delivery Assistant,183230,06-09-2025
CID_832,Ankit,33,Male,Noida,Teacher,410847,24-05-2019
CID_833,Divya,34,Female,Lucknow,Marketing Specialist,765013,07-10-2022
CID_834,Arjun,48,Male,Mumbai,Accountant,1979432,04-07-2024
CID_835,Kiran,45,Other,Aligarh,Doctor,502880,11-06-2021
CID_836,Kabir,18,Male,Aligarh,Call Center Trainee,80938,29-06-2021
CID_837,Rahul,13,Male,Kolkata,Student,,24-10-2021
CID_838,Manish,61,Male,Noida,Accountant,1941145,25-10-2024
CID_839,Rahul,47,Male,Pune,Designer,622760,28-02-2025
CID_840,Gaurav,26,Male,Noida,Doctor,942148,27-08-2020
CID_841,Aditya,73,Male,Delhi,Engineer,1975081,07-07-2020
CID_842,Alex,67,Other,Kolkata,Driver,251920,20-06-2020
CID_843,Atharv,16,Male,Kolkata,Intern,90134,25-04-2022
CID_844,Pooja,6,Female,Lucknow,Student,,12-04-2023
CID_845,Karan,53,Male,Noida,Marketing Specialist,1979262,24-05-2018
CID_846,Meera,20,Female,Chennai,Office Intern,73975,27-01-2020
CID_847,Swati,16,Female,Noida,Shop Assistant,74332,22-11-2024
CID_848,Arjun,46,Male,Delhi,Mechanic,1191591,27-10-2018
CID_849,Shaurya,26,Male,Pune,Designer,1788386,08-10-2024
CID_850,Ishaan,10,Male,Delhi,Student,,07-04-2025
CID_851,Khushi,62,Female,Pune,Business Owner,363471,22-02-2021
CID_852,Tanya,9,Female,Delhi,Student,,18-06-2025
CID_853,Siddharth,49,Male,Aligarh,Engineer,1990878,30-06-2019
CID_854,Yash,35,Male,Kolkata,Marketing Specialist,1320407,06-11-2021
CID_855,Ankit,21,Male,Delhi,Intern,135634,10-01-2020
CID_856,Ishita,30,Female,Noida,Software Developer,862706,17-08-2018
CID_857,Ishita,48,Female,Kolkata,Engineer,1168799,13-01-2022
CID_858,Sam,19,Other,Noida,Intern,139355,31-08-2020
CID_859,Siddharth,6,Male,Mumbai,Student,,31-01-2019
CID_860,Yash,11,Male,Kolkata,Student,,25-01-2020
CID_861,Saanvi,32,Female,Lucknow,Manager,1343297,09-06-2022
CID_862,Aarti,60,Female,Mumbai,Accountant,1172980,15-08-2025
CID_863,Rakesh,13,Male,Kolkata,Student,,17-11-2022
CID_864,Muskan,67,Female,Pune,Driver,770997,03-04-2025
CID_865,Kavya,53,Female,Aligarh,Software Developer,1195295,04-10-2021
CID_866,Yash,52,Male,Chennai,Mechanic,1011867,21-10-2020
CID_867,Karan,62,Male,Chennai,Marketing Specialist,862192,22-01-2019
CID_868,Shreya,59,Female,Pune,Accountant,353114,17-07-2024
CID_869,Aman,47,Male,Noida,Business Owner,1199948,11-02-2022
CID_870,Neha,21,Female,Delhi,Intern,101897,14-07-2021
CID_871,Gaurav,6,Male,Aligarh,Student,,11-12-2021
CID_872,Atharv,63,Male,Aligarh,Accountant,336054,05-05-2019
CID_873,Aadhya,75,Female,Pune,Teacher,849496,15-07-2022
CID_874,Rakesh,56,Male,Aligarh,Doctor,1171123,12-04-2021
CID_875,Rahul,43,Male,Lucknow,Teacher,1471420,29-09-2023
CID_876,Kabir,22,Male,Chennai,Manager,1743987,21-05-2019
CID_877,Komal,49,Female,Pune,Driver,781023,15-11-2019
CID_878,Kabir,61,Male,Aligarh,Clerk,451569,11-03-2021
CID_879,Alex,37,Other,Noida,Marketing Specialist,1968589,11-12-2018
CID_880,Aadhya,55,Female,Mumbai,Manager,488452,02-02-2018
CID_881,Vivaan,42,Male,Delhi,Accountant,1905511,04-09-2019
CID_882,Tarun,61,Male,Noida,Sales Executive,347765,18-10-2023
CID_883,Amit,5,Male,Chennai,Student,,23-06-2022
CID_884,Rajat,41,Male,Lucknow,Driver,1767258,04-08-2022
CID_885,Rakesh,19,Male,Noida,Intern,51997,19-10-2019
CID_886,Manish,57,Male,Kolkata,Mechanic,340664,09-03-2021
CID_887,Jai,26,Other,Kolkata,Accountant,1802851,26-10-2021
CID_888,Atharv,69,Male,Mumbai,Electrician,834103,01-05-2020
CID_889,Khushi,69,Female,Chennai,Engineer,1035081,24-01-2025
CID_890,Tarun,64,Male,Mumbai,Sales Executive,1819991,22-06-2024
CID_891,Sanjay,51,Male,Lucknow,Manager,1622075,17-08-2019
CID_892,Komal,58,Female,Mumbai,Engineer,1555615,04-02-2019
CID_893,Divya,75,Female,Aligarh,Clerk,889824,25-01-2019
CID_894,Siddharth,16,Male,Lucknow,Shop Assistant,110046,03-08-2022
CID_895,Deepak,21,Male,Delhi,Student,142026,08-12-2023
CID_896,Aditya,67,Male,Chennai,Sales Executive,1939282,08-10-2019
CID_897,Atharv,12,Male,Chennai,Student,,10-12-2019
CID_898,Arjun,17,Male,Chennai,Call Center Trainee,196845,07-03-2024
CID_899,Aman,47,Male,Kolkata,Engineer,304444,18-11-2024
CID_900,Vivaan,8,Male,Delhi,Student,,20-08-2021
CID_901,Nikhil,50,Male,Mumbai,Sales Executive,1556436,07-06-2021
CID_902,Aman,70,Male,Kolkata,Business Owner,1492185,23-12-2021
CID_903,Rashmi,57,Female,Chennai,Designer,1136198,17-09-2019
CID_904,Aadhya,39,Female,Noida,Doctor,202620,12-09-2018
CID_905,Ari,13,Other,Delhi,Student,,11-11-2019
CID_906,Rin,75,Other,Lucknow,Designer,1781281,11-03-2022
CID_907,Jai,10,Other,Noida,Student,,29-03-2020
CID_908,Anjali,17,Female,Pune,Intern,85456,24-06-2024
CID_909,Gaurav,68,Male,Pune,Marketing Specialist,1110467,01-04-2019
CID_910,Muskan,70,Female,Noida,Marketing Specialist,1392952,28-03-2020
CID_911,Gaurav,45,Male,Lucknow,Business Owner,512890,11-05-2019
CID_912,Deepak,56,Male,Kolkata,Doctor,1876131,09-11-2019
CID_913,Rituraj,43,Male,Kolkata,Marketing Specialist,1285181,14-09-2021
CID_914,Kabir,31,Male,Chennai,Driver,911977,02-11-2019
CID_915,Rin,74,Other,Pune,Software Developer,260745,06-11-2022
CID_916,Tanya,56,Female,Noida,Sales Executive,698276,22-04-2020
CID_917,Riya,70,Female,Kolkata,Manager,339294,25-10-2020
CID_918,Shaurya,60,Male,Kolkata,Mechanic,1141417,20-12-2023
CID_919,Kabir,48,Male,Noida,Business Owner,1490774,23-06-2024
CID_920,Ari,39,Other,Kolkata,Sales Executive,1072349,03-01-2024
CID_921,Rakesh,21,Male,Kolkata,Shop Assistant,88469,27-11-2021
CID_922,Ari,39,Other,Mumbai,Doctor,1083777,29-11-2023
CID_923,Sanjay,56,Male,Pune,Engineer,1232213,16-01-2022
CID_924,Meera,49,Female,Delhi,Business Owner,575038,01-10-2021
CID_925,Tarun,37,Male,Delhi,Electrician,230634,08-07-2023
CID_926,Ananya,19,Female,Pune,Student,190192,31-07-2021
CID_927,Preeti,13,Female,Kolkata,Student,,15-08-2020
CID_928,Komal,7,Female,Aligarh,Student,,10-06-2023
CID_929,Ishaan,29,Male,Lucknow,Clerk,1589079,19-02-2020
CID_930,Sonali,33,Female,Kolkata,Software Developer,1808238,17-12-2019
CID_931,Nikhil,39,Male,Mumbai,Engineer,623414,09-05-2021
CID_932,Siddharth,18,Male,Kolkata,Part-time Tutor,173682,05-09-2022
CID_933,Alex,74,Other,Chennai,Sales Executive,248372,11-06-2023
CID_934,Rohan,8,Male,Kolkata,Student,,18-08-2021
CID_935,Atharv,36,Male,Chennai,Sales Executive,1067340,03-07-2023
CID_936,Jordan,17,Other,Kolkata,Intern,187230,11-08-2019
CID_937,Aarti,43,Female,Chennai,Accountant,862713,02-10-2023
CID_938,Vivaan,49,Male,Mumbai,Consultant,1885716,26-08-2024
CID_939,Rituraj,70,Male,Lucknow,Marketing Specialist,1747520,26-06-2018
CID_940,Komal,57,Female,Pune,Consultant,1339298,03-03-2020
CID_941,Karan,7,Male,Lucknow,Student,,26-01-2020
CID_942,Nikhil,33,Male,Noida,Manager,1937258,02-11-2020
CID_943,Anjali,53,Female,Mumbai,Electrician,1160208,18-08-2023
CID_944,Shreya,40,Female,Kolkata,Electrician,805412,30-08-2025
CID_945,Vikas,37,Male,Chennai,Engineer,1076415,05-10-2025
CID_946,Rohan,71,Male,Kolkata,Doctor,1381906,17-01-2025
CID_947,Rakesh,28,Male,Chennai,Sales Executive,575020,18-01-2019
CID_948,Tanya,12,Female,Aligarh,Student,,08-09-2020
CID_949,Divya,24,Female,Pune,Software Developer,838142,15-09-2020
CID_950,Muskan,36,Female,Pune,Business Owner,671480,28-05-2021
CID_951,Sonali,45,Female,Kolkata,Electrician,731052,23-06-2020
CID_952,Ishita,63,Female,Kolkata,Driver,1175027,24-11-2023
CID_953,Adi,22,Other,Chennai,Engineer,847789,11-06-2019
CID_954,Rituraj,60,Male,Mumbai,Electrician,843573,23-07-2022
CID_955,Taylor,70,Other,Pune,Doctor,1600885,13-05-2021
CID_956,Rakesh,15,Male,Chennai,Student,,08-01-2025
CID_957,Vikas,43,Male,Pune,Accountant,1314286,02-10-2025
CID_958,Dee,70,Other,Noida,Consultant,501635,06-09-2019
CID_959,Rashmi,42,Female,Aligarh,Engineer,799191,18-05-2022
CID_960,Rohan,43,Male,Mumbai,Sales Executive,1726125,12-11-2024
CID_961,Vivaan,75,Male,Aligarh,Sales Executive,1977368,06-04-2019
CID_962,Amit,47,Male,Kolkata,Driver,492606,07-12-2019
CID_963,Tarun,58,Male,Chennai,Manager,1030473,12-10-2023
CID_964,Arjun,45,Male,Kolkata,Sales Executive,1453682,21-08-2018
CID_965,Nikhil,35,Male,Chennai,Engineer,1880927,05-07-2023
CID_966,Rituraj,54,Male,Mumbai,Business Owner,1943496,10-12-2019
CID_967,Gaurav,6,Male,Mumbai,Student,,02-04-2024
CID_968,Pranav,21,Male,Chennai,Office Intern,138516,01-07-2018
CID_969,Yash,7,Male,Mumbai,Student,,04-06-2023
CID_970,Atharv,49,Male,Mumbai,Electrician,386299,11-03-2020
CID_971,Rashmi,71,Female,Chennai,Marketing Specialist,310374,19-07-2021
CID_972,Vivaan,47,Male,Noida,Engineer,1955242,30-07-2020
CID_973,Krishna,56,Male,Aligarh,Manager,1880961,15-12-2023
CID_974,Vivaan,39,Male,Mumbai,Teacher,449388,28-05-2021
CID_975,Ira,54,Female,Pune,Marketing Specialist,459761,03-10-2025
CID_976,Alex,37,Other,Delhi,Accountant,1157570,22-10-2019
CID_977,Nikhil,69,Male,Kolkata,Mechanic,463869,24-12-2022
CID_978,Ananya,21,Female,Mumbai,Student,119097,07-12-2019
CID_979,Rashmi,17,Female,Aligarh,Call Center Trainee,181156,18-02-2021
CID_980,Jordan,70,Other,Chennai,Manager,1159358,25-05-2025
CID_981,Ari,57,Other,Delhi,Software Developer,1618915,05-04-2018
CID_982,Simran,42,Female,Chennai,Business Owner,1782299,17-05-2020
CID_983,Aditya,49,Male,Lucknow,Engineer,1284982,02-01-2020
CID_984,Rituraj,43,Male,Noida,Clerk,1598935,04-08-2021
CID_985,Ishita,53,Female,Noida,Software Developer,1088965,11-08-2019
CID_986,Varun,40,Male,Noida,Engineer,1373366,11-12-2021
CID_987,Yash,24,Male,Kolkata,Clerk,1859645,26-06-2025
CID_988,Kavya,65,Female,Lucknow,Accountant,1580778,06-03-2024
CID_989,Rohan,6,Male,Chennai,Student,,19-05-2020
CID_990,Kabir,11,Male,Delhi,Student,,24-02-2019
CID_991,Aarti,22,Female,Chennai,Electrician,843958,22-04-2021
CID_992,Nisha,22,Female,Mumbai,Doctor,538511,10-01-2018
CID_993,Rashmi,7,Female,Chennai,Student,,03-05-2025
CID_994,Kabir,68,Male,Noida,Sales Executive,539312,01-05-2023
CID_995,Shaurya,50,Male,Aligarh,Engineer,715560,10-09-2021
CID_996,Tarun,52,Male,Chennai,Designer,1261605,01-02-2024
CID_997,Shreya,28,Female,Aligarh,Designer,1310871,09-05-2019
CID_998,Diya,62,Female,Lucknow,Mechanic,1499799,01-11-2025
CID_999,Kabir,75,Male,Lucknow,Designer,1034752,08-05-2022
CID_1000,Tanya,22,Female,Lucknow,Manager,1816828,01-08-2019
CID_1001,Rashmi,12,Female,Mumbai,Student,,26-08-2022
CID_1002,Vivaan,70,Male,Delhi,Engineer,998190,06-02-2019
CID_1003,Nisha,27,Female,Mumbai,Marketing Specialist,1424603,12-11-2024
CID_1004,Shaurya,27,Male,Pune,Driver,1933475,15-04-2019
CID_1005,Payal,70,Female,Noida,Clerk,313300,18-09-2024
CID_1006,Harsh,30,Male,Noida,Engineer,234464,10-06-2024
CID_1007,Rashmi,48,Female,Aligarh,Electrician,1646719,07-11-2021
CID_1008,Ira,68,Female,Pune,Software Developer,1658264,02-03-2025
CID_1009,Rohan,52,Male,Lucknow,Business Owner,1211919,28-12-2024
CID_1010,Ankit,57,Male,Lucknow,Business Owner,1771435,23-07-2024
CID_1011,Siddharth,12,Male,Lucknow,Student,,17-05-2022
CID_1012,Kavya,74,Female,Kolkata,Driver,1340779,05-09-2025
CID_1013,Aadhya,13,Female,Aligarh,Student,,18-11-2024
CID_1014,Manish,52,Male,Lucknow,Teacher,993259,26-10-2021
CID_1015,Karan,7,Male,Lucknow,Student,,10-10-2019
CID_1016,Manish,31,Male,Lucknow,Clerk,1475756,13-01-2025
CID_1017,Siddharth,18,Male,Kolkata,Part-time Tutor,155526,13-02-2018
CID_1018,Ishaan,16,Male,Aligarh,Shop Assistant,186247,28-08-2024
CID_1019,Swati,5,Female,Mumbai,Student,,12-05-2024
CID_1020,Meera,21,Female,Noida,Call Center Trainee,126807,03-09-2023
CID_1021,Varun,55,Male,Aligarh,Electrician,1693999,09-12-2019
CID_1022,Muskan,29,Female,Aligarh,Clerk,1370649,09-07-2021
CID_1023,Rashmi,41,Female,Lucknow,Accountant,1152245,03-10-2018
CID_1024,Rin,61,Other,Kolkata,Consultant,1126364,30-10-2021
CID_1025,Ari,21,Other,Noida,Intern,66994,06-02-2020
CID_1026,Manish,56,Male,Chennai,Teacher,1035189,18-11-2022
CID_1027,Deepak,37,Male,Aligarh,Driver,1228642,01-10-2018
CID_1028,Karan,47,Male,Kolkata,Driver,1858205,16-02-2024
CID_1029,Shaurya,10,Male,Mumbai,Student,,26-07-2022
CID_1030,Tarun,48,Male,Noida,Doctor,1807064,21-01-2018
CID_1031,Vivaan,21,Male,Pune,Student,138322,16-04-2021
CID_1032,Simran,13,Female,Chennai,Student,,27-12-2021
CID_1033,Sam,73,Other,Pune,Teacher,846211,14-12-2022
CID_1034,Sneha,73,Female,Noida,Mechanic,657256,29-05-2020
CID_1035,Sneha,28,Female,Lucknow,Electrician,590050,12-03-2018
CID_1036,Rakesh,12,Male,Aligarh,Student,,06-12-2020
CID_1037,Atharv,72,Male,Pune,Sales Executive,1296967,11-05-2022
CID_1038,Varun,35,Male,Kolkata,Accountant,1505831,01-02-2020
CID_1039,Riya,21,Female,Delhi,Part-time Tutor,75488,03-12-2025
CID_1040,Alex,65,Other,Delhi,Clerk,798454,20-02-2018
CID_1041,Jordan,18,Other,Aligarh,Intern,187804,28-08-2019
CID_1042,Sonali,63,Female,Chennai,Clerk,302552,17-08-2020
CID_1043,Rin,13,Other,Delhi,Student,,23-11-2024
CID_1044,Payal,41,Female,Delhi,Software Developer,805730,08-08-2023
CID_1045,Rahul,66,Male,Mumbai,Mechanic,318605,13-07-2022
CID_1046,Sam,39,Other,Chennai,Manager,428773,01-06-2025
CID_1047,Payal,47,Female,Mumbai,Designer,645684,27-05-2023
CID_1048,Ritu,27,Female,Mumbai,Marketing Specialist,1560900,07-12-2021
CID_1049,Vivaan,9,Male,Aligarh,Student,,22-12-2024
CID_1050,Atharv,61,Male,Aligarh,Business Owner,1273244,29-12-2025
CID_1051,Ari,34,Other,Chennai,Sales Executive,1802853,19-01-2020
CID_1052,Deepak,67,Male,Pune,Accountant,1646015,16-03-2018
CID_1053,Atharv,18,Male,Mumbai,Delivery Assistant,94125,03-04-2024
CID_1054,Vivaan,47,Male,Pune,Driver,1637750,16-01-2022
CID_1055,Karan,50,Male,Pune,Clerk,1639440,22-01-2021
CID_1056,Rakesh,68,Male,Chennai,Sales Executive,1271805,24-06-2022
CID_1057,Priya,53,Female,Pune,Electrician,1449047,15-04-2022
CID_1058,Priya,18,Female,Pune,Part-time Tutor,55292,26-08-2024
CID_1059,Tarun,59,Male,Aligarh,Engineer,1451046,30-05-2025
CID_1060,Neha,26,Female,Kolkata,Teacher,1144064,13-11-2025
CID_1061,Kavya,9,Female,Noida,Student,,29-04-2025
CID_1062,Aditya,35,Male,Kolkata,Manager,1065615,15-04-2025
CID_1063,Khushi,65,Female,Mumbai,Clerk,251841,19-02-2024
CID_1064,Dee,33,Other,Lucknow,Driver,549518,02-08-2023
CID_1065,Diya,66,Female,Mumbai,Clerk,574686,12-04-2020
CID_1066,Simran,27,Female,Aligarh,Engineer,1175347,14-04-2021
CID_1067,Nisha,6,Female,Pune,Student,,12-08-2018
CID_1068,Shaurya,51,Male,Lucknow,Driver,1037901,31-03-2019
CID_1069,Manish,15,Male,Kolkata,Student,,18-10-2018
CID_1070,Adi,45,Other,Noida,Clerk,252607,10-12-2019
CID_1071,Tanya,43,Female,Delhi,Software Developer,1106842,17-10-2021
CID_1072,Simran,72,Female,Delhi,Marketing Specialist,1622794,29-07-2025
CID_1073,Vikas,39,Male,Chennai,Teacher,344254,17-11-2020
CID_1074,Kiran,70,Other,Pune,Consultant,1505767,16-04-2019
CID_1075,Dee,28,Other,Noida,Engineer,507033,20-08-2023
CID_1076,Varun,67,Male,Mumbai,Electrician,1469078,30-12-2019
CID_1077,Sanjay,64,Male,Mumbai,Software Developer,1343621,18-03-2021
CID_1078,Komal,17,Female,Delhi,Student,142639,03-02-2020
CID_1079,Atharv,10,Male,Chennai,Student,,24-10-2020
CID_1080,Divya,66,Female,Kolkata,Business Owner,1562123,23-04-2018
CID_1081,Rakesh,50,Male,Aligarh,Sales Executive,1665971,27-01-2022
CID_1082,Manish,50,Male,Pune,Business Owner,539031,16-05-2023
CID_1083,Nisha,69,Female,Mumbai,Accountant,695791,23-06-2018
CID_1084,Aditya,33,Male,Pune,Sales Executive,1796297,07-12-2023
CID_1085,Ari,59,Other,Chennai,Designer,949516,14-12-2018
CID_1086,Swati,56,Female,Noida,Electrician,1804353,29-12-2024
CID_1087,Tarun,67,Male,Delhi,Driver,1379091,28-09-2021
CID_1088,Priya,16,Female,Aligarh,Delivery Assistant,83298,04-08-2024
CID_1089,Jai,11,Other,Aligarh,Student,,22-10-2019
CID_1090,Ishita,34,Female,Kolkata,Engineer,693630,01-06-2023
CID_1091,Krishna,41,Male,Aligarh,Manager,1319297,12-02-2020
CID_1092,Nikhil,37,Male,Kolkata,Teacher,1281737,22-06-2023
CID_1093,Kavya,33,Female,Aligarh,Engineer,1824809,08-08-2023
CID_1094,Shaurya,43,Male,Lucknow,Electrician,618834,26-02-2025
CID_1095,Harsh,65,Male,Mumbai,Doctor,1606891,24-10-2019
CID_1096,Rahul,14,Male,Chennai,Student,,19-06-2019
CID_1097,Priya,58,Female,Aligarh,Mechanic,578178,08-02-2018
CID_1098,Muskan,59,Female,Mumbai,Software Developer,1962702,19-09-2019
CID_1099,Kabir,11,Male,Kolkata,Student,,30-08-2019
CID_1100,Kabir,70,Male,Chennai,Sales Executive,221005,08-01-2020
CID_1101,Diya,24,Female,Chennai,Engineer,716256,01-08-2025
CID_1102,Aditya,57,Male,Chennai,Sales Executive,1267673,27-09-2021
CID_1103,Nisha,45,Female,Mumbai,Manager,1884382,07-04-2020
CID_1104,Vivaan,42,Male,Chennai,Doctor,692955,14-08-2025
CID_1105,Siddharth,25,Male,Noida,Clerk,1192794,26-11-2025
CID_1106,Aman,53,Male,Noida,Electrician,318369,06-03-2019
CID_1107,Ananya,19,Female,Mumbai,Delivery Assistant,195860,30-06-2024
CID_1108,Kabir,69,Male,Chennai,Consultant,970344,07-08-2025
CID_1109,Harsh,9,Male,Delhi,Student,,25-04-2019
CID_1110,Yash,68,Male,Mumbai,Marketing Specialist,1823980,04-12-2024
CID_1111,Deepak,58,Male,Aligarh,Manager,801474,01-02-2018
CID_1112,Rakesh,62,Male,Delhi,Accountant,657721,05-04-2025
CID_1113,Atharv,24,Male,Chennai,Manager,1926835,12-08-2020
CID_1114,Ishaan,18,Male,Delhi,Part-time Tutor,192337,01-12-2023
CID_1115,Karan,66,Male,Chennai,Sales Executive,215781,24-02-2019
CID_1116,Jordan,43,Other,Kolkata,Business Owner,1321789,24-09-2023
CID_1117,Dee,28,Other,Pune,Driver,1547474,15-06-2018
CID_1118,Karan,59,Male,Lucknow,Accountant,625880,16-06-2023
CID_1119,Vikas,26,Male,Kolkata,Engineer,1213045,01-08-2019
CID_1120,Aman,21,Male,Delhi,Call Center Trainee,72959,24-07-2023
CID_1121,Pooja,26,Female,Kolkata,Designer,832399,26-05-2020
CID_1122,Nisha,20,Female,Kolkata,Part-time Tutor,190958,06-04-2022
CID_1123,Ira,40,Female,Aligarh,Marketing Specialist,362514,13-11-2024
CID_1124,Deepak,55,Male,Delhi,Sales Executive,1019086,05-02-2023
CID_1125,Saanvi,59,Female,Noida,Sales Executive,821820,10-08-2022
CID_1126,Yash,12,Male,Noida,Student,,23-09-2018
CID_1127,Aditya,41,Male,Noida,Consultant,762230,02-06-2025
CID_1128,Rohan,75,Male,Mumbai,Consultant,1241794,22-04-2025
CID_1129,Atharv,61,Male,Lucknow,Sales Executive,1691132,08-02-2024
CID_1130,Komal,36,Female,Lucknow,Consultant,1199934,04-03-2024
CID_1131,Manish,19,Male,Chennai,Student,95271,03-09-2021
CID_1132,Tanya,75,Female,Mumbai,Driver,334696,04-08-2024
CID_1133,Ankit,62,Male,Lucknow,Driver,961694,12-05-2024
CID_1134,Deepak,11,Male,Pune,Student,,07-12-2023
CID_1135,Manish,32,Male,Noida,Engineer,977083,15-06-2018
CID_1136,Dee,25,Other,Kolkata,Sales Executive,662771,05-06-2022
CID_1137,Rituraj,22,Male,Chennai,Clerk,1627581,10-03-2021
CID_1138,Vivaan,72,Male,Aligarh,Engineer,888802,26-12-2020
CID_1139,Shaurya,61,Male,Pune,Accountant,1549262,05-03-2025
CID_1140,Shaurya,14,Male,Chennai,Student,,04-05-2025
CID_1141,Aditya,12,Male,Aligarh,Student,,09-10-2024
CID_1142,Gaurav,25,Male,Noida,Electrician,1111844,16-10-2019
CID_1143,Adi,47,Other,Lucknow,Engineer,564383,09-02-2018
CID_1144,Swati,20,Female,Noida,Shop Assistant,112016,05-11-2020
CID_1145,Gaurav,45,Male,Noida,Designer,228556,28-09-2023
CID_1146,Ankit,55,Male,Chennai,Clerk,379986,12-12-2025
CID_1147,Yash,24,Male,Lucknow,Software Developer,577624,23-02-2024
CID_1148,Karan,54,Male,Lucknow,Clerk,1962722,10-07-2024
CID_1149,Jai,44,Other,Delhi,Doctor,409007,19-05-2019
CID_1150,Preeti,31,Female,Kolkata,Engineer,1516877,11-07-2023
CID_1151,Atharv,75,Male,Pune,Clerk,1530907,04-05-2021
CID_1152,Vivaan,36,Male,Delhi,Electrician,1710614,09-01-2024
CID_1153,Pooja,33,Female,Mumbai,Consultant,995977,04-12-2018
CID_1154,Sam,72,Other,Pune,Sales Executive,1126701,28-05-2019
CID_1155,Swati,37,Female,Pune,Marketing Specialist,1296870,27-05-2021
CID_1156,Tanya,66,Female,Aligarh,Manager,1049833,19-10-2021
CID_1157,Tarun,46,Male,Chennai,Software Developer,1749407,02-06-2024
CID_1158,Pranav,18,Male,Pune,Office Intern,51095,08-03-2024
CID_1159,Rahul,6,Male,Pune,Student,,14-08-2018
CID_1160,Sam,6,Other,Aligarh,Student,,13-07-2021
CID_1161,Vivaan,22,Male,Chennai,Software Developer,1084299,10-04-2024
CID_1162,Swati,56,Female,Kolkata,Doctor,1799925,20-03-2023
CID_1163,Deepak,12,Male,Pune,Student,,10-09-2025
CID_1164,Ankit,33,Male,Delhi,Marketing Specialist,1053868,06-08-2022
CID_1165,Rin,64,Other,Pune,Doctor,1233231,30-09-2025
CID_1166,Deepak,53,Male,Kolkata,Marketing Specialist,901024,12-06-2024
CID_1167,Rituraj,53,Male,Mumbai,Accountant,520525,06-02-2021
CID_1168,Nisha,52,Female,Kolkata,Electrician,469320,28-09-2020
CID_1169,Divya,5,Female,Delhi,Student,,20-08-2025
CID_1170,Tarun,72,Male,Lucknow,Business Owner,989510,30-08-2023
CID_1171,Yash,50,Male,Mumbai,Sales Executive,1755872,11-08-2021
CID_1172,Siddharth,68,Male,Mumbai,Doctor,1474118,08-03-2018
CID_1173,Varun,50,Male,Noida,Business Owner,480120,27-12-2018
CID_1174,Saanvi,17,Female,Lucknow,Call Center Trainee,62190,23-02-2018
CID_1175,Ananya,12,Female,Chennai,Student,,19-03-2020
CID_1176,Nisha,14,Female,Noida,Student,,03-06-2018
CID_1177,Jordan,23,Other,Kolkata,Mechanic,415542,20-04-2025
CID_1178,Kabir,17,Male,Noida,Shop Assistant,187785,08-09-2024
CID_1179,Tarun,26,Male,Mumbai,Designer,1137299,14-09-2025
CID_1180,Komal,19,Female,Kolkata,Call Center Trainee,156972,06-12-2020
CID_1181,Gaurav,34,Male,Mumbai,Clerk,1795901,05-01-2022
CID_1182,Sanjay,62,Male,Noida,Software Developer,1732659,14-06-2018
CID_1183,Gaurav,40,Male,Noida,Clerk,456692,15-10-2022
CID_1184,Priya,70,Female,Chennai,Designer,511377,20-08-2025
CID_1185,Nisha,43,Female,Mumbai,Marketing Specialist,247735,02-01-2024
CID_1186,Anjali,44,Female,Aligarh,Driver,1678202,18-03-2018
CID_1187,Shaurya,50,Male,Delhi,Doctor,423088,25-12-2025
CID_1188,Amit,25,Male,Aligarh,Clerk,1986370,05-11-2021
CID_1189,Jai,11,Other,Mumbai,Student,,03-03-2025
CID_1190,Gaurav,44,Male,Chennai,Electrician,1003625,12-11-2025
CID_1191,Manish,39,Male,Mumbai,Engineer,855950,12-01-2023
CID_1192,Adi,51,Other,Delhi,Marketing Specialist,1854669,07-08-2021
CID_1193,Rajat,34,Male,Delhi,Software Developer,1527863,04-06-2021
CID_1194,Aarti,61,Female,Kolkata,Manager,407057,27-12-2020
CID_1195,Aarav,23,Male,Kolkata,Driver,1562596,20-06-2025
CID_1196,Gaurav,13,Male,Lucknow,Student,,20-07-2020
CID_1197,Vivaan,5,Male,Lucknow,Student,,22-10-2020
CID_1198,Saanvi,39,Female,Pune,Doctor,1872118,07-08-2020
CID_1199,Kabir,19,Male,Kolkata,Intern,190446,03-09-2019
CID_1200,Sonali,54,Female,Noida,Software Developer,704275,02-10-2018
CID_1201,Ira,56,Female,Kolkata,Driver,1134790,13-04-2020
CID_1202,Deepak,9,Male,Mumbai,Student,,08-12-2021
CID_1203,Vikas,6,Male,Mumbai,Student,,13-09-2018
CID_1204,Atharv,13,Male,Delhi,Student,,25-06-2023
CID_1205,Tarun,75,Male,Noida,Manager,343320,23-12-2019
CID_1206,Sam,11,Other,Noida,Student,,06-07-2025
CID_1207,Pranav,38,Male,Aligarh,Driver,453760,16-10-2022
CID_1208,Shreya,14,Female,Pune,Student,,27-12-2025
CID_1209,Rohan,73,Male,Pune,Doctor,1476718,31-08-2021
CID_1210,Manish,43,Male,Mumbai,Accountant,324652,10-09-2021
CID_1211,Aman,24,Male,Delhi,Engineer,1737687,27-01-2019
CID_1212,Pooja,69,Female,Delhi,Clerk,614921,28-09-2024
CID_1213,Manish,29,Male,Noida,Mechanic,955452,21-03-2021
CID_1214,Rohan,46,Male,Mumbai,Designer,285328,08-06-2022
CID_1215,Komal,9,Female,Lucknow,Student,,04-08-2021
CID_1216,Karan,54,Male,Mumbai,Electrician,694877,24-11-2020
CID_1217,Ishaan,75,Male,Lucknow,Doctor,470260,09-09-2023
CID_1218,Nisha,23,Female,Lucknow,Doctor,1746232,25-11-2024
CID_1219,Muskan,41,Female,Delhi,Driver,1431585,18-12-2021
CID_1220,Alex,66,Other,Mumbai,Driver,1241450,13-04-2024
CID_1221,Nikhil,10,Male,Noida,Student,,03-03-2022
CID_1222,Gaurav,22,Male,Kolkata,Engineer,833320,06-01-2020
CID_1223,Rituraj,72,Male,Delhi,Engineer,484353,08-11-2018
CID_1224,Amit,21,Male,Aligarh,Part-time Tutor,73708,23-05-2020
CID_1225,Rituraj,21,Male,Lucknow,Intern,57825,25-09-2023
CID_1226,Vikas,46,Male,Mumbai,Clerk,217225,28-10-2025
CID_1227,Sneha,45,Female,Noida,Sales Executive,315901,05-02-2018
CID_1228,Gaurav,65,Male,Mumbai,Sales Executive,396641,28-04-2022
CID_1229,Divya,55,Female,Delhi,Teacher,1604995,07-05-2021
CID_1230,Rajat,11,Male,Lucknow,Student,,13-04-2019
CID_1231,Nikhil,41,Male,Noida,Driver,1877202,22-05-2021
CID_1232,Siddharth,5,Male,Noida,Student,,15-03-2020
CID_1233,Aman,71,Male,Noida,Sales Executive,344099,01-12-2018
CID_1234,Shreya,21,Female,Lucknow,Student,187962,08-05-2019
CID_1235,Aman,67,Male,Pune,Electrician,1988974,11-07-2024
CID_1236,Rahul,13,Male,Noida,Student,,08-01-2019
CID_1237,Meera,32,Female,Chennai,Clerk,1978002,20-02-2025
CID_1238,Rajat,51,Male,Lucknow,Manager,1822407,11-06-2019
CID_1239,Kabir,26,Male,Mumbai,Doctor,1204568,15-02-2021
CID_1240,Aadhya,51,Female,Kolkata,Clerk,1059363,25-05-2024
CID_1241,Tanya,13,Female,Chennai,Student,,23-07-2024
CID_1242,Varun,54,Male,Delhi,Electrician,889292,11-12-2020
CID_1243,Karan,8,Male,Delhi,Student,,23-10-2020
CID_1244,Rajat,70,Male,Aligarh,Accountant,1547537,22-03-2023
CID_1245,Rashmi,57,Female,Chennai,Sales Executive,256368,13-07-2025
CID_1246,Deepak,68,Male,Kolkata,Engineer,595849,14-11-2023
CID_1247,Sam,12,Other,Lucknow,Student,,05-02-2025
CID_1248,Rituraj,64,Male,Pune,Software Developer,1460851,29-11-2024
CID_1249,Meera,50,Female,Kolkata,Sales Executive,862817,26-06-2021
CID_1250,Sam,69,Other,Kolkata,Designer,1131208,24-04-2024
CID_1251,Sanjay,40,Male,Chennai,Doctor,317409,20-05-2019
CID_1252,Ishaan,59,Male,Aligarh,Designer,434755,24-05-2020
CID_1253,Diya,50,Female,Pune,Mechanic,931907,23-09-2024
CID_1254,Vikas,54,Male,Lucknow,Business Owner,1412261,27-10-2022
CID_1255,Aditya,33,Male,Kolkata,Business Owner,1799215,30-03-2021
CID_1256,Ishita,29,Female,Aligarh,Consultant,1036050,19-02-2021
CID_1257,Harsh,11,Male,Delhi,Student,,22-12-2022
CID_1258,Simran,64,Female,Lucknow,Mechanic,273654,11-09-2023
CID_1259,Sanjay,53,Male,Kolkata,Doctor,1407297,23-04-2019
CID_1260,Yash,53,Male,Aligarh,Driver,1386740,28-04-2025
CID_1261,Kiran,49,Other,Chennai,Electrician,1053470,12-03-2018
CID_1262,Rakesh,39,Male,Delhi,Manager,244566,12-06-2018
CID_1263,Vikas,60,Male,Lucknow,Doctor,1342630,13-08-2022
CID_1264,Rohan,45,Male,Mumbai,Driver,483458,31-05-2025
CID_1265,Khushi,50,Female,Kolkata,Doctor,1220044,24-03-2018
CID_1266,Ira,11,Female,Mumbai,Student,,10-10-2023
CID_1267,Sanjay,75,Male,Mumbai,Teacher,1423996,12-09-2024
CID_1268,Rituraj,29,Male,Delhi,Mechanic,699665,21-07-2025
CID_1269,Shaurya,31,Male,Aligarh,Designer,1684668,02-07-2019
CID_1270,Deepak,36,Male,Kolkata,Marketing Specialist,1901635,18-08-2020
CID_1271,Pallavi,52,Female,Delhi,Doctor,711068,26-01-2024
CID_1272,Kavya,8,Female,Lucknow,Student,,14-01-2022
CID_1273,Dee,43,Other,Delhi,Consultant,1084484,14-11-2019
CID_1274,Shreya,46,Female,Kolkata,Software Developer,733650,18-11-2021
CID_1275,Alex,44,Other,Noida,Accountant,1573262,24-07-2022
CID_1276,Sanjay,75,Male,Mumbai,Engineer,1266686,15-03-2020
CID_1277,Rohan,52,Male,Pune,Accountant,1692597,17-09-2020
CID_1278,Diya,31,Female,Lucknow,Mechanic,1485244,22-09-2024
CID_1279,Kavya,52,Female,Lucknow,Engineer,577203,06-01-2023
CID_1280,Sonali,9,Female,Pune,Student,,07-04-2023
CID_1281,Amit,19,Male,Mumbai,Part-time Tutor,93250,04-07-2020
CID_1282,Komal,70,Female,Lucknow,Manager,243265,05-03-2018
CID_1283,Alex,14,Other,Lucknow,Student,,09-04-2020
CID_1284,Aditya,70,Male,Chennai,Engineer,846187,13-09-2022
CID_1285,Kabir,66,Male,Chennai,Electrician,1757359,09-01-2023
CID_1286,Shreya,9,Female,Noida,Student,,03-10-2024
CID_1287,Ari,60,Other,Aligarh,Accountant,1283860,26-11-2024
CID_1288,Amit,51,Male,Aligarh,Consultant,1000055,09-05-2020
CID_1289,Varun,5,Male,Chennai,Student,,04-01-2024
CID_1290,Saanvi,37,Female,Kolkata,Sales Executive,768806,22-04-2025
CID_1291,Gaurav,18,Male,Pune,Shop Assistant,61217,05-09-2023
CID_1292,Neha,32,Female,Pune,Manager,1217744,05-07-2020
CID_1293,Karan,67,Male,Aligarh,Doctor,1972325,16-11-2025
CID_1294,Ankit,46,Male,Delhi,Marketing Specialist,1321268,01-12-2022
CID_1295,Alex,75,Other,Kolkata,Marketing Specialist,644932,14-07-2020
CID_1296,Vivaan,73,Male,Aligarh,Mechanic,1249211,19-10-2022
CID_1297,Deepak,73,Male,Noida,Marketing Specialist,346037,01-12-2025
CID_1298,Ira,46,Female,Pune,Accountant,1472174,18-01-2024
CID_1299,Nikhil,56,Male,Delhi,Electrician,1638355,21-01-2019
CID_1300,Ishaan,24,Male,Pune,Consultant,427099,08-03-2024
CID_1301,Shreya,61,Female,Delhi,Teacher,565761,01-02-2022
CID_1302,Vivaan,21,Male,Delhi,Student,54016,11-02-2019
CID_1303,Rahul,44,Male,Lucknow,Engineer,1064397,18-07-2024
CID_1304,Deepak,15,Male,Aligarh,Student,,23-09-2019
CID_1305,Tanya,36,Female,Pune,Electrician,1953301,18-10-2019
CID_1306,Ankit,35,Male,Pune,Sales Executive,299109,10-07-2021
CID_1307,Aman,57,Male,Pune,Driver,1335931,04-03-2020
CID_1308,Alex,10,Other,Pune,Student,,21-03-2022
CID_1309,Muskan,65,Female,Pune,Accountant,630499,04-06-2020
CID_1310,Divya,50,Female,Kolkata,Mechanic,1632209,21-02-2018
CID_1311,Aarti,75,Female,Chennai,Driver,295076,27-05-2025
CID_1312,Priya,46,Female,Kolkata,Sales Executive,898394,19-02-2021
CID_1313,Shaurya,67,Male,Mumbai,Manager,1557039,21-02-2021
CID_1314,Ishita,13,Female,Chennai,Student,,09-03-2019
CID_1315,Varun,32,Male,Lucknow,Accountant,920186,18-02-2019
CID_1316,Arjun,68,Male,Lucknow,Engineer,484054,09-06-2019
CID_1317,Aditya,50,Male,Noida,Consultant,1693377,01-08-2022
CID_1318,Harsh,46,Male,Kolkata,Teacher,653339,05-08-2025
CID_1319,Rakesh,64,Male,Pune,Driver,1396817,25-10-2024
CID_1320,Aditya,40,Male,Lucknow,Business Owner,950479,20-09-2020
CID_1321,Kavya,37,Female,Delhi,Clerk,1338009,14-08-2025
CID_1322,Jai,33,Other,Pune,Manager,1510076,14-01-2021
CID_1323,Ira,67,Female,Mumbai,Driver,383034,05-07-2023
CID_1324,Deepak,71,Male,Delhi,Mechanic,1811279,21-11-2021
CID_1325,Sneha,68,Female,Pune,Accountant,1158509,30-12-2022
CID_1326,Sam,8,Other,Delhi,Student,,22-04-2022
CID_1327,Varun,15,Male,Chennai,Student,,01-12-2018
CID_1328,Vivaan,7,Male,Mumbai,Student,,12-09-2024
CID_1329,Ishita,9,Female,Chennai,Student,,28-07-2023
CID_1330,Vivaan,61,Male,Delhi,Marketing Specialist,1644189,15-08-2021
CID_1331,Rajat,60,Male,Mumbai,Designer,339635,21-07-2020
CID_1332,Jordan,59,Other,Lucknow,Electrician,1035764,12-12-2025
CID_1333,Ishaan,42,Male,Aligarh,Designer,1602054,23-10-2018
CID_1334,Amit,13,Male,Mumbai,Student,,21-04-2022
CID_1335,Arjun,5,Male,Chennai,Student,,25-05-2024
CID_1336,Ankit,52,Male,Chennai,Electrician,1658058,07-07-2018
CID_1337,Kabir,33,Male,Delhi,Driver,1264725,17-11-2025
CID_1338,Krishna,17,Male,Lucknow,Office Intern,86797,15-05-2019
CID_1339,Aman,35,Male,Lucknow,Clerk,1852479,28-08-2019
CID_1340,Vikas,16,Male,Aligarh,Call Center Trainee,60693,15-09-2018
CID_1341,Deepak,54,Male,Chennai,Driver,1271575,10-09-2021
CID_1342,Sneha,42,Female,Delhi,Business Owner,1155560,21-09-2023
CID_1343,Karan,30,Male,Kolkata,Teacher,575220,24-11-2020
CID_1344,Ankit,55,Male,Aligarh,Driver,1435387,19-10-2020
CID_1345,Rakesh,17,Male,Delhi,Delivery Assistant,97986,25-04-2021
CID_1346,Harsh,75,Male,Pune,Marketing Specialist,531216,11-11-2021
CID_1347,Krishna,12,Male,Noida,Student,,24-01-2020
CID_1348,Krishna,69,Male,Delhi,Business Owner,1333050,18-03-2019
CID_1349,Alex,45,Other,Aligarh,Driver,563071,06-07-2019
CID_1350,Diya,40,Female,Aligarh,Driver,1376444,15-10-2022
CID_1351,Gaurav,7,Male,Kolkata,Student,,30-04-2025
CID_1352,Gaurav,9,Male,Pune,Student,,29-10-2025
CID_1353,Pooja,7,Female,Mumbai,Student,,09-01-2022
CID_1354,Vivaan,40,Male,Delhi,Business Owner,1933645,30-05-2023
CID_1355,Anjali,40,Female,Kolkata,Consultant,386929,09-07-2018
CID_1356,Sam,35,Other,Kolkata,Mechanic,1791044,13-01-2020
CID_1357,Rajat,24,Male,Noida,Electrician,1746644,05-12-2021
CID_1358,Meera,74,Female,Aligarh,Designer,553331,03-05-2018
CID_1359,Saanvi,54,Female,Kolkata,Driver,766953,21-08-2019
CID_1360,Deepak,17,Male,Delhi,Call Center Trainee,173952,10-05-2023
CID_1361,Muskan,18,Female,Delhi,Shop Assistant,69591,07-02-2018
CID_1362,Alex,52,Other,Delhi,Sales Executive,1628974,30-10-2019
CID_1363,Rohan,40,Male,Lucknow,Manager,404323,19-02-2021
CID_1364,Gaurav,74,Male,Chennai,Driver,1024781,12-06-2021
CID_1365,Ananya,61,Female,Aligarh,Manager,736919,14-07-2021
CID_1366,Gaurav,13,Male,Mumbai,Student,,21-01-2019
CID_1367,Preeti,24,Female,Pune,Engineer,427723,14-05-2025
CID_1368,Kavya,16,Female,Mumbai,Delivery Assistant,79310,04-01-2019
CID_1369,Varun,72,Male,Aligarh,Designer,726923,13-11-2025
CID_1370,Pallavi,29,Female,Noida,Engineer,1016305,23-04-2021
CID_1371,Pallavi,27,Female,Aligarh,Manager,342240,27-10-2023
CID_1372,Aarti,63,Female,Chennai,Driver,1651103,30-07-2025
CID_1373,Yash,59,Male,Mumbai,Manager,922504,06-04-2020
CID_1374,Aarav,13,Male,Mumbai,Student,,15-01-2019
CID_1375,Tanya,6,Female,Aligarh,Student,,11-01-2018
CID_1376,Karan,25,Male,Kolkata,Driver,1290212,02-03-2018
CID_1377,Simran,5,Female,Delhi,Student,,06-05-2025
CID_1378,Manish,59,Male,Lucknow,Engineer,1746588,04-09-2022
CID_1379,Shaurya,28,Male,Chennai,Sales Executive,230747,21-12-2018
CID_1380,Shreya,54,Female,Chennai,Driver,1499243,27-08-2018
CID_1381,Sanjay,75,Male,Mumbai,Clerk,1525817,08-09-2022
CID_1382,Arjun,19,Male,Kolkata,Student,184339,03-07-2024
CID_1383,Kabir,61,Male,Noida,Sales Executive,806667,23-04-2019
CID_1384,Deepak,5,Male,Aligarh,Student,,29-04-2025
CID_1385,Komal,44,Female,Aligarh,Sales Executive,969210,24-05-2022
CID_1386,Rituraj,23,Male,Chennai,Designer,1987509,25-11-2023
CID_1387,Nikhil,29,Male,Chennai,Marketing Specialist,1410110,24-03-2021
CID_1388,Nikhil,25,Male,Noida,Manager,1924847,29-11-2020
CID_1389,Anjali,22,Female,Kolkata,Designer,1328431,19-03-2024
CID_1390,Tanya,6,Female,Noida,Student,,13-12-2020
CID_1391,Tarun,62,Male,Noida,Business Owner,1167632,17-08-2018
CID_1392,Rohan,22,Male,Chennai,Accountant,935405,31-07-2018
CID_1393,Aarti,53,Female,Kolkata,Software Developer,1128458,30-01-2022
CID_1394,Rajat,16,Male,Mumbai,Office Intern,93486,04-02-2018
CID_1395,Ritu,23,Female,Noida,Manager,1991976,28-10-2021
CID_1396,Vivaan,50,Male,Chennai,Accountant,1438133,10-11-2023
CID_1397,Jordan,31,Other,Pune,Accountant,1856918,28-05-2024
CID_1398,Shreya,59,Female,Aligarh,Consultant,1597274,18-03-2018
CID_1399,Jai,23,Other,Pune,Accountant,1846235,21-03-2024
CID_1400,Preeti,26,Female,Chennai,Electrician,1466567,23-07-2020
CID_1401,Deepak,38,Male,Pune,Consultant,1636939,06-09-2025
CID_1402,Rakesh,30,Male,Aligarh,Mechanic,1066175,24-10-2024
CID_1403,Pooja,46,Female,Noida,Accountant,1647433,29-03-2023
CID_1404,Siddharth,14,Male,Kolkata,Student,,04-04-2021
CID_1405,Tarun,36,Male,Pune,Marketing Specialist,1584438,12-03-2018
CID_1406,Aman,7,Male,Aligarh,Student,,29-09-2020
CID_1407,Sanjay,63,Male,Mumbai,Clerk,384381,20-09-2021
CID_1408,Saanvi,72,Female,Aligarh,Sales Executive,1245260,25-03-2024
CID_1409,Shaurya,50,Male,Chennai,Business Owner,240407,19-04-2021
CID_1410,Rin,29,Other,Aligarh,Teacher,884297,27-11-2023
CID_1411,Aarav,20,Male,Chennai,Delivery Assistant,57429,16-09-2025
CID_1412,Pranav,17,Male,Kolkata,Shop Assistant,144723,16-07-2024
CID_1413,Rohan,26,Male,Aligarh,Business Owner,871149,04-01-2020
CID_1414,Priya,27,Female,Lucknow,Sales Executive,1042812,17-09-2024
CID_1415,Jai,61,Other,Aligarh,Driver,385444,21-07-2022
CID_1416,Nikhil,21,Male,Mumbai,Office Intern,55333,19-12-2018
CID_1417,Rajat,21,Male,Aligarh,Intern,180434,25-06-2021
CID_1418,Rajat,34,Male,Kolkata,Consultant,1333585,19-10-2020
CID_1419,Rakesh,73,Male,Noida,Mechanic,496941,08-10-2025
CID_1420,Rakesh,12,Male,Noida,Student,,01-01-2020
CID_1421,Pooja,40,Female,Kolkata,Marketing Specialist,431400,03-05-2021
CID_1422,Vikas,52,Male,Mumbai,Mechanic,1644025,01-05-2018
CID_1423,Pranav,46,Male,Kolkata,Doctor,1588358,31-01-2025
CID_1424,Aman,70,Male,Delhi,Consultant,1974813,11-03-2023
CID_1425,Alex,62,Other,Noida,Designer,687229,18-07-2024
CID_1426,Aman,69,Male,Lucknow,Clerk,1812513,16-01-2024
CID_1427,Pranav,14,Male,Aligarh,Student,,04-03-2019
CID_1428,Neha,12,Female,Mumbai,Student,,03-01-2020
CID_1429,Ishaan,68,Male,Noida,Sales Executive,1196335,03-05-2021
CID_1430,Divya,21,Female,Aligarh,Office Intern,146083,06-08-2024
CID_1431,Rahul,75,Male,Kolkata,Manager,1428411,05-01-2021
CID_1432,Harsh,53,Male,Kolkata,Mechanic,1652552,02-01-2019
CID_1433,Preeti,60,Female,Pune,Electrician,1677331,02-08-2024
CID_1434,Anjali,67,Female,Mumbai,Engineer,262170,20-10-2019
CID_1435,Siddharth,52,Male,Mumbai,Teacher,374487,03-08-2025
CID_1436,Ankit,64,Male,Pune,Clerk,377451,27-02-2025
CID_1437,Muskan,38,Female,Mumbai,Clerk,648433,26-09-2022
CID_1438,Diya,39,Female,Delhi,Engineer,939179,08-09-2018
CID_1439,Rakesh,53,Male,Mumbai,Engineer,665028,31-05-2021
CID_1440,Priya,24,Female,Kolkata,Business Owner,1756511,04-06-2021
CID_1441,Sam,71,Other,Pune,Consultant,1843211,07-06-2022
CID_1442,Ishaan,43,Male,Pune,Driver,1373794,13-11-2021
CID_1443,Ankit,25,Male,Noida,Electrician,818993,07-06-2020
CID_1444,Ari,19,Other,Noida,Intern,177415,16-05-2021
CID_1445,Vikas,62,Male,Aligarh,Consultant,1801660,17-01-2024
CID_1446,Atharv,46,Male,Lucknow,Designer,1509919,28-02-2022
CID_1447,Meera,50,Female,Pune,Engineer,1464512,24-07-2022
CID_1448,Yash,54,Male,Pune,Engineer,1273149,07-08-2020
CID_1449,Manish,37,Male,Kolkata,Driver,1728172,20-07-2020
CID_1450,Varun,56,Male,Lucknow,Sales Executive,758663,09-12-2019
CID_1451,Pallavi,14,Female,Chennai,Student,,30-10-2023
CID_1452,Rakesh,33,Male,Mumbai,Marketing Specialist,1593467,13-01-2025
CID_1453,Rakesh,32,Male,Delhi,Driver,1605315,10-06-2022
CID_1454,Muskan,57,Female,Delhi,Consultant,608690,19-02-2022
CID_1455,Harsh,52,Male,Mumbai,Business Owner,1756527,08-03-2019
CID_1456,Krishna,21,Male,Pune,Delivery Assistant,94998,06-07-2022
CID_1457,Nisha,31,Female,Mumbai,Designer,1116730,11-03-2020
CID_1458,Varun,37,Male,Noida,Designer,1398970,22-09-2020
CID_1459,Neha,64,Female,Noida,Clerk,668507,12-09-2018
CID_1460,Aman,25,Male,Chennai,Business Owner,1631715,14-12-2021
CID_1461,Manish,26,Male,Lucknow,Driver,610614,03-07-2020
CID_1462,Rajat,51,Male,Delhi,Doctor,779195,28-11-2025
CID_1463,Preeti,22,Female,Aligarh,Electrician,926330,19-07-2021
CID_1464,Shaurya,27,Male,Chennai,Doctor,1231174,06-11-2025
CID_1465,Amit,54,Male,Mumbai,Doctor,1793995,25-03-2021
CID_1466,Rin,41,Other,Aligarh,Designer,1420458,27-11-2025
CID_1467,Khushi,74,Female,Delhi,Clerk,1742147,24-12-2025
CID_1468,Aarav,70,Male,Noida,Mechanic,1656083,21-09-2019
CID_1469,Sanjay,36,Male,Chennai,Driver,934190,09-12-2024
CID_1470,Karan,5,Male,Delhi,Student,,17-10-2019
CID_1471,Rajat,13,Male,Chennai,Student,,13-12-2020
CID_1472,Manish,24,Male,Chennai,Doctor,466638,01-08-2023
CID_1473,Arjun,18,Male,Mumbai,Delivery Assistant,152255,30-11-2021
CID_1474,Karan,43,Male,Kolkata,Engineer,914600,20-06-2021
CID_1475,Jordan,67,Other,Chennai,Business Owner,1689520,07-04-2019
CID_1476,Kabir,27,Male,Pune,Business Owner,424037,01-12-2024
CID_1477,Shreya,16,Female,Mumbai,Intern,149450,03-05-2025
CID_1478,Varun,59,Male,Delhi,Doctor,1300881,30-09-2023
CID_1479,Ira,19,Female,Chennai,Call Center Trainee,161679,10-03-2020
CID_1480,Anjali,33,Female,Pune,Driver,1165977,31-01-2021
CID_1481,Tarun,71,Male,Pune,Driver,1619704,04-03-2021
CID_1482,Aarav,39,Male,Chennai,Mechanic,1347040,23-09-2019
CID_1483,Atharv,9,Male,Kolkata,Student,,18-06-2023
CID_1484,Siddharth,28,Male,Kolkata,Clerk,1633346,12-08-2025
CID_1485,Sonali,65,Female,Noida,Designer,1686894,20-10-2020
CID_1486,Vivaan,75,Male,Lucknow,Mechanic,1092666,08-10-2019
CID_1487,Yash,24,Male,Lucknow,Doctor,1563529,14-01-2019
CID_1488,Siddharth,72,Male,Mumbai,Sales Executive,925691,26-11-2020
CID_1489,Jai,52,Other,Lucknow,Business Owner,1552998,02-09-2021
CID_1490,Ananya,40,Female,Delhi,Marketing Specialist,822667,04-05-2024
CID_1491,Rajat,75,Male,Lucknow,Sales Executive,1638669,27-02-2024
CID_1492,Aadhya,7,Female,Chennai,Student,,13-02-2024
CID_1493,Gaurav,62,Male,Kolkata,Marketing Specialist,917821,11-10-2023
CID_1494,Rohan,33,Male,Aligarh,Manager,481906,10-12-2024
CID_1495,Vikas,58,Male,Kolkata,Marketing Specialist,858586,19-07-2023
CID_1496,Aarav,64,Male,Pune,Accountant,1880615,30-11-2019
CID_1497,Ari,11,Other,Pune,Student,,28-10-2025
CID_1498,Ankit,24,Male,Lucknow,Accountant,868693,28-11-2023
CID_1499,Harsh,28,Male,Pune,Sales Executive,481985,06-03-2024
CID_1500,Rajat,32,Male,Delhi,Designer,1177940,02-06-2023
CID_1501,Yash,70,Male,Pune,Sales Executive,1729112,25-10-2025
CID_1502,Rituraj,71,Male,Kolkata,Engineer,477108,31-10-2022
CID_1503,Jordan,8,Other,Mumbai,Student,,23-10-2021
CID_1504,Gaurav,47,Male,Kolkata,Doctor,545408,28-08-2024
CID_1505,Atharv,23,Male,Chennai,Doctor,1081241,11-06-2021
CID_1506,Vikas,55,Male,Pune,Business Owner,740809,15-05-2024
CID_1507,Pranav,49,Male,Chennai,Sales Executive,950783,28-12-2023
CID_1508,Rituraj,71,Male,Aligarh,Manager,1810183,08-11-2024
CID_1509,Nikhil,49,Male,Noida,Clerk,1507685,15-01-2025
CID_1510,Rituraj,9,Male,Pune,Student,,22-01-2022
CID_1511,Komal,45,Female,Delhi,Clerk,656107,14-01-2025
CID_1512,Aditya,10,Male,Aligarh,Student,,03-09-2024
CID_1513,Rohan,51,Male,Lucknow,Consultant,1258494,19-11-2020
CID_1514,Arjun,21,Male,Kolkata,Office Intern,152082,30-10-2024
CID_1515,Sam,55,Other,Delhi,Sales Executive,1140851,30-04-2019
CID_1516,Vivaan,62,Male,Kolkata,Engineer,1462415,31-08-2025
CID_1517,Arjun,29,Male,Mumbai,Teacher,1120914,26-05-2018
CID_1518,Komal,33,Female,Delhi,Marketing Specialist,1934493,28-06-2018
CID_1519,Ritu,16,Female,Aligarh,Call Center Trainee,60411,28-02-2024
CID_1520,Rohan,5,Male,Aligarh,Student,,22-10-2020
CID_1521,Arjun,19,Male,Chennai,Call Center Trainee,190374,13-07-2023
CID_1522,Rakesh,30,Male,Kolkata,Designer,477188,04-02-2022
CID_1523,Rohan,15,Male,Delhi,Student,,30-09-2024
CID_1524,Atharv,58,Male,Chennai,Doctor,505604,10-01-2020
CID_1525,Pranav,13,Male,Mumbai,Student,,04-06-2023
CID_1526,Ari,28,Other,Delhi,Manager,689613,13-04-2025
CID_1527,Komal,57,Female,Noida,Driver,1592134,10-04-2019
CID_1528,Aarav,69,Male,Lucknow,Accountant,837083,09-05-2023
CID_1529,Rahul,75,Male,Kolkata,Sales Executive,984817,02-07-2018
CID_1530,Sneha,40,Female,Noida,Designer,1656316,18-11-2020
CID_1531,Diya,74,Female,Chennai,Doctor,371496,18-12-2018
CID_1532,Krishna,56,Male,Noida,Electrician,1649662,23-09-2023
CID_1533,Deepak,63,Male,Noida,Business Owner,693846,01-10-2024
CID_1534,Rajat,68,Male,Lucknow,Teacher,1948323,15-09-2021
CID_1535,Amit,54,Male,Chennai,Manager,1929807,10-10-2021
CID_1536,Manish,60,Male,Pune,Mechanic,1908258,10-02-2018
CID_1537,Nisha,61,Female,Delhi,Electrician,316997,09-07-2024
CID_1538,Pranav,14,Male,Aligarh,Student,,09-02-2025
CID_1539,Harsh,46,Male,Mumbai,Marketing Specialist,953517,18-04-2019
CID_1540,Kiran,71,Other,Lucknow,Software Developer,890088,31-12-2023
CID_1541,Harsh,54,Male,Aligarh,Marketing Specialist,533338,19-03-2018
CID_1542,Harsh,12,Male,Mumbai,Student,,21-07-2023
CID_1543,Priya,23,Female,Pune,Teacher,740469,22-04-2021
CID_1544,Shaurya,73,Male,Lucknow,Teacher,665410,19-04-2024
CID_1545,Rituraj,47,Male,Delhi,Engineer,1678619,07-05-2021
CID_1546,Rin,37,Other,Aligarh,Designer,962213,21-06-2022
CID_1547,Siddharth,74,Male,Lucknow,Sales Executive,880256,05-08-2024
CID_1548,Sanjay,63,Male,Pune,Marketing Specialist,1301266,22-12-2024
CID_1549,Rashmi,43,Female,Delhi,Accountant,1899104,11-05-2021
CID_1550,Tarun,38,Male,Delhi,Driver,418032,07-12-2019
CID_1551,Payal,49,Female,Aligarh,Electrician,1724893,16-04-2022
CID_1552,Saanvi,41,Female,Kolkata,Consultant,783885,04-04-2021
CID_1553,Rohan,35,Male,Lucknow,Doctor,1956915,08-12-2025
CID_1554,Amit,71,Male,Mumbai,Software Developer,1067253,13-05-2018
CID_1555,Kabir,44,Male,Chennai,Electrician,794421,07-10-2018
CID_1556,Aman,65,Male,Mumbai,Doctor,1063219,19-05-2018
CID_1557,Harsh,11,Male,Chennai,Student,,01-11-2025
CID_1558,Pranav,58,Male,Lucknow,Clerk,1476150,03-10-2023
CID_1559,Rashmi,58,Female,Mumbai,Doctor,1841130,23-12-2019
CID_1560,Arjun,65,Male,Chennai,Designer,1607743,25-09-2024
CID_1561,Diya,5,Female,Kolkata,Student,,24-06-2025
CID_1562,Ankit,49,Male,Kolkata,Teacher,827170,18-07-2018
CID_1563,Nisha,75,Female,Pune,Manager,1249481,04-03-2024
CID_1564,Pranav,57,Male,Aligarh,Driver,496300,23-07-2022
CID_1565,Priya,36,Female,Lucknow,Engineer,1199656,17-11-2018
CID_1566,Tanya,56,Female,Noida,Accountant,540291,04-11-2022
CID_1567,Ari,12,Other,Delhi,Student,,10-06-2020
CID_1568,Sonali,70,Female,Lucknow,Marketing Specialist,270752,23-09-2018
CID_1569,Shaurya,46,Male,Mumbai,Driver,1561523,08-02-2019
CID_1570,Kabir,60,Male,Aligarh,Sales Executive,994909,03-09-2024
CID_1571,Gaurav,27,Male,Kolkata,Software Developer,1648803,26-10-2024
CID_1572,Yash,16,Male,Delhi,Call Center Trainee,162172,02-09-2022
CID_1573,Nikhil,10,Male,Kolkata,Student,,04-11-2023
CID_1574,Gaurav,11,Male,Chennai,Student,,23-01-2021
CID_1575,Alex,54,Other,Kolkata,Engineer,408248,25-11-2020
CID_1576,Taylor,6,Other,Aligarh,Student,,13-11-2025
CID_1577,Varun,73,Male,Pune,Electrician,710895,10-10-2022
CID_1578,Diya,6,Female,Pune,Student,,11-04-2025
CID_1579,Kabir,41,Male,Aligarh,Accountant,1781920,13-02-2021
CID_1580,Aman,11,Male,Aligarh,Student,,08-12-2018
CID_1581,Jai,28,Other,Chennai,Designer,245422,05-04-2024
CID_1582,Kabir,44,Male,Chennai,Business Owner,1192249,18-07-2018
CID_1583,Sanjay,27,Male,Aligarh,Manager,1542635,27-12-2018
CID_1584,Manish,29,Male,Chennai,Business Owner,1654702,06-09-2021
CID_1585,Rashmi,63,Female,Chennai,Doctor,1400641,10-02-2018
CID_1586,Jai,15,Other,Kolkata,Student,,25-10-2021
CID_1587,Manish,60,Male,Noida,Mechanic,1069902,01-10-2025
CID_1588,Manish,12,Male,Chennai,Student,,09-10-2022
CID_1589,Pranav,44,Male,Lucknow,Mechanic,465800,17-05-2022
CID_1590,Vivaan,41,Male,Mumbai,Marketing Specialist,1082902,14-10-2023
CID_1591,Amit,34,Male,Pune,Sales Executive,1865810,25-09-2019
CID_1592,Nisha,61,Female,Mumbai,Software Developer,899252,05-04-2021
CID_1593,Dee,29,Other,Kolkata,Designer,688683,16-04-2018
CID_1594,Amit,12,Male,Aligarh,Student,,03-12-2018
CID_1595,Kiran,25,Other,Noida,Mechanic,1282263,02-11-2022
CID_1596,Vivaan,36,Male,Aligarh,Teacher,1213643,12-02-2024
CID_1597,Simran,41,Female,Kolkata,Software Developer,398739,20-07-2023
CID_1598,Ankit,6,Male,Aligarh,Student,,29-02-2024
CID_1599,Sneha,47,Female,Mumbai,Consultant,258076,05-02-2021
CID_1600,Amit,12,Male,Lucknow,Student,,12-02-2021
CID_1601,Tarun,9,Male,Lucknow,Student,,31-10-2018
CID_1602,Karan,32,Male,Delhi,Accountant,1371734,19-06-2024
CID_1603,Rahul,38,Male,Aligarh,Consultant,1530173,25-09-2024
CID_1604,Divya,53,Female,Delhi,Mechanic,1671699,08-02-2022
CID_1605,Sanjay,51,Male,Mumbai,Manager,650804,29-11-2023
CID_1606,Khushi,72,Female,Delhi,Electrician,901242,10-02-2020
CID_1607,Jordan,60,Other,Pune,Electrician,1650616,02-03-2021
CID_1608,Ira,59,Female,Lucknow,Manager,599492,31-12-2021
CID_1609,Divya,67,Female,Kolkata,Clerk,809344,08-06-2025
CID_1610,Shaurya,39,Male,Aligarh,Driver,902042,14-01-2023
CID_1611,Rahul,43,Male,Delhi,Business Owner,810912,08-11-2020
CID_1612,Rakesh,38,Male,Kolkata,Business Owner,488323,16-12-2021
CID_1613,Komal,57,Female,Kolkata,Software Developer,886680,30-12-2020
CID_1614,Tarun,27,Male,Kolkata,Software Developer,1156490,20-11-2020
CID_1615,Pallavi,71,Female,Delhi,Business Owner,1681504,25-11-2018
CID_1616,Pranav,8,Male,Pune,Student,,02-04-2024
CID_1617,Arjun,66,Male,Aligarh,Marketing Specialist,1313183,24-01-2019
CID_1618,Pallavi,64,Female,Aligarh,Electrician,213059,01-11-2025
CID_1619,Divya,17,Female,Pune,Office Intern,53588,19-08-2024
CID_1620,Nikhil,48,Male,Pune,Accountant,1684080,15-05-2025
CID_1621,Shaurya,22,Male,Lucknow,Business Owner,1809064,01-10-2019
CID_1622,Ira,35,Female,Chennai,Sales Executive,1770688,25-10-2023
CID_1623,Divya,22,Female,Aligarh,Doctor,284688,30-10-2023
CID_1624,Nisha,51,Female,Kolkata,Teacher,1381774,05-03-2023
CID_1625,Swati,7,Female,Chennai,Student,,14-07-2018
CID_1626,Rashmi,16,Female,Pune,Part-time Tutor,58247,20-07-2019
CID_1627,Payal,56,Female,Aligarh,Doctor,815771,23-12-2023
CID_1628,Kabir,54,Male,Kolkata,Doctor,362431,24-02-2022
CID_1629,Diya,67,Female,Noida,Driver,1160259,05-01-2021
CID_1630,Rakesh,66,Male,Noida,Driver,847853,28-05-2018
CID_1631,Tarun,54,Male,Chennai,Designer,1618550,29-06-2025
CID_1632,Rakesh,17,Male,Noida,Part-time Tutor,105345,08-07-2018
CID_1633,Pranav,47,Male,Lucknow,Sales Executive,1179101,02-02-2021
CID_1634,Ira,10,Female,Delhi,Student,,10-04-2019
CID_1635,Taylor,74,Other,Aligarh,Consultant,1695182,17-12-2024
CID_1636,Ishita,50,Female,Kolkata,Manager,1146465,28-02-2019
CID_1637,Ira,7,Female,Chennai,Student,,05-09-2020
CID_1638,Atharv,54,Male,Kolkata,Mechanic,1747406,30-01-2019
CID_1639,Shreya,68,Female,Pune,Sales Executive,1477222,21-09-2020
CID_1640,Alex,55,Other,Kolkata,Teacher,402030,11-03-2020
CID_1641,Anjali,5,Female,Delhi,Student,,02-07-2024
CID_1642,Aditya,22,Male,Noida,Clerk,1391618,16-05-2019
CID_1643,Rakesh,53,Male,Noida,Software Developer,1766383,28-03-2025
CID_1644,Gaurav,19,Male,Kolkata,Office Intern,132505,29-05-2024
CID_1645,Sonali,17,Female,Kolkata,Call Center Trainee,190479,15-09-2020
CID_1646,Yash,9,Male,Pune,Student,,18-05-2024
CID_1647,Rohan,51,Male,Chennai,Business Owner,1082601,02-11-2023
CID_1648,Amit,9,Male,Delhi,Student,,04-04-2025
CID_1649,Amit,60,Male,Noida,Manager,1730485,28-04-2025
CID_1650,Ishaan,74,Male,Delhi,Marketing Specialist,1818396,24-12-2020
CID_1651,Neha,72,Female,Lucknow,Engineer,791895,26-11-2021
CID_1652,Khushi,38,Female,Aligarh,Accountant,1176608,11-04-2024
CID_1653,Rohan,17,Male,Kolkata,Office Intern,73541,20-08-2020
CID_1654,Preeti,6,Female,Kolkata,Student,,26-10-2025
CID_1655,Jordan,10,Other,Noida,Student,,27-04-2022
CID_1656,Arjun,74,Male,Lucknow,Marketing Specialist,647182,02-12-2019
CID_1657,Arjun,8,Male,Mumbai,Student,,23-05-2025
CID_1658,Anjali,37,Female,Noida,Teacher,1576073,17-10-2024
CID_1659,Priya,11,Female,Noida,Student,,28-04-2022
CID_1660,Preeti,26,Female,Kolkata,Doctor,1152934,09-12-2022
CID_1661,Pooja,17,Female,Lucknow,Shop Assistant,122697,15-05-2020
CID_1662,Rakesh,27,Male,Lucknow,Manager,870980,01-01-2025
CID_1663,Rohan,64,Male,Chennai,Marketing Specialist,1252603,14-09-2019
CID_1664,Rahul,47,Male,Pune,Driver,417543,20-08-2022
CID_1665,Kabir,25,Male,Lucknow,Manager,397817,08-11-2019
CID_1666,Tarun,57,Male,Kolkata,Software Developer,1081085,28-10-2021
CID_1667,Payal,31,Female,Kolkata,Business Owner,1062355,21-05-2020
CID_1668,Ankit,44,Male,Kolkata,Manager,1829829,14-10-2020
CID_1669,Simran,47,Female,Kolkata,Driver,1347857,02-05-2018
CID_1670,Ishaan,32,Male,Pune,Business Owner,648845,13-11-2025
CID_1671,Payal,58,Female,Delhi,Marketing Specialist,1579160,22-09-2021
CID_1672,Rituraj,50,Male,Aligarh,Software Developer,1810556,13-06-2025
CID_1673,Manish,13,Male,Noida,Student,,21-09-2018
CID_1674,Sam,73,Other,Lucknow,Marketing Specialist,1842316,24-11-2020
CID_1675,Neha,10,Female,Pune,Student,,13-05-2023
CID_1676,Anjali,56,Female,Chennai,Electrician,1964546,30-10-2019
CID_1677,Ankit,50,Male,Noida,Doctor,1964605,05-11-2022
CID_1678,Kavya,40,Female,Lucknow,Driver,710842,23-03-2023
CID_1679,Nikhil,71,Male,Mumbai,Driver,474518,17-06-2021
CID_1680,Priya,65,Female,Chennai,Accountant,1659753,30-09-2021
CID_1681,Jai,51,Other,Kolkata,Accountant,230731,27-03-2020
CID_1682,Aman,29,Male,Delhi,Accountant,952310,13-09-2025
CID_1683,Aditya,51,Male,Kolkata,Business Owner,1396707,14-09-2025
CID_1684,Aadhya,60,Female,Noida,Sales Executive,397622,11-02-2022
CID_1685,Atharv,60,Male,Delhi,Manager,1538193,05-04-2020
CID_1686,Tarun,17,Male,Lucknow,Delivery Assistant,144656,07-03-2019
CID_1687,Rakesh,69,Male,Aligarh,Driver,1023798,23-07-2020
CID_1688,Sonali,46,Female,Chennai,Driver,636607,11-06-2018
CID_1689,Nisha,16,Female,Chennai,Office Intern,90222,01-09-2023
CID_1690,Karan,9,Male,Chennai,Student,,26-09-2023
CID_1691,Neha,34,Female,Lucknow,Software Developer,512438,27-12-2024
CID_1692,Karan,61,Male,Lucknow,Electrician,1474167,26-12-2023
CID_1693,Pranav,41,Male,Noida,Clerk,1647643,10-05-2022
CID_1694,Dee,13,Other,Pune,Student,,28-04-2019
CID_1695,Rituraj,5,Male,Mumbai,Student,,09-08-2020
CID_1696,Alex,66,Other,Mumbai,Business Owner,803786,29-11-2019
CID_1697,Krishna,47,Male,Chennai,Teacher,1540709,29-01-2021
CID_1698,Rituraj,10,Male,Pune,Student,,15-10-2019
CID_1699,Ankit,74,Male,Kolkata,Software Developer,1620372,03-02-2020
CID_1700,Aarav,19,Male,Aligarh,Office Intern,90804,07-06-2021
CID_1701,Rajat,67,Male,Aligarh,Mechanic,1842979,31-01-2019
CID_1702,Deepak,30,Male,Delhi,Accountant,1700918,12-02-2023
CID_1703,Ritu,53,Female,Delhi,Electrician,620336,01-05-2021
CID_1704,Shaurya,28,Male,Lucknow,Sales Executive,1034169,27-04-2023
CID_1705,Rakesh,18,Male,Lucknow,Part-time Tutor,80200,02-11-2019
CID_1706,Harsh,12,Male,Noida,Student,,24-09-2018
CID_1707,Rashmi,50,Female,Noida,Engineer,1693420,20-12-2023
CID_1708,Aditya,10,Male,Noida,Student,,28-07-2018
CID_1709,Komal,40,Female,Mumbai,Business Owner,507298,08-07-2019
CID_1710,Aarav,12,Male,Chennai,Student,,10-12-2018
CID_1711,Payal,68,Female,Lucknow,Consultant,606350,11-12-2020
CID_1712,Jordan,62,Other,Aligarh,Accountant,1660543,26-12-2025
CID_1713,Siddharth,7,Male,Delhi,Student,,21-11-2024
CID_1714,Rakesh,17,Male,Lucknow,Intern,143338,28-09-2019
CID_1715,Komal,49,Female,Kolkata,Mechanic,487033,29-03-2019
CID_1716,Kiran,37,Other,Lucknow,Driver,667692,26-06-2020
CID_1717,Arjun,45,Male,Mumbai,Marketing Specialist,625583,05-04-2025
CID_1718,Nikhil,68,Male,Noida,Designer,1510997,31-12-2022
CID_1719,Aman,16,Male,Delhi,Student,65402,06-04-2022
CID_1720,Rashmi,53,Female,Noida,Business Owner,653515,02-03-2023
CID_1721,Aarti,58,Female,Pune,Software Developer,268751,17-02-2025
CID_1722,Pranav,13,Male,Chennai,Student,,04-09-2018
CID_1723,Diya,13,Female,Mumbai,Student,,15-01-2019
CID_1724,Gaurav,43,Male,Chennai,Consultant,1695596,10-12-2025
CID_1725,Rahul,10,Male,Lucknow,Student,,21-02-2020
CID_1726,Nisha,38,Female,Lucknow,Engineer,608276,16-10-2020
CID_1727,Arjun,33,Male,Noida,Software Developer,1138257,05-06-2020
CID_1728,Amit,46,Male,Delhi,Teacher,1553384,26-10-2021
CID_1729,Aarti,13,Female,Pune,Student,,29-11-2021
CID_1730,Rituraj,26,Male,Delhi,Clerk,1105053,27-03-2020
CID_1731,Riya,59,Female,Kolkata,Driver,1054969,03-11-2023
CID_1732,Muskan,49,Female,Noida,Consultant,476427,27-09-2024
CID_1733,Aarav,53,Male,Delhi,Driver,725147,11-03-2023
CID_1734,Manish,64,Male,Pune,Manager,1239549,08-11-2020
CID_1735,Priya,10,Female,Pune,Student,,20-03-2024
CID_1736,Kabir,11,Male,Lucknow,Student,,26-04-2018
CID_1737,Amit,31,Male,Delhi,Teacher,685575,28-02-2019
CID_1738,Vivaan,49,Male,Mumbai,Software Developer,1309589,24-10-2023
CID_1739,Ritu,15,Female,Mumbai,Student,,21-01-2024
CID_1740,Harsh,29,Male,Kolkata,Engineer,1607361,16-06-2025
CID_1741,Swati,17,Female,Delhi,Delivery Assistant,181058,13-04-2019
CID_1742,Vikas,32,Male,Lucknow,Engineer,602938,22-08-2022
CID_1743,Sam,48,Other,Lucknow,Consultant,1558730,02-09-2018
CID_1744,Ishaan,23,Male,Chennai,Software Developer,1859002,05-12-2021
CID_1745,Harsh,39,Male,Aligarh,Driver,1861587,25-11-2023
CID_1746,Rajat,31,Male,Delhi,Consultant,1953612,23-08-2019
CID_1747,Payal,51,Female,Delhi,Teacher,1219676,19-12-2025
CID_1748,Tarun,25,Male,Mumbai,Sales Executive,1767835,31-03-2018
CID_1749,Tarun,47,Male,Lucknow,Teacher,1062031,01-11-2025
CID_1750,Rahul,30,Male,Pune,Doctor,1245112,24-12-2025
CID_1751,Ritu,19,Female,Delhi,Delivery Assistant,107947,25-06-2020
CID_1752,Aadhya,60,Female,Lucknow,Manager,817410,12-04-2020
CID_1753,Vivaan,49,Male,Lucknow,Teacher,1848012,18-10-2022
CID_1754,Aman,26,Male,Kolkata,Sales Executive,1269655,26-07-2024
CID_1755,Siddharth,42,Male,Kolkata,Marketing Specialist,1650581,16-07-2025
CID_1756,Payal,16,Female,Chennai,Intern,188599,24-10-2022
CID_1757,Nisha,7,Female,Chennai,Student,,25-02-2022
CID_1758,Aarav,12,Male,Kolkata,Student,,17-02-2018
CID_1759,Ankit,18,Male,Kolkata,Call Center Trainee,58772,19-05-2022
CID_1760,Deepak,9,Male,Kolkata,Student,,09-06-2021
CID_1761,Manish,75,Male,Lucknow,Engineer,375503,22-07-2019
CID_1762,Deepak,65,Male,Pune,Software Developer,1719989,22-04-2022
CID_1763,Sneha,54,Female,Aligarh,Driver,816323,19-10-2021
CID_1764,Aarti,39,Female,Mumbai,Marketing Specialist,1550139,31-03-2018
CID_1765,Kiran,73,Other,Mumbai,Consultant,263323,15-11-2019
CID_1766,Manish,40,Male,Pune,Designer,750121,01-08-2019
CID_1767,Shaurya,26,Male,Aligarh,Software Developer,1623631,20-09-2023
CID_1768,Tarun,57,Male,Mumbai,Engineer,1056774,06-09-2019
CID_1769,Pranav,46,Male,Noida,Consultant,607850,26-10-2020
CID_1770,Ankit,68,Male,Mumbai,Accountant,1660174,02-12-2022
CID_1771,Aman,37,Male,Pune,Consultant,1369072,18-03-2021
CID_1772,Taylor,50,Other,Chennai,Consultant,1216311,11-09-2024
CID_1773,Atharv,31,Male,Kolkata,Driver,865407,16-07-2018
CID_1774,Jai,51,Other,Pune,Engineer,590732,16-09-2022
CID_1775,Rohan,64,Male,Chennai,Teacher,519223,13-08-2023
CID_1776,Diya,55,Female,Mumbai,Doctor,1324556,07-09-2025
CID_1777,Rohan,10,Male,Mumbai,Student,,22-03-2020
CID_1778,Rohan,34,Male,Lucknow,Doctor,340881,22-12-2018
CID_1779,Alex,16,Other,Delhi,Part-time Tutor,80321,28-11-2021
CID_1780,Rin,13,Other,Kolkata,Student,,14-10-2022
CID_1781,Khushi,58,Female,Noida,Driver,594449,06-09-2019
CID_1782,Manish,50,Male,Aligarh,Engineer,585222,18-11-2018
CID_1783,Saanvi,47,Female,Delhi,Clerk,1898486,17-10-2020
CID_1784,Rohan,60,Male,Lucknow,Teacher,925121,14-05-2018
CID_1785,Saanvi,62,Female,Mumbai,Engineer,276451,06-03-2025
CID_1786,Payal,71,Female,Mumbai,Manager,1998279,28-11-2020
CID_1787,Aditya,10,Male,Noida,Student,,22-09-2021
CID_1788,Deepak,9,Male,Pune,Student,,26-09-2018
CID_1789,Rohan,56,Male,Pune,Sales Executive,580502,15-09-2022
CID_1790,Nisha,70,Female,Noida,Sales Executive,640811,26-11-2020
CID_1791,Rakesh,30,Male,Aligarh,Manager,437746,01-07-2023
CID_1792,Rahul,73,Male,Delhi,Software Developer,1008589,18-10-2025
CID_1793,Ari,18,Other,Kolkata,Delivery Assistant,132367,24-10-2023
CID_1794,Pooja,7,Female,Delhi,Student,,28-08-2019
CID_1795,Shaurya,68,Male,Mumbai,Business Owner,1149415,10-08-2020
CID_1796,Siddharth,50,Male,Lucknow,Designer,957953,25-07-2019
CID_1797,Sam,68,Other,Lucknow,Marketing Specialist,1658834,21-03-2023
CID_1798,Aditya,6,Male,Aligarh,Student,,12-08-2024
CID_1799,Aarti,17,Female,Pune,Intern,66682,28-07-2019
CID_1800,Tanya,50,Female,Pune,Accountant,1548754,20-03-2022
CID_1801,Rajat,45,Male,Kolkata,Designer,1954962,01-10-2021
CID_1802,Manish,45,Male,Kolkata,Doctor,846834,24-04-2023
CID_1803,Pallavi,74,Female,Lucknow,Driver,595713,05-04-2025
CID_1804,Pranav,9,Male,Chennai,Student,,16-05-2020
CID_1805,Ankit,17,Male,Lucknow,Part-time Tutor,69242,15-06-2019
CID_1806,Rajat,51,Male,Mumbai,Designer,494282,04-03-2022
CID_1807,Karan,48,Male,Kolkata,Electrician,625652,09-02-2019
CID_1808,Karan,66,Male,Pune,Designer,995842,01-04-2020
CID_1809,Shreya,21,Female,Pune,Delivery Assistant,132994,09-03-2019
CID_1810,Kabir,37,Male,Lucknow,Mechanic,935105,02-03-2020
CID_1811,Meera,9,Female,Mumbai,Student,,25-10-2020
CID_1812,Shreya,49,Female,Delhi,Consultant,858044,25-09-2019
CID_1813,Harsh,66,Male,Mumbai,Clerk,845115,03-04-2021
CID_1814,Ira,60,Female,Delhi,Electrician,281457,20-11-2021
CID_1815,Aditya,54,Male,Mumbai,Clerk,233759,13-09-2022
CID_1816,Atharv,64,Male,Noida,Engineer,1193539,25-09-2023
CID_1817,Ananya,52,Female,Chennai,Accountant,634039,28-02-2025
CID_1818,Krishna,72,Male,Chennai,Consultant,271467,11-02-2018
CID_1819,Vivaan,74,Male,Kolkata,Electrician,1374352,27-12-2020
CID_1820,Alex,11,Other,Noida,Student,,03-02-2018
CID_1821,Pranav,57,Male,Delhi,Teacher,283938,05-02-2023
CID_1822,Sanjay,40,Male,Chennai,Designer,1469813,27-08-2022
CID_1823,Rahul,70,Male,Kolkata,Manager,645787,15-06-2025
CID_1824,Ritu,10,Female,Pune,Student,,10-03-2019
CID_1825,Sneha,30,Female,Delhi,Manager,461927,17-03-2019
CID_1826,Gaurav,55,Male,Kolkata,Driver,477620,20-01-2021
CID_1827,Ankit,36,Male,Mumbai,Consultant,1032829,19-11-2019
CID_1828,Kavya,43,Female,Lucknow,Manager,1640653,06-05-2022
CID_1829,Aarav,39,Male,Aligarh,Designer,369156,07-01-2018
CID_1830,Nikhil,48,Male,Kolkata,Consultant,1584689,03-06-2019
CID_1831,Tarun,61,Male,Kolkata,Marketing Specialist,535438,08-11-2020
CID_1832,Ankit,5,Male,Mumbai,Student,,22-01-2018
CID_1833,Riya,61,Female,Chennai,Accountant,1076280,30-04-2023
CID_1834,Gaurav,38,Male,Aligarh,Business Owner,1933428,24-11-2021
CID_1835,Pranav,65,Male,Delhi,Electrician,478228,30-12-2023
CID_1836,Aditya,10,Male,Mumbai,Student,,02-01-2022
CID_1837,Sneha,62,Female,Lucknow,Electrician,1014184,05-04-2023
CID_1838,Priya,59,Female,Aligarh,Accountant,895841,16-12-2023
CID_1839,Aditya,62,Male,Lucknow,Driver,596752,22-06-2019
CID_1840,Kiran,75,Other,Mumbai,Clerk,1707782,06-04-2019
CID_1841,Aadhya,7,Female,Lucknow,Student,,07-05-2023
CID_1842,Krishna,60,Male,Aligarh,Accountant,1644369,14-11-2022
CID_1843,Amit,65,Male,Pune,Business Owner,349820,11-11-2025
CID_1844,Pranav,74,Male,Chennai,Software Developer,1480510,15-07-2019
CID_1845,Kavya,73,Female,Mumbai,Teacher,1531593,22-07-2024
CID_1846,Nikhil,52,Male,Lucknow,Doctor,217927,04-07-2025
CID_1847,Aman,42,Male,Mumbai,Engineer,1580653,31-05-2019
CID_1848,Gaurav,10,Male,Kolkata,Student,,28-07-2018
CID_1849,Rituraj,6,Male,Kolkata,Student,,14-06-2022
CID_1850,Arjun,19,Male,Mumbai,Call Center Trainee,173452,04-08-2018
CID_1851,Muskan,12,Female,Kolkata,Student,,07-11-2019
CID_1852,Meera,20,Female,Pune,Student,90933,01-02-2020
CID_1853,Sanjay,50,Male,Mumbai,Marketing Specialist,1749828,05-04-2023
CID_1854,Pranav,33,Male,Noida,Clerk,869411,11-07-2019
CID_1855,Tanya,64,Female,Aligarh,Designer,1277518,16-12-2025
CID_1856,Muskan,49,Female,Aligarh,Clerk,412360,05-05-2025
CID_1857,Taylor,29,Other,Delhi,Consultant,1074164,20-06-2018
CID_1858,Jai,71,Other,Chennai,Designer,585615,24-11-2022
CID_1859,Nisha,54,Female,Mumbai,Driver,1320666,12-08-2018
CID_1860,Ishaan,24,Male,Aligarh,Marketing Specialist,519564,21-10-2022
CID_1861,Vikas,24,Male,Lucknow,Mechanic,1703568,28-11-2024
CID_1862,Komal,16,Female,Aligarh,Student,139296,20-08-2022
CID_1863,Shaurya,72,Male,Chennai,Designer,338141,19-02-2018
CID_1864,Manish,54,Male,Kolkata,Doctor,1720089,21-11-2020
CID_1865,Amit,23,Male,Mumbai,Business Owner,688804,24-09-2023
CID_1866,Payal,38,Female,Noida,Doctor,1757317,05-11-2018
CID_1867,Nikhil,52,Male,Delhi,Designer,487255,13-10-2023
CID_1868,Kabir,21,Male,Aligarh,Shop Assistant,52510,28-08-2025
CID_1869,Yash,45,Male,Pune,Accountant,1608622,25-03-2021
CID_1870,Pallavi,38,Female,Pune,Electrician,365920,11-12-2023
CID_1871,Nisha,23,Female,Kolkata,Doctor,395073,28-10-2020
CID_1872,Tanya,65,Female,Lucknow,Electrician,872003,26-05-2021
CID_1873,Aditya,50,Male,Delhi,Consultant,1954983,26-07-2025
CID_1874,Ankit,18,Male,Pune,Shop Assistant,181775,13-02-2021
CID_1875,Gaurav,68,Male,Noida,Electrician,852212,17-05-2024
CID_1876,Yash,40,Male,Mumbai,Accountant,1939750,06-07-2020
CID_1877,Nikhil,59,Male,Noida,Sales Executive,1433056,13-07-2021
CID_1878,Karan,74,Male,Pune,Sales Executive,1015502,08-11-2019
CID_1879,Vivaan,74,Male,Delhi,Clerk,1798647,25-10-2021
CID_1880,Vivaan,61,Male,Aligarh,Driver,1967340,10-02-2022
CID_1881,Alex,45,Other,Mumbai,Consultant,1713741,25-04-2025
CID_1882,Sam,26,Other,Aligarh,Marketing Specialist,1806561,08-11-2022
CID_1883,Harsh,56,Male,Pune,Business Owner,792355,22-09-2020
CID_1884,Muskan,40,Female,Noida,Mechanic,790922,24-02-2025
CID_1885,Vivaan,46,Male,Kolkata,Marketing Specialist,1793739,13-09-2024
CID_1886,Varun,6,Male,Mumbai,Student,,11-05-2022
CID_1887,Adi,60,Other,Chennai,Designer,1237339,11-08-2018
CID_1888,Jai,50,Other,Pune,Driver,928809,11-11-2021
CID_1889,Rajat,14,Male,Delhi,Student,,20-04-2023
CID_1890,Rohan,22,Male,Aligarh,Consultant,371139,19-10-2022
CID_1891,Simran,45,Female,Kolkata,Manager,1295570,07-09-2019
CID_1892,Meera,27,Female,Lucknow,Clerk,1151199,29-03-2023
CID_1893,Harsh,75,Male,Lucknow,Designer,531503,28-06-2018
CID_1894,Riya,71,Female,Noida,Mechanic,1276378,03-11-2019
CID_1895,Manish,71,Male,Delhi,Mechanic,345915,12-07-2019
CID_1896,Aditya,32,Male,Mumbai,Software Developer,492250,26-12-2018
CID_1897,Shreya,29,Female,Chennai,Software Developer,845321,03-06-2023
CID_1898,Shreya,71,Female,Chennai,Sales Executive,408010,14-03-2022
CID_1899,Rakesh,16,Male,Pune,Shop Assistant,122017,17-06-2022
CID_1900,Ankit,64,Male,Delhi,Mechanic,658715,08-12-2025
CID_1901,Ankit,39,Male,Aligarh,Driver,1483564,23-06-2022
CID_1902,Kabir,54,Male,Lucknow,Electrician,596333,28-08-2021
CID_1903,Rahul,37,Male,Kolkata,Electrician,1778369,18-03-2018
CID_1904,Vikas,31,Male,Lucknow,Marketing Specialist,1340991,13-06-2021
CID_1905,Ishaan,21,Male,Delhi,Intern,103034,25-09-2022
CID_1906,Varun,63,Male,Chennai,Electrician,836412,03-11-2024
CID_1907,Ankit,71,Male,Lucknow,Mechanic,1630291,09-07-2022
CID_1908,Saanvi,9,Female,Lucknow,Student,,26-02-2020
CID_1909,Vivaan,17,Male,Lucknow,Student,125309,15-01-2025
CID_1910,Riya,22,Female,Lucknow,Business Owner,1500074,20-10-2022
CID_1911,Preeti,21,Female,Mumbai,Student,70342,19-10-2021
CID_1912,Ira,71,Female,Chennai,Accountant,955453,14-06-2024
CID_1913,Arjun,67,Male,Aligarh,Electrician,1299931,13-06-2020
CID_1914,Harsh,33,Male,Aligarh,Driver,918987,15-12-2024
CID_1915,Harsh,22,Male,Pune,Manager,636731,11-03-2019
CID_1916,Priya,66,Female,Delhi,Doctor,728473,22-08-2025
CID_1917,Riya,56,Female,Aligarh,Accountant,1480664,13-06-2019
CID_1918,Neha,56,Female,Chennai,Business Owner,1999804,17-11-2023
CID_1919,Aarav,75,Male,Chennai,Teacher,513094,18-02-2018
CID_1920,Tanya,30,Female,Kolkata,Manager,347427,02-09-2023
CID_1921,Amit,9,Male,Kolkata,Student,,04-08-2020
CID_1922,Aman,40,Male,Noida,Accountant,667215,17-02-2023
CID_1923,Ankit,12,Male,Delhi,Student,,28-05-2019
CID_1924,Ananya,32,Female,Mumbai,Business Owner,1279039,01-12-2019
CID_1925,Tanya,27,Female,Aligarh,Manager,1645447,27-01-2019
CID_1926,Ira,64,Female,Pune,Doctor,1600556,16-03-2018
CID_1927,Siddharth,49,Male,Delhi,Accountant,1188494,09-10-2021
CID_1928,Manish,35,Male,Noida,Clerk,829503,21-11-2021
CID_1929,Aarav,36,Male,Pune,Marketing Specialist,1072470,13-07-2023
CID_1930,Swati,37,Female,Kolkata,Designer,1740211,15-04-2023
CID_1931,Ankit,17,Male,Chennai,Student,125327,14-08-2019
CID_1932,Sam,68,Other,Chennai,Manager,703005,11-07-2018
CID_1933,Nikhil,26,Male,Pune,Electrician,752946,06-11-2021
CID_1934,Swati,20,Female,Delhi,Delivery Assistant,193564,05-01-2024
CID_1935,Ankit,74,Male,Aligarh,Consultant,672877,28-10-2021
CID_1936,Aarav,10,Male,Kolkata,Student,,07-12-2018
CID_1937,Ananya,22,Female,Aligarh,Mechanic,1657886,04-05-2024
CID_1938,Amit,73,Male,Kolkata,Business Owner,583272,09-11-2021
CID_1939,Deepak,54,Male,Noida,Doctor,906529,08-10-2024
CID_1940,Riya,27,Female,Mumbai,Engineer,1639372,17-11-2018
CID_1941,Ananya,59,Female,Kolkata,Doctor,1556340,25-11-2020
CID_1942,Ankit,26,Male,Delhi,Consultant,1219078,13-10-2024
CID_1943,Ira,65,Female,Lucknow,Designer,968718,23-03-2020
CID_1944,Muskan,12,Female,Mumbai,Student,,29-07-2018
CID_1945,Varun,33,Male,Aligarh,Business Owner,883305,28-08-2020
CID_1946,Harsh,26,Male,Kolkata,Software Developer,1482184,19-03-2018
CID_1947,Deepak,18,Male,Noida,Intern,158979,30-10-2023
CID_1948,Pranav,69,Male,Delhi,Manager,889004,21-08-2022
CID_1949,Rohan,5,Male,Lucknow,Student,,04-01-2022
CID_1950,Rohan,54,Male,Lucknow,Consultant,1802897,12-10-2022
CID_1951,Rohan,70,Male,Kolkata,Marketing Specialist,452594,16-01-2023
CID_1952,Riya,45,Female,Aligarh,Doctor,899670,14-03-2019
CID_1953,Gaurav,33,Male,Aligarh,Sales Executive,1980997,12-10-2025
CID_1954,Ishaan,52,Male,Mumbai,Clerk,1054595,15-10-2025
CID_1955,Krishna,37,Male,Lucknow,Teacher,436492,06-03-2021
CID_1956,Harsh,57,Male,Pune,Clerk,1378245,03-10-2025
CID_1957,Krishna,70,Male,Lucknow,Clerk,807162,27-03-2025
CID_1958,Rajat,52,Male,Mumbai,Teacher,1754533,19-06-2019
CID_1959,Divya,14,Female,Mumbai,Student,,16-10-2018
CID_1960,Ishaan,24,Male,Aligarh,Engineer,1886934,19-08-2025
CID_1961,Rahul,12,Male,Chennai,Student,,10-02-2018
CID_1962,Taylor,14,Other,Lucknow,Student,,15-12-2021
CID_1963,Muskan,30,Female,Aligarh,Marketing Specialist,1134184,11-03-2024
CID_1964,Kavya,71,Female,Kolkata,Doctor,1757644,04-04-2020
CID_1965,Rakesh,57,Male,Pune,Engineer,708439,23-01-2021
CID_1966,Tanya,37,Female,Delhi,Electrician,1107897,17-01-2020
CID_1967,Kiran,21,Other,Noida,Call Center Trainee,180342,28-04-2023
CID_1968,Ritu,28,Female,Noida,Mechanic,1325968,19-09-2019
CID_1969,Atharv,22,Male,Delhi,Doctor,1304883,09-03-2025
CID_1970,Saanvi,8,Female,Noida,Student,,01-08-2022
CID_1971,Neha,8,Female,Kolkata,Student,,06-04-2021
CID_1972,Aadhya,72,Female,Chennai,Teacher,591749,31-05-2025
CID_1973,Payal,54,Female,Delhi,Engineer,1044328,22-09-2025
CID_1974,Rohan,41,Male,Lucknow,Accountant,1264643,31-03-2021
CID_1975,Taylor,37,Other,Lucknow,Accountant,1277856,27-02-2022
CID_1976,Rahul,12,Male,Aligarh,Student,,14-08-2024
CID_1977,Nikhil,56,Male,Pune,Sales Executive,417851,02-05-2018
CID_1978,Ishita,9,Female,Noida,Student,,14-08-2023
CID_1979,Muskan,24,Female,Pune,Clerk,1469274,27-01-2025
CID_1980,Priya,9,Female,Delhi,Student,,01-05-2019
CID_1981,Harsh,35,Male,Chennai,Engineer,450361,17-07-2025
CID_1982,Jordan,8,Other,Kolkata,Student,,09-06-2025
CID_1983,Neha,46,Female,Chennai,Software Developer,1677552,25-11-2021
CID_1984,Harsh,31,Male,Chennai,Doctor,1299335,11-09-2025
CID_1985,Sanjay,12,Male,Chennai,Student,,24-12-2023
CID_1986,Karan,29,Male,Mumbai,Electrician,1855113,19-10-2024
CID_1987,Preeti,74,Female,Aligarh,Electrician,1329662,13-05-2021
CID_1988,Swati,63,Female,Delhi,Driver,1726019,02-01-2025
CID_1989,Aarti,56,Female,Aligarh,Designer,1624362,03-05-2021
CID_1990,Priya,20,Female,Noida,Intern,184015,03-09-2025
CID_1991,Rahul,28,Male,Pune,Consultant,1084747,28-10-2022
CID_1992,Sam,34,Other,Chennai,Manager,1907468,14-10-2021
CID_1993,Krishna,53,Male,Aligarh,Software Developer,1234767,17-09-2019
CID_1994,Kabir,7,Male,Mumbai,Student,,24-02-2024
CID_1995,Gaurav,48,Male,Noida,Consultant,1899175,19-01-2021
CID_1996,Kavya,52,Female,Kolkata,Software Developer,1365407,02-12-2021
CID_1997,Aarti,61,Female,Aligarh,Designer,1164729,02-10-2020
CID_1998,Anjali,57,Female,Pune,Teacher,1322452,16-09-2025
CID_1999,Harsh,67,Male,Kolkata,Sales Executive,1410084,03-02-2020
CID_2000,Yash,36,Male,Mumbai,Teacher,1056705,29-07-2021
CID_2001,Rin,65,Other,Noida,Mechanic,467109,21-07-2018
CID_2002,Krishna,29,Male,Pune,Clerk,930409,20-01-2018
CID_2003,Krishna,64,Male,Mumbai,Teacher,1929204,22-10-2024
CID_2004,Swati,29,Female,Kolkata,Designer,1754553,17-02-2024
CID_2005,Varun,35,Male,Chennai,Engineer,1794739,17-02-2023
CID_2006,Rashmi,36,Female,Noida,Sales Executive,473571,19-09-2025
CID_2007,Harsh,33,Male,Delhi,Software Developer,244540,12-01-2024
CID_2008,Tarun,47,Male,Mumbai,Sales Executive,1432552,07-01-2025
CID_2009,Aman,70,Male,Mumbai,Mechanic,1104356,11-08-2024
CID_2010,Rituraj,53,Male,Kolkata,Business Owner,1568433,10-12-2021
CID_2011,Pooja,11,Female,Mumbai,Student,,17-12-2021
CID_2012,Shreya,64,Female,Noida,Electrician,967784,23-09-2025
CID_2013,Ira,63,Female,Mumbai,Software Developer,476112,06-01-2021
CID_2014,Ishaan,9,Male,Delhi,Student,,30-07-2022
CID_2015,Harsh,23,Male,Noida,Electrician,1594759,02-11-2020
CID_2016,Rahul,14,Male,Aligarh,Student,,12-01-2021
CID_2017,Rakesh,39,Male,Lucknow,Marketing Specialist,1637019,20-05-2024
CID_2018,Atharv,31,Male,Noida,Accountant,398298,30-06-2021
CID_2019,Shaurya,32,Male,Chennai,Designer,1216549,08-07-2020
CID_2020,Ankit,38,Male,Pune,Business Owner,1488132,25-09-2019
CID_2021,Aditya,21,Male,Chennai,Shop Assistant,123316,24-03-2018
CID_2022,Deepak,40,Male,Pune,Engineer,1302712,10-04-2023
CID_2023,Anjali,8,Female,Kolkata,Student,,29-11-2022
CID_2024,Arjun,14,Male,Aligarh,Student,,28-10-2024
CID_2025,Adi,46,Other,Aligarh,Software Developer,1133306,17-05-2022
CID_2026,Karan,32,Male,Aligarh,Designer,691508,29-06-2019
CID_2027,Ari,68,Other,Pune,Electrician,940024,27-04-2020
CID_2028,Komal,39,Female,Lucknow,Manager,253970,10-09-2024
CID_2029,Shaurya,66,Male,Pune,Doctor,780133,28-08-2025
CID_2030,Priya,25,Female,Noida,Marketing Specialist,1517368,09-01-2022
CID_2031,Meera,24,Female,Noida,Mechanic,244895,29-03-2020
CID_2032,Priya,55,Female,Chennai,Clerk,1572109,26-10-2019
CID_2033,Ari,62,Other,Pune,Driver,262295,25-09-2022
CID_2034,Ishaan,13,Male,Lucknow,Student,,27-03-2025
CID_2035,Manish,67,Male,Lucknow,Electrician,799631,10-05-2019
CID_2036,Anjali,70,Female,Kolkata,Business Owner,1688766,26-06-2022
CID_2037,Karan,9,Male,Lucknow,Student,,21-09-2021
CID_2038,Pranav,42,Male,Pune,Clerk,1476754,27-06-2021
CID_2039,Priya,28,Female,Aligarh,Accountant,830630,08-10-2020
CID_2040,Gaurav,36,Male,Kolkata,Driver,917765,25-05-2019
CID_2041,Pranav,54,Male,Noida,Engineer,347802,15-03-2018
CID_2042,Rashmi,45,Female,Mumbai,Software Developer,343622,25-07-2024
CID_2043,Jai,38,Other,Kolkata,Electrician,1776302,15-05-2025
CID_2044,Diya,38,Female,Chennai,Marketing Specialist,1281337,19-04-2021
CID_2045,Ishaan,31,Male,Lucknow,Marketing Specialist,1302618,11-07-2019
CID_2046,Tarun,12,Male,Pune,Student,,30-08-2023
CID_2047,Aman,66,Male,Pune,Designer,1973550,23-07-2024
CID_2048,Sanjay,72,Male,Delhi,Marketing Specialist,1201316,08-05-2025
CID_2049,Siddharth,29,Male,Chennai,Accountant,1602172,15-05-2021
CID_2050,Simran,12,Female,Pune,Student,,07-05-2020
CID_2051,Siddharth,28,Male,Lucknow,Software Developer,983338,30-07-2020
CID_2052,Karan,74,Male,Chennai,Accountant,1391827,13-11-2018
CID_2053,Dee,18,Other,Delhi,Office Intern,51867,01-04-2019
CID_2054,Meera,57,Female,Lucknow,Clerk,1225297,27-04-2023
CID_2055,Pooja,68,Female,Delhi,Clerk,513141,28-08-2019
CID_2056,Arjun,21,Male,Noida,Intern,190859,09-10-2019
CID_2057,Aarav,42,Male,Mumbai,Mechanic,1245710,20-10-2021
CID_2058,Deepak,44,Male,Lucknow,Teacher,573926,05-11-2025
CID_2059,Anjali,68,Female,Delhi,Sales Executive,464023,07-10-2023
CID_2060,Diya,17,Female,Chennai,Student,163353,20-03-2024
CID_2061,Arjun,71,Male,Aligarh,Electrician,831817,04-04-2024
CID_2062,Vikas,49,Male,Mumbai,Clerk,1754685,02-05-2022
CID_2063,Gaurav,10,Male,Kolkata,Student,,05-06-2021
CID_2064,Rituraj,60,Male,Mumbai,Mechanic,705037,12-01-2023
CID_2065,Pranav,20,Male,Noida,Delivery Assistant,166776,28-05-2022
CID_2066,Shaurya,46,Male,Kolkata,Consultant,728523,01-09-2021
CID_2067,Rajat,29,Male,Lucknow,Clerk,1668426,17-07-2018
CID_2068,Rashmi,7,Female,Noida,Student,,20-01-2023
CID_2069,Adi,45,Other,Aligarh,Driver,1138092,26-12-2023
CID_2070,Kiran,60,Other,Mumbai,Mechanic,1053100,25-11-2018
CID_2071,Amit,49,Male,Aligarh,Designer,284205,18-12-2024
CID_2072,Manish,66,Male,Lucknow,Teacher,1693165,09-12-2021
CID_2073,Aman,37,Male,Pune,Teacher,1823054,28-04-2020
CID_2074,Yash,51,Male,Noida,Accountant,1827755,30-12-2018
CID_2075,Ritu,72,Female,Pune,Manager,405319,06-06-2025
CID_2076,Karan,60,Male,Kolkata,Software Developer,1143526,03-07-2019
CID_2077,Pallavi,12,Female,Noida,Student,,31-05-2020
CID_2078,Diya,20,Female,Aligarh,Part-time Tutor,74075,13-12-2019
CID_2079,Ankit,5,Male,Kolkata,Student,,14-02-2018
CID_2080,Alex,9,Other,Mumbai,Student,,24-02-2021
CID_2081,Atharv,48,Male,Mumbai,Business Owner,1028257,27-09-2025
CID_2082,Rohan,30,Male,Chennai,Marketing Specialist,1003266,14-05-2021
CID_2083,Rahul,21,Male,Mumbai,Part-time Tutor,110526,09-01-2024
CID_2084,Karan,33,Male,Delhi,Accountant,494705,01-09-2022
CID_2085,Nisha,21,Female,Mumbai,Part-time Tutor,144984,28-09-2018
CID_2086,Aarav,11,Male,Mumbai,Student,,21-03-2018
CID_2087,Pallavi,20,Female,Lucknow,Delivery Assistant,99371,04-05-2018
CID_2088,Ishita,50,Female,Mumbai,Driver,527767,30-11-2022
CID_2089,Neha,35,Female,Kolkata,Teacher,476419,27-11-2020
CID_2090,Ananya,58,Female,Chennai,Clerk,403258,11-12-2021
CID_2091,Swati,10,Female,Chennai,Student,,15-12-2025
CID_2092,Atharv,36,Male,Lucknow,Sales Executive,314643,02-06-2025
CID_2093,Sonali,41,Female,Delhi,Software Developer,699188,16-01-2025
CID_2094,Harsh,17,Male,Delhi,Student,164459,14-09-2018
CID_2095,Siddharth,59,Male,Kolkata,Software Developer,1607872,09-01-2023
CID_2096,Karan,32,Male,Chennai,Engineer,1293429,26-01-2024
CID_2097,Deepak,61,Male,Lucknow,Teacher,922511,25-05-2024
CID_2098,Harsh,35,Male,Aligarh,Doctor,535137,01-05-2019
CID_2099,Ananya,41,Female,Lucknow,Engineer,1625962,24-07-2022
CID_2100,Siddharth,70,Male,Noida,Software Developer,1052566,08-09-2020
CID_2101,Rahul,26,Male,Chennai,Manager,1122039,15-11-2022
CID_2102,Ari,28,Other,Noida,Business Owner,750163,07-08-2018
CID_2103,Simran,37,Female,Kolkata,Sales Executive,1039912,11-11-2024
CID_2104,Varun,5,Male,Pune,Student,,23-12-2019
CID_2105,Pranav,69,Male,Mumbai,Accountant,1853744,26-05-2023
CID_2106,Ananya,17,Female,Kolkata,Office Intern,62550,23-03-2024
CID_2107,Tanya,26,Female,Pune,Designer,277511,05-06-2020
CID_2108,Tarun,31,Male,Lucknow,Manager,1441349,25-10-2025
CID_2109,Kavya,22,Female,Noida,Clerk,1344301,22-02-2018
CID_2110,Divya,38,Female,Pune,Consultant,657741,02-12-2023
CID_2111,Amit,69,Male,Aligarh,Accountant,1611480,23-08-2022
CID_2112,Dee,64,Other,Noida,Manager,682041,28-08-2024
CID_2113,Ari,40,Other,Lucknow,Accountant,1222667,01-10-2024
CID_2114,Sanjay,35,Male,Noida,Electrician,482430,02-07-2023
CID_2115,Komal,31,Female,Kolkata,Doctor,764377,01-04-2024
CID_2116,Manish,61,Male,Delhi,Engineer,425105,18-01-2019
CID_2117,Nikhil,62,Male,Pune,Doctor,320818,16-07-2023
CID_2118,Riya,43,Female,Lucknow,Doctor,969356,19-01-2018
CID_2119,Siddharth,45,Male,Chennai,Driver,652172,04-11-2024
CID_2120,Shreya,56,Female,Pune,Clerk,964776,04-10-2022
CID_2121,Varun,34,Male,Noida,Driver,1674053,18-11-2018
CID_2122,Riya,56,Female,Aligarh,Electrician,504844,01-01-2022
CID_2123,Rajat,19,Male,Aligarh,Intern,182032,15-06-2020
CID_2124,Swati,62,Female,Delhi,Doctor,965949,14-09-2022
CID_2125,Tarun,36,Male,Mumbai,Consultant,644744,06-11-2023
CID_2126,Shreya,65,Female,Aligarh,Manager,1822020,12-09-2023
CID_2127,Rakesh,21,Male,Chennai,Intern,72799,04-01-2025
CID_2128,Siddharth,22,Male,Aligarh,Manager,1000281,07-10-2024
CID_2129,Rituraj,26,Male,Aligarh,Manager,400118,30-09-2023
CID_2130,Pranav,50,Male,Pune,Doctor,1834335,30-10-2024
CID_2131,Tarun,43,Male,Mumbai,Sales Executive,1565750,12-08-2023
CID_2132,Deepak,35,Male,Kolkata,Doctor,1788065,11-08-2019
CID_2133,Payal,41,Female,Mumbai,Mechanic,1951954,04-09-2020
CID_2134,Atharv,39,Male,Kolkata,Driver,693310,25-12-2025
CID_2135,Riya,34,Female,Chennai,Mechanic,1569027,14-10-2022
CID_2136,Dee,58,Other,Delhi,Engineer,1057177,12-05-2021
CID_2137,Divya,55,Female,Lucknow,Software Developer,1095419,07-06-2025
CID_2138,Divya,36,Female,Noida,Driver,1521919,06-07-2024
CID_2139,Swati,53,Female,Lucknow,Teacher,1455737,29-01-2025
CID_2140,Priya,17,Female,Delhi,Office Intern,117596,27-06-2024
CID_2141,Kabir,43,Male,Chennai,Accountant,1196196,12-04-2024
CID_2142,Saanvi,10,Female,Mumbai,Student,,27-01-2024
CID_2143,Jordan,38,Other,Kolkata,Engineer,1266645,25-12-2021
CID_2144,Riya,30,Female,Lucknow,Teacher,1259799,26-02-2025
CID_2145,Sanjay,52,Male,Chennai,Engineer,730129,11-03-2019
CID_2146,Priya,67,Female,Mumbai,Manager,1590993,07-08-2022
CID_2147,Vikas,12,Male,Lucknow,Student,,02-05-2023
CID_2148,Jordan,72,Other,Mumbai,Doctor,976589,15-09-2022
CID_2149,Ankit,71,Male,Lucknow,Sales Executive,1674386,11-02-2019
CID_2150,Gaurav,51,Male,Lucknow,Manager,655455,23-08-2022
CID_2151,Nisha,53,Female,Noida,Clerk,1013260,12-10-2018
CID_2152,Aadhya,41,Female,Aligarh,Teacher,1794800,15-04-2020
CID_2153,Divya,54,Female,Noida,Mechanic,1420070,08-03-2019
CID_2154,Anjali,40,Female,Noida,Mechanic,1124918,15-07-2018
CID_2155,Alex,68,Other,Lucknow,Designer,413840,17-04-2023
CID_2156,Simran,68,Female,Noida,Teacher,320784,23-12-2025
CID_2157,Aarav,57,Male,Noida,Teacher,1743664,02-05-2023
CID_2158,Rakesh,31,Male,Chennai,Engineer,458677,21-10-2022
CID_2159,Sanjay,15,Male,Kolkata,Student,,06-06-2023
CID_2160,Siddharth,55,Male,Mumbai,Marketing Specialist,1455174,18-02-2022
CID_2161,Aman,12,Male,Lucknow,Student,,24-01-2018
CID_2162,Atharv,68,Male,Pune,Mechanic,870360,22-04-2022
CID_2163,Gaurav,11,Male,Mumbai,Student,,21-02-2020
CID_2164,Tanya,14,Female,Chennai,Student,,29-07-2025
CID_2165,Arjun,42,Male,Chennai,Clerk,205012,09-09-2020
CID_2166,Muskan,28,Female,Pune,Consultant,332586,18-12-2020
CID_2167,Ananya,35,Female,Pune,Electrician,346229,19-10-2018
CID_2168,Rohan,21,Male,Noida,Office Intern,140241,15-09-2022
CID_2169,Vivaan,25,Male,Noida,Mechanic,1424714,17-12-2021
CID_2170,Kabir,69,Male,Aligarh,Doctor,1646965,25-10-2022
CID_2171,Dee,11,Other,Aligarh,Student,,16-07-2022
CID_2172,Rituraj,28,Male,Mumbai,Designer,812511,26-05-2021
CID_2173,Meera,8,Female,Pune,Student,,24-08-2025
CID_2174,Amit,26,Male,Chennai,Sales Executive,829284,29-01-2024
CID_2175,Siddharth,20,Male,Mumbai,Call Center Trainee,155288,07-04-2020
CID_2176,Adi,51,Other,Kolkata,Clerk,233282,01-02-2023
CID_2177,Rakesh,37,Male,Lucknow,Mechanic,629142,15-11-2018
CID_2178,Ira,64,Female,Chennai,Mechanic,1597679,08-01-2020
CID_2179,Pooja,73,Female,Chennai,Business Owner,1719372,22-04-2020
CID_2180,Ananya,72,Female,Aligarh,Clerk,1894107,12-10-2019
CID_2181,Krishna,38,Male,Lucknow,Software Developer,1469254,04-08-2025
CID_2182,Nisha,40,Female,Lucknow,Software Developer,1681674,08-02-2023
CID_2183,Rohan,40,Male,Mumbai,Engineer,1329433,11-07-2024
CID_2184,Dee,6,Other,Pune,Student,,02-05-2021
CID_2185,Ritu,51,Female,Kolkata,Teacher,1758804,23-11-2022
CID_2186,Nikhil,29,Male,Noida,Accountant,1563381,29-01-2025
CID_2187,Khushi,32,Female,Mumbai,Accountant,1390706,25-02-2018
CID_2188,Riya,25,Female,Aligarh,Teacher,264183,15-10-2023
CID_2189,Simran,66,Female,Noida,Teacher,1951445,01-07-2025
CID_2190,Sanjay,32,Male,Kolkata,Consultant,949775,11-08-2022
CID_2191,Kabir,32,Male,Kolkata,Engineer,1887319,03-07-2021
CID_2192,Amit,67,Male,Aligarh,Mechanic,1223963,31-08-2022
CID_2193,Gaurav,7,Male,Mumbai,Student,,26-09-2024
CID_2194,Rahul,40,Male,Aligarh,Software Developer,1681370,26-09-2018
CID_2195,Payal,20,Female,Kolkata,Student,170526,09-07-2025
CID_2196,Swati,60,Female,Lucknow,Business Owner,1438984,18-02-2018
CID_2197,Sanjay,57,Male,Delhi,Manager,1781332,04-11-2024
CID_2198,Khushi,34,Female,Aligarh,Mechanic,561395,15-06-2021
CID_2199,Ishaan,28,Male,Pune,Consultant,1221098,04-03-2022
CID_2200,Aman,54,Male,Chennai,Software Developer,1504374,01-04-2019
CID_2201,Varun,56,Male,Noida,Business Owner,884839,20-08-2021
CID_2202,Aman,7,Male,Chennai,Student,,31-01-2022
CID_2203,Dee,46,Other,Chennai,Mechanic,602932,24-09-2023
CID_2204,Ankit,28,Male,Aligarh,Manager,1040357,24-03-2019
CID_2205,Vivaan,15,Male,Kolkata,Student,,15-11-2025
CID_2206,Kabir,36,Male,Kolkata,Teacher,1563186,09-01-2025
CID_2207,Rajat,62,Male,Chennai,Sales Executive,1737146,31-07-2021
CID_2208,Ankit,17,Male,Pune,Intern,105026,29-09-2025
CID_2209,Rituraj,58,Male,Lucknow,Mechanic,598662,06-08-2022
CID_2210,Dee,63,Other,Lucknow,Clerk,1808043,22-11-2024
CID_2211,Khushi,33,Female,Noida,Consultant,1487222,28-04-2024
CID_2212,Rakesh,63,Male,Mumbai,Clerk,1234062,13-02-2018
CID_2213,Pallavi,72,Female,Aligarh,Consultant,1820737,04-05-2022
CID_2214,Diya,28,Female,Chennai,Software Developer,1147655,03-02-2019
CID_2215,Ishita,7,Female,Kolkata,Student,,11-06-2023
CID_2216,Varun,7,Male,Chennai,Student,,11-07-2020
CID_2217,Arjun,12,Male,Chennai,Student,,10-03-2021
CID_2218,Deepak,18,Male,Chennai,Office Intern,178543,06-07-2021
CID_2219,Kabir,30,Male,Noida,Consultant,1031705,19-02-2020
CID_2220,Jai,7,Other,Aligarh,Student,,19-03-2018
CID_2221,Gaurav,75,Male,Mumbai,Clerk,1253541,26-10-2022
CID_2222,Vivaan,59,Male,Noida,Teacher,696057,25-04-2021
CID_2223,Aarav,52,Male,Pune,Engineer,842410,10-06-2018
CID_2224,Divya,46,Female,Chennai,Sales Executive,1034758,03-02-2022
CID_2225,Sanjay,63,Male,Mumbai,Accountant,1323969,14-09-2024
CID_2226,Sanjay,46,Male,Delhi,Software Developer,1709438,25-11-2019
CID_2227,Yash,24,Male,Noida,Designer,966406,22-03-2024
CID_2228,Riya,52,Female,Kolkata,Sales Executive,1028264,30-12-2025
CID_2229,Nikhil,67,Male,Mumbai,Electrician,1219792,09-08-2020
CID_2230,Rahul,54,Male,Kolkata,Mechanic,1303071,03-12-2019
CID_2231,Atharv,62,Male,Delhi,Consultant,1450950,01-07-2023
CID_2232,Aarav,23,Male,Mumbai,Marketing Specialist,1937983,26-02-2024
CID_2233,Taylor,12,Other,Lucknow,Student,,13-03-2025
CID_2234,Siddharth,47,Male,Aligarh,Engineer,760994,23-08-2019
CID_2235,Rashmi,74,Female,Chennai,Sales Executive,542132,05-05-2018
CID_2236,Ira,63,Female,Chennai,Manager,833032,24-12-2024
CID_2237,Pooja,48,Female,Mumbai,Doctor,493705,30-03-2024
CID_2238,Dee,41,Other,Kolkata,Clerk,1729279,12-06-2022
CID_2239,Komal,8,Female,Lucknow,Student,,15-08-2021
CID_2240,Amit,16,Male,Lucknow,Call Center Trainee,94052,03-10-2020
CID_2241,Pooja,58,Female,Pune,Teacher,667404,07-02-2019
CID_2242,Ankit,28,Male,Aligarh,Mechanic,449110,05-01-2022
CID_2243,Tanya,36,Female,Chennai,Sales Executive,1110857,06-08-2018
CID_2244,Karan,33,Male,Mumbai,Doctor,838997,21-10-2024
CID_2245,Jordan,72,Other,Delhi,Engineer,1896139,29-03-2021
CID_2246,Manish,58,Male,Chennai,Electrician,1388988,05-09-2018
CID_2247,Anjali,11,Female,Pune,Student,,22-02-2020
CID_2248,Taylor,75,Other,Noida,Driver,235411,20-05-2024
CID_2249,Vivaan,45,Male,Delhi,Doctor,1208293,21-11-2022
CID_2250,Ishaan,26,Male,Pune,Sales Executive,1211977,03-01-2023
CID_2251,Alex,65,Other,Noida,Clerk,861731,21-11-2022
CID_2252,Manish,38,Male,Mumbai,Marketing Specialist,745995,05-09-2018
CID_2253,Priya,44,Female,Pune,Electrician,931580,11-07-2018
CID_2254,Aarav,36,Male,Noida,Consultant,1065112,22-03-2024
CID_2255,Riya,36,Female,Kolkata,Accountant,326937,26-10-2019
CID_2256,Rajat,6,Male,Aligarh,Student,,29-01-2023
CID_2257,Rahul,29,Male,Aligarh,Engineer,1684934,15-03-2021
CID_2258,Diya,8,Female,Chennai,Student,,02-07-2021
CID_2259,Gaurav,37,Male,Pune,Business Owner,632792,29-06-2024
CID_2260,Vikas,54,Male,Kolkata,Mechanic,1245873,07-03-2018
CID_2261,Sam,61,Other,Noida,Designer,406139,05-04-2022
CID_2262,Yash,15,Male,Lucknow,Student,,01-12-2024
CID_2263,Tarun,51,Male,Noida,Doctor,1706724,26-10-2020
CID_2264,Ari,48,Other,Delhi,Designer,1517831,01-08-2022
CID_2265,Nikhil,21,Male,Aligarh,Part-time Tutor,86802,11-01-2018
CID_2266,Alex,31,Other,Kolkata,Software Developer,1554145,28-06-2018
CID_2267,Swati,34,Female,Noida,Doctor,637990,20-03-2024
CID_2268,Khushi,9,Female,Noida,Student,,22-05-2018
CID_2269,Rahul,73,Male,Pune,Sales Executive,840170,22-04-2024
CID_2270,Amit,25,Male,Lucknow,Mechanic,898864,22-05-2025
CID_2271,Rohan,49,Male,Lucknow,Clerk,760411,03-12-2021
CID_2272,Pooja,47,Female,Aligarh,Clerk,1515547,30-09-2019
CID_2273,Aditya,64,Male,Aligarh,Business Owner,1781114,22-09-2022
CID_2274,Varun,56,Male,Chennai,Teacher,903016,01-03-2018
CID_2275,Yash,36,Male,Noida,Sales Executive,1188971,29-05-2019
CID_2276,Aarti,50,Female,Noida,Sales Executive,673085,18-03-2023
CID_2277,Sanjay,67,Male,Mumbai,Designer,1866515,09-06-2024
CID_2278,Yash,11,Male,Aligarh,Student,,23-09-2018
CID_2279,Tarun,41,Male,Delhi,Accountant,1247597,16-05-2021
CID_2280,Varun,28,Male,Lucknow,Teacher,1615736,18-07-2024
CID_2281,Divya,61,Female,Lucknow,Driver,568944,23-01-2019
CID_2282,Ritu,5,Female,Mumbai,Student,,25-07-2025
CID_2283,Aman,43,Male,Noida,Clerk,637856,09-07-2024
CID_2284,Arjun,36,Male,Kolkata,Consultant,1196798,22-01-2023
CID_2285,Manish,66,Male,Chennai,Software Developer,353686,28-11-2023
CID_2286,Rakesh,28,Male,Mumbai,Consultant,271263,28-02-2020
CID_2287,Sanjay,72,Male,Lucknow,Engineer,214915,09-05-2021
CID_2288,Pranav,60,Male,Chennai,Electrician,1500057,11-01-2023
CID_2289,Kavya,37,Female,Mumbai,Marketing Specialist,1575706,29-07-2021
CID_2290,Ishita,11,Female,Lucknow,Student,,11-11-2023
CID_2291,Gaurav,73,Male,Pune,Teacher,1286595,07-06-2021
CID_2292,Tarun,5,Male,Lucknow,Student,,24-09-2018
CID_2293,Swati,72,Female,Chennai,Mechanic,1250234,13-02-2025
CID_2294,Sam,44,Other,Aligarh,Driver,1564149,14-06-2018
CID_2295,Meera,40,Female,Noida,Teacher,1609399,26-06-2025
CID_2296,Sanjay,15,Male,Mumbai,Student,,03-07-2023
CID_2297,Rajat,61,Male,Noida,Clerk,829797,31-03-2020
CID_2298,Kavya,29,Female,Aligarh,Teacher,1321318,12-08-2025
CID_2299,Karan,65,Male,Chennai,Clerk,1471074,08-07-2021
CID_2300,Nikhil,17,Male,Noida,Part-time Tutor,84820,27-09-2023
CID_2301,Arjun,73,Male,Pune,Manager,1455189,29-05-2018
CID_2302,Varun,37,Male,Chennai,Electrician,1564751,22-08-2023
CID_2303,Rohan,8,Male,Lucknow,Student,,15-08-2023
CID_2304,Komal,25,Female,Chennai,Accountant,1225124,27-08-2018
CID_2305,Kabir,29,Male,Chennai,Mechanic,1433833,19-04-2022
CID_2306,Rohan,49,Male,Chennai,Accountant,1120520,15-04-2018
CID_2307,Manish,6,Male,Pune,Student,,12-10-2023
CID_2308,Kavya,29,Female,Aligarh,Designer,991266,28-05-2019
CID_2309,Ankit,72,Male,Chennai,Consultant,256973,20-08-2022
CID_2310,Kavya,5,Female,Lucknow,Student,,29-03-2022
CID_2311,Aditya,28,Male,Pune,Teacher,239069,28-10-2018
CID_2312,Gaurav,13,Male,Mumbai,Student,,01-09-2022
CID_2313,Rohan,31,Male,Aligarh,Manager,643820,18-10-2018
CID_2314,Adi,74,Other,Delhi,Engineer,770144,14-11-2023
CID_2315,Rashmi,11,Female,Kolkata,Student,,12-08-2023
CID_2316,Karan,48,Male,Delhi,Mechanic,1322810,29-12-2018
CID_2317,Aadhya,12,Female,Chennai,Student,,13-09-2020
CID_2318,Sanjay,20,Male,Delhi,Office Intern,141424,01-04-2018
CID_2319,Pooja,46,Female,Delhi,Business Owner,1223593,27-11-2022
CID_2320,Divya,47,Female,Pune,Designer,831021,19-10-2023
CID_2321,Jai,6,Other,Pune,Student,,08-08-2022
CID_2322,Priya,56,Female,Noida,Consultant,1165177,22-07-2021
CID_2323,Karan,35,Male,Mumbai,Business Owner,773440,03-06-2022
CID_2324,Rajat,63,Male,Chennai,Engineer,1763704,09-12-2022
CID_2325,Atharv,9,Male,Lucknow,Student,,20-03-2022
CID_2326,Riya,67,Female,Lucknow,Sales Executive,1261697,14-09-2022
CID_2327,Atharv,37,Male,Lucknow,Teacher,453906,21-04-2023
CID_2328,Nikhil,64,Male,Delhi,Electrician,967575,07-10-2020
CID_2329,Krishna,62,Male,Pune,Business Owner,1524842,26-03-2025
CID_2330,Rituraj,41,Male,Pune,Engineer,1796080,23-06-2019
CID_2331,Nikhil,26,Male,Kolkata,Clerk,1421076,05-06-2021
CID_2332,Siddharth,64,Male,Mumbai,Clerk,1838044,23-03-2020
CID_2333,Manish,37,Male,Mumbai,Designer,978499,12-07-2019
CID_2334,Nisha,65,Female,Chennai,Business Owner,347146,08-04-2024
CID_2335,Ankit,21,Male,Mumbai,Delivery Assistant,186774,13-04-2025
CID_2336,Sam,26,Other,Aligarh,Mechanic,1029447,11-05-2018
CID_2337,Komal,5,Female,Kolkata,Student,,04-02-2018
CID_2338,Ishaan,40,Male,Chennai,Designer,1698161,29-03-2018
CID_2339,Taylor,14,Other,Kolkata,Student,,29-03-2018
CID_2340,Simran,15,Female,Delhi,Student,,29-04-2023
CID_2341,Kavya,28,Female,Chennai,Accountant,1266376,06-12-2018
CID_2342,Pooja,32,Female,Lucknow,Driver,1833136,06-06-2019
CID_2343,Rajat,59,Male,Lucknow,Electrician,1731212,19-02-2023
CID_2344,Aman,38,Male,Chennai,Sales Executive,1611408,18-03-2018
CID_2345,Aarav,53,Male,Pune,Accountant,1243543,06-08-2019
CID_2346,Aman,7,Male,Delhi,Student,,13-09-2023
CID_2347,Deepak,71,Male,Lucknow,Driver,301750,05-08-2020
CID_2348,Rakesh,8,Male,Aligarh,Student,,03-10-2024
CID_2349,Rajat,12,Male,Pune,Student,,10-03-2022
CID_2350,Pranav,8,Male,Pune,Student,,05-01-2024
CID_2351,Jai,37,Other,Chennai,Manager,1797143,15-05-2025
CID_2352,Amit,72,Male,Chennai,Driver,1919275,11-04-2021
CID_2353,Krishna,12,Male,Kolkata,Student,,02-06-2022
CID_2354,Divya,71,Female,Kolkata,Sales Executive,925442,25-01-2023
CID_2355,Khushi,71,Female,Aligarh,Manager,1839748,03-11-2023
CID_2356,Shaurya,73,Male,Noida,Manager,1772373,19-02-2022
CID_2357,Rin,53,Other,Kolkata,Manager,443767,03-03-2025
CID_2358,Rashmi,47,Female,Lucknow,Manager,1675509,22-09-2019
CID_2359,Arjun,65,Male,Pune,Accountant,618127,13-06-2018
CID_2360,Yash,45,Male,Aligarh,Accountant,1119371,27-05-2023
CID_2361,Shreya,25,Female,Lucknow,Teacher,755501,26-01-2023
CID_2362,Nikhil,11,Male,Noida,Student,,10-12-2020
CID_2363,Khushi,73,Female,Pune,Manager,1973989,27-09-2022
CID_2364,Muskan,18,Female,Kolkata,Delivery Assistant,86084,25-03-2018
CID_2365,Sanjay,49,Male,Aligarh,Designer,949268,12-08-2020
CID_2366,Sonali,6,Female,Kolkata,Student,,01-08-2025
CID_2367,Pranav,52,Male,Aligarh,Doctor,502494,10-07-2022
CID_2368,Tarun,25,Male,Lucknow,Business Owner,1490024,12-01-2024
CID_2369,Pranav,15,Male,Chennai,Student,,10-11-2022
CID_2370,Rakesh,69,Male,Mumbai,Accountant,1295952,09-01-2020
CID_2371,Shaurya,74,Male,Noida,Sales Executive,1048835,26-12-2018
CID_2372,Amit,26,Male,Aligarh,Doctor,860616,16-12-2020
CID_2373,Aarti,59,Female,Lucknow,Software Developer,1201130,15-03-2022
CID_2374,Sneha,28,Female,Lucknow,Teacher,1332742,12-03-2024
CID_2375,Dee,46,Other,Kolkata,Marketing Specialist,1473116,22-06-2019
CID_2376,Nikhil,16,Male,Lucknow,Intern,110738,31-05-2025
CID_2377,Vivaan,38,Male,Lucknow,Teacher,1962830,07-07-2021
CID_2378,Ishita,60,Female,Kolkata,Consultant,1200812,24-01-2019
CID_2379,Taylor,46,Other,Lucknow,Mechanic,1768238,28-06-2025
CID_2380,Sanjay,20,Male,Pune,Call Center Trainee,100436,02-03-2021
CID_2381,Karan,27,Male,Mumbai,Electrician,1137841,18-03-2025
CID_2382,Pranav,39,Male,Pune,Accountant,484862,17-09-2022
CID_2383,Khushi,42,Female,Kolkata,Electrician,870722,08-01-2023
CID_2384,Aarav,33,Male,Pune,Mechanic,225311,31-01-2021
CID_2385,Anjali,73,Female,Pune,Doctor,1239005,24-03-2024
CID_2386,Priya,16,Female,Aligarh,Office Intern,77509,16-11-2023
CID_2387,Sneha,51,Female,Mumbai,Designer,241113,08-03-2025
CID_2388,Saanvi,40,Female,Pune,Doctor,1141318,05-07-2018
CID_2389,Jordan,19,Other,Mumbai,Shop Assistant,169077,30-06-2023
CID_2390,Dee,20,Other,Lucknow,Student,169664,16-07-2025
CID_2391,Adi,68,Other,Noida,Engineer,974644,15-03-2021
CID_2392,Dee,42,Other,Lucknow,Driver,330525,25-08-2019
CID_2393,Rakesh,71,Male,Pune,Electrician,1982258,01-06-2019
CID_2394,Jai,21,Other,Delhi,Shop Assistant,122207,13-02-2024
CID_2395,Nikhil,28,Male,Delhi,Driver,1010502,13-01-2018
CID_2396,Jordan,6,Other,Lucknow,Student,,21-12-2018
CID_2397,Sanjay,65,Male,Delhi,Accountant,396641,26-05-2019
CID_2398,Anjali,34,Female,Delhi,Clerk,823384,22-12-2025
CID_2399,Taylor,69,Other,Pune,Mechanic,748437,06-10-2021
CID_2400,Varun,26,Male,Pune,Driver,1211822,23-08-2025
CID_2401,Rakesh,20,Male,Mumbai,Office Intern,179674,24-05-2021
CID_2402,Taylor,61,Other,Aligarh,Electrician,1154227,26-11-2019
CID_2403,Ari,46,Other,Delhi,Designer,483190,21-09-2025
CID_2404,Jai,10,Other,Aligarh,Student,,03-06-2025
CID_2405,Gaurav,12,Male,Pune,Student,,16-05-2018
CID_2406,Kiran,13,Other,Mumbai,Student,,08-10-2021
CID_2407,Ankit,73,Male,Delhi,Engineer,1233912,08-05-2020
CID_2408,Rohan,5,Male,Pune,Student,,24-12-2025
CID_2409,Shaurya,30,Male,Kolkata,Driver,935546,20-08-2022
CID_2410,Pooja,40,Female,Noida,Engineer,681284,05-09-2022
CID_2411,Vikas,73,Male,Mumbai,Mechanic,1170702,19-11-2022
CID_2412,Muskan,38,Female,Lucknow,Mechanic,586352,19-08-2019
CID_2413,Pallavi,19,Female,Noida,Delivery Assistant,133621,20-05-2025
CID_2414,Aadhya,65,Female,Noida,Sales Executive,241960,18-04-2020
CID_2415,Gaurav,65,Male,Pune,Teacher,980240,04-10-2018
CID_2416,Tarun,73,Male,Delhi,Doctor,1759793,24-04-2020
CID_2417,Deepak,72,Male,Mumbai,Designer,1764643,21-11-2024
CID_2418,Siddharth,6,Male,Chennai,Student,,21-12-2018
CID_2419,Rashmi,70,Female,Noida,Doctor,759934,10-12-2021
CID_2420,Pranav,64,Male,Mumbai,Clerk,598607,13-12-2018
CID_2421,Rakesh,31,Male,Pune,Software Developer,626661,31-03-2020
CID_2422,Anjali,67,Female,Kolkata,Mechanic,356425,21-05-2025
CID_2423,Pranav,51,Male,Chennai,Software Developer,748003,22-07-2018
CID_2424,Nikhil,45,Male,Mumbai,Software Developer,1053758,03-07-2021
CID_2425,Rin,69,Other,Noida,Teacher,200762,04-05-2024
CID_2426,Varun,69,Male,Pune,Engineer,1391061,13-05-2018
CID_2427,Ankit,16,Male,Chennai,Delivery Assistant,178547,29-01-2018
CID_2428,Riya,8,Female,Mumbai,Student,,06-04-2022
CID_2429,Sam,71,Other,Noida,Clerk,1674779,09-02-2023
CID_2430,Rahul,34,Male,Pune,Electrician,833204,30-07-2025
CID_2431,Gaurav,34,Male,Noida,Electrician,1933741,19-11-2023
CID_2432,Ira,18,Female,Mumbai,Student,92415,30-01-2024
CID_2433,Kabir,51,Male,Pune,Designer,1815230,29-04-2025
CID_2434,Nikhil,65,Male,Lucknow,Accountant,1317973,22-12-2021
CID_2435,Yash,54,Male,Chennai,Software Developer,936399,10-01-2021
CID_2436,Rituraj,13,Male,Delhi,Student,,22-06-2019
CID_2437,Ishita,62,Female,Kolkata,Electrician,1294898,13-11-2022
CID_2438,Shreya,68,Female,Aligarh,Sales Executive,1526136,06-04-2021
CID_2439,Rashmi,32,Female,Chennai,Sales Executive,1593967,07-11-2021
CID_2440,Manish,26,Male,Mumbai,Business Owner,1828686,20-03-2018
CID_2441,Nisha,30,Female,Delhi,Mechanic,1586681,19-04-2023
CID_2442,Yash,72,Male,Lucknow,Software Developer,990755,08-01-2022
CID_2443,Alex,60,Other,Kolkata,Designer,517875,13-09-2021
CID_2444,Swati,38,Female,Lucknow,Marketing Specialist,380258,28-12-2024
CID_2445,Taylor,31,Other,Aligarh,Sales Executive,540839,11-12-2019
CID_2446,Aman,15,Male,Aligarh,Student,,22-12-2020
CID_2447,Rin,7,Other,Delhi,Student,,10-04-2022
CID_2448,Divya,39,Female,Mumbai,Accountant,641119,07-01-2024
CID_2449,Sam,58,Other,Delhi,Marketing Specialist,1707043,09-02-2019
CID_2450,Diya,55,Female,Delhi,Electrician,811041,05-09-2023
CID_2451,Aarav,28,Male,Kolkata,Doctor,1285966,26-07-2025
CID_2452,Sam,33,Other,Lucknow,Driver,967663,19-12-2018
CID_2453,Vivaan,57,Male,Delhi,Manager,469759,27-06-2019
CID_2454,Neha,62,Female,Lucknow,Electrician,205634,22-02-2020
CID_2455,Pooja,69,Female,Pune,Driver,563686,12-09-2018
CID_2456,Tanya,12,Female,Chennai,Student,,18-11-2024
CID_2457,Pallavi,40,Female,Pune,Electrician,1148914,05-02-2019
CID_2458,Sanjay,8,Male,Pune,Student,,05-12-2024
CID_2459,Pallavi,6,Female,Chennai,Student,,06-03-2019
CID_2460,Priya,30,Female,Lucknow,Electrician,592286,04-05-2021
CID_2461,Aarav,34,Male,Pune,Marketing Specialist,569332,06-09-2018
CID_2462,Ankit,40,Male,Pune,Engineer,447005,11-08-2022
CID_2463,Pranav,45,Male,Noida,Business Owner,522676,11-01-2025
CID_2464,Meera,24,Female,Pune,Driver,1104661,07-01-2024
CID_2465,Anjali,16,Female,Delhi,Call Center Trainee,172257,20-10-2025
CID_2466,Varun,23,Male,Noida,Driver,478343,06-05-2018
CID_2467,Harsh,40,Male,Aligarh,Driver,828524,03-04-2023
CID_2468,Yash,65,Male,Pune,Clerk,1809971,20-01-2022
CID_2469,Rituraj,28,Male,Chennai,Accountant,1417818,27-02-2018
CID_2470,Meera,12,Female,Chennai,Student,,30-01-2022
CID_2471,Karan,34,Male,Pune,Business Owner,1025556,24-04-2018
CID_2472,Jordan,50,Other,Noida,Clerk,638992,14-04-2020
CID_2473,Varun,32,Male,Pune,Teacher,1998846,08-08-2023
CID_2474,Tanya,13,Female,Kolkata,Student,,23-08-2021
CID_2475,Tarun,20,Male,Kolkata,Part-time Tutor,142912,21-12-2018
CID_2476,Preeti,19,Female,Noida,Shop Assistant,188515,28-07-2023
CID_2477,Rohan,52,Male,Chennai,Accountant,345939,11-08-2024
CID_2478,Vikas,73,Male,Pune,Engineer,1707793,04-03-2022
CID_2479,Yash,8,Male,Delhi,Student,,29-08-2021
CID_2480,Krishna,33,Male,Aligarh,Doctor,1677755,19-04-2020
CID_2481,Amit,56,Male,Noida,Driver,1097480,12-07-2022
CID_2482,Rahul,10,Male,Lucknow,Student,,30-10-2025
CID_2483,Rituraj,14,Male,Kolkata,Student,,25-09-2025
CID_2484,Khushi,61,Female,Pune,Marketing Specialist,1926292,10-06-2019
CID_2485,Deepak,48,Male,Mumbai,Doctor,1685279,21-08-2020
CID_2486,Arjun,7,Male,Noida,Student,,24-09-2022
CID_2487,Arjun,63,Male,Pune,Doctor,274811,11-04-2018
CID_2488,Aarti,18,Female,Aligarh,Call Center Trainee,59904,29-05-2020
CID_2489,Shaurya,57,Male,Lucknow,Designer,481035,06-02-2020
CID_2490,Taylor,21,Other,Kolkata,Office Intern,77360,15-11-2023
CID_2491,Kabir,67,Male,Pune,Doctor,1480117,03-03-2025
CID_2492,Krishna,10,Male,Chennai,Student,,03-10-2018
CID_2493,Pranav,58,Male,Chennai,Engineer,508577,28-12-2023
CID_2494,Kabir,68,Male,Noida,Electrician,1581834,12-07-2021
CID_2495,Vivaan,74,Male,Mumbai,Software Developer,1906554,24-02-2022
CID_2496,Neha,67,Female,Pune,Software Developer,1577231,16-05-2019
CID_2497,Kabir,14,Male,Kolkata,Student,,11-03-2025
CID_2498,Yash,28,Male,Kolkata,Engineer,789873,21-09-2018
CID_2499,Rajat,59,Male,Noida,Electrician,859492,03-07-2024
CID_2500,Nikhil,28,Male,Delhi,Software Developer,1238787,05-03-2022
CID_2501,Aman,47,Male,Kolkata,Engineer,927586,07-04-2025
CID_2502,Arjun,16,Male,Lucknow,Intern,155484,26-03-2023
CID_2503,Nikhil,39,Male,Noida,Software Developer,744916,15-09-2019
CID_2504,Divya,33,Female,Kolkata,Designer,1298297,16-04-2018
CID_2505,Arjun,30,Male,Aligarh,Sales Executive,1516064,30-10-2024
CID_2506,Rajat,11,Male,Pune,Student,,27-11-2021
CID_2507,Shaurya,40,Male,Delhi,Accountant,1260316,20-08-2018
CID_2508,Rashmi,31,Female,Kolkata,Teacher,224501,30-09-2025
CID_2509,Aadhya,28,Female,Mumbai,Manager,1633468,15-05-2024
CID_2510,Vikas,36,Male,Lucknow,Designer,937787,15-04-2025
CID_2511,Sonali,31,Female,Kolkata,Driver,1765853,25-08-2020
CID_2512,Sanjay,47,Male,Kolkata,Business Owner,1897993,06-07-2025
CID_2513,Harsh,63,Male,Aligarh,Mechanic,226712,30-10-2019
CID_2514,Amit,34,Male,Aligarh,Marketing Specialist,1691130,05-10-2021
CID_2515,Ananya,60,Female,Mumbai,Sales Executive,1423203,13-06-2019
CID_2516,Rakesh,62,Male,Mumbai,Consultant,709519,18-04-2021
CID_2517,Rohan,56,Male,Aligarh,Sales Executive,233447,25-09-2025
CID_2518,Kiran,49,Other,Chennai,Teacher,493587,23-11-2025
CID_2519,Jai,29,Other,Lucknow,Accountant,1074063,14-02-2025
CID_2520,Divya,18,Female,Chennai,Office Intern,149020,22-11-2022
CID_2521,Shreya,8,Female,Delhi,Student,,02-10-2020
CID_2522,Ananya,57,Female,Lucknow,Engineer,1174181,22-08-2019
CID_2523,Rakesh,75,Male,Kolkata,Electrician,1904820,26-05-2021
CID_2524,Divya,13,Female,Lucknow,Student,,06-06-2018
CID_2525,Vivaan,73,Male,Aligarh,Clerk,372154,21-08-2023
CID_2526,Priya,31,Female,Mumbai,Designer,734930,12-04-2025
CID_2527,Varun,73,Male,Delhi,Mechanic,1113078,09-01-2023
CID_2528,Siddharth,33,Male,Pune,Engineer,1703316,25-11-2019
CID_2529,Aman,8,Male,Chennai,Student,,09-03-2025
CID_2530,Manish,40,Male,Noida,Marketing Specialist,822820,02-08-2019
CID_2531,Deepak,20,Male,Delhi,Call Center Trainee,69935,25-04-2018
CID_2532,Karan,34,Male,Delhi,Teacher,1152478,19-10-2022
CID_2533,Vikas,26,Male,Mumbai,Sales Executive,1556244,21-08-2022
CID_2534,Deepak,12,Male,Noida,Student,,06-06-2023
CID_2535,Rashmi,31,Female,Chennai,Consultant,1298206,23-09-2021
CID_2536,Rahul,39,Male,Lucknow,Clerk,1758210,17-01-2020
CID_2537,Kabir,18,Male,Lucknow,Delivery Assistant,179703,19-04-2025
CID_2538,Amit,40,Male,Mumbai,Software Developer,1341119,29-06-2023
CID_2539,Sonali,69,Female,Noida,Electrician,1667856,06-06-2023
CID_2540,Arjun,70,Male,Kolkata,Doctor,1747927,24-04-2024
CID_2541,Shreya,52,Female,Delhi,Consultant,1498568,16-06-2021
CID_2542,Ankit,64,Male,Aligarh,Marketing Specialist,1634663,02-07-2024
CID_2543,Komal,59,Female,Lucknow,Driver,1504718,22-04-2019
CID_2544,Ishita,37,Female,Chennai,Business Owner,369300,18-07-2018
CID_2545,Ira,66,Female,Chennai,Consultant,1747145,11-11-2023
CID_2546,Amit,10,Male,Lucknow,Student,,21-05-2024
CID_2547,Jai,19,Other,Kolkata,Shop Assistant,79611,22-01-2024
CID_2548,Deepak,45,Male,Lucknow,Sales Executive,1296497,16-04-2025
CID_2549,Tanya,22,Female,Noida,Engineer,1390232,16-04-2024
CID_2550,Aman,62,Male,Noida,Business Owner,1575563,23-07-2020
CID_2551,Sam,25,Other,Lucknow,Engineer,1041271,23-08-2018
CID_2552,Sonali,55,Female,Chennai,Teacher,785308,29-12-2024
CID_2553,Ishaan,58,Male,Aligarh,Designer,1121327,22-02-2023
CID_2554,Ritu,72,Female,Pune,Mechanic,745556,21-09-2025
CID_2555,Neha,29,Female,Kolkata,Accountant,523263,28-02-2018
CID_2556,Amit,20,Male,Lucknow,Call Center Trainee,198818,28-06-2022
CID_2557,Sanjay,18,Male,Noida,Intern,82306,13-04-2019
CID_2558,Meera,9,Female,Chennai,Student,,30-12-2023
CID_2559,Yash,30,Male,Chennai,Teacher,1770832,04-04-2018
CID_2560,Rahul,14,Male,Chennai,Student,,22-06-2023
CID_2561,Swati,52,Female,Noida,Software Developer,1055367,29-07-2019
CID_2562,Rajat,32,Male,Delhi,Engineer,349476,21-09-2025
CID_2563,Yash,57,Male,Pune,Mechanic,1393614,27-01-2021
CID_2564,Jordan,10,Other,Delhi,Student,,10-01-2021
CID_2565,Preeti,75,Female,Delhi,Designer,1253901,21-01-2023
CID_2566,Rahul,61,Male,Aligarh,Clerk,476314,12-09-2025
CID_2567,Simran,51,Female,Mumbai,Designer,565259,13-09-2021
CID_2568,Rin,28,Other,Chennai,Sales Executive,1346257,09-10-2021
CID_2569,Amit,55,Male,Pune,Marketing Specialist,720779,21-07-2019
CID_2570,Ira,36,Female,Pune,Consultant,1665630,27-10-2025
CID_2571,Rashmi,42,Female,Noida,Manager,1079005,30-04-2024
CID_2572,Ishaan,29,Male,Noida,Clerk,419031,26-07-2018
CID_2573,Khushi,32,Female,Noida,Accountant,1497928,02-02-2023
CID_2574,Vikas,12,Male,Noida,Student,,06-10-2020
CID_2575,Ira,41,Female,Aligarh,Designer,751966,01-01-2019
CID_2576,Pranav,68,Male,Delhi,Doctor,1235931,14-05-2023
CID_2577,Nisha,69,Female,Lucknow,Mechanic,1553808,10-03-2023
CID_2578,Aarav,10,Male,Pune,Student,,29-04-2019
CID_2579,Aadhya,32,Female,Delhi,Manager,1697645,29-01-2023
CID_2580,Simran,22,Female,Lucknow,Sales Executive,1067689,16-03-2022
CID_2581,Rohan,21,Male,Kolkata,Part-time Tutor,90993,21-07-2018
CID_2582,Varun,64,Male,Noida,Electrician,1643776,29-06-2025
CID_2583,Varun,67,Male,Aligarh,Engineer,1319410,16-04-2024
CID_2584,Vivaan,68,Male,Mumbai,Manager,657126,15-05-2022
CID_2585,Rajat,25,Male,Delhi,Accountant,1708091,12-08-2022
CID_2586,Krishna,65,Male,Chennai,Engineer,1946576,14-11-2020
CID_2587,Ira,23,Female,Lucknow,Electrician,1012332,30-04-2020
CID_2588,Jordan,13,Other,Aligarh,Student,,09-02-2021
CID_2589,Saanvi,14,Female,Delhi,Student,,07-04-2020
CID_2590,Karan,43,Male,Lucknow,Doctor,1839440,13-02-2020
CID_2591,Ananya,19,Female,Mumbai,Office Intern,126444,26-10-2020
CID_2592,Rashmi,61,Female,Lucknow,Doctor,1326201,19-09-2018
CID_2593,Rashmi,8,Female,Kolkata,Student,,23-08-2022
CID_2594,Komal,41,Female,Delhi,Designer,691079,18-05-2022
CID_2595,Pranav,20,Male,Lucknow,Delivery Assistant,63738,19-05-2018
CID_2596,Deepak,51,Male,Noida,Electrician,411086,14-10-2024
CID_2597,Neha,29,Female,Kolkata,Sales Executive,201334,24-12-2020
CID_2598,Manish,12,Male,Mumbai,Student,,23-07-2018
CID_2599,Deepak,22,Male,Noida,Business Owner,1733579,14-10-2021
CID_2600,Muskan,16,Female,Chennai,Intern,134656,18-06-2024
CID_2601,Aditya,12,Male,Lucknow,Student,,28-02-2019
CID_2602,Swati,29,Female,Noida,Driver,1593996,11-08-2019
CID_2603,Tarun,14,Male,Noida,Student,,30-03-2022
CID_2604,Krishna,58,Male,Delhi,Doctor,1836107,04-04-2024
CID_2605,Aman,59,Male,Pune,Software Developer,333299,23-04-2024
CID_2606,Anjali,5,Female,Mumbai,Student,,22-12-2022
CID_2607,Khushi,67,Female,Kolkata,Engineer,634655,25-08-2019
CID_2608,Sanjay,56,Male,Kolkata,Sales Executive,273116,23-05-2025
CID_2609,Rajat,64,Male,Lucknow,Accountant,714583,07-04-2021
CID_2610,Ankit,16,Male,Aligarh,Delivery Assistant,181213,30-12-2019
CID_2611,Gaurav,32,Male,Delhi,Clerk,737978,24-10-2020
CID_2612,Rituraj,38,Male,Delhi,Driver,1821897,07-09-2021
CID_2613,Priya,74,Female,Delhi,Teacher,1633365,23-06-2024
CID_2614,Kavya,18,Female,Mumbai,Part-time Tutor,183809,03-12-2020
CID_2615,Sanjay,37,Male,Kolkata,Electrician,1815217,17-12-2019
CID_2616,Deepak,15,Male,Pune,Student,,15-09-2021
CID_2617,Arjun,40,Male,Chennai,Marketing Specialist,1054711,07-03-2025
CID_2618,Rahul,55,Male,Aligarh,Manager,1247912,05-03-2021
CID_2619,Krishna,11,Male,Mumbai,Student,,12-06-2022
CID_2620,Rakesh,27,Male,Lucknow,Marketing Specialist,1766505,29-10-2019
CID_2621,Vikas,10,Male,Aligarh,Student,,19-01-2018
CID_2622,Rakesh,41,Male,Chennai,Mechanic,1002802,27-04-2024
CID_2623,Yash,48,Male,Lucknow,Business Owner,1488206,26-09-2020
CID_2624,Kabir,17,Male,Aligarh,Office Intern,109073,27-07-2024
CID_2625,Pranav,23,Male,Aligarh,Doctor,612137,21-06-2025
CID_2626,Ishaan,72,Male,Noida,Consultant,676976,05-06-2019
CID_2627,Rahul,57,Male,Pune,Marketing Specialist,255351,26-11-2020
CID_2628,Ritu,55,Female,Noida,Accountant,1086113,14-01-2020
CID_2629,Komal,65,Female,Noida,Engineer,1922904,22-07-2023
CID_2630,Aarti,41,Female,Kolkata,Driver,1105759,22-06-2022
CID_2631,Aarav,25,Male,Chennai,Doctor,1526560,20-02-2025
CID_2632,Vikas,58,Male,Aligarh,Electrician,1413197,03-01-2021
CID_2633,Varun,74,Male,Pune,Mechanic,1316050,10-12-2023
CID_2634,Rajat,52,Male,Mumbai,Consultant,1869467,29-11-2022
CID_2635,Rohan,32,Male,Pune,Business Owner,915677,01-03-2018
CID_2636,Aditya,43,Male,Aligarh,Driver,1251047,23-03-2022
CID_2637,Aadhya,29,Female,Pune,Accountant,1203165,18-04-2023
CID_2638,Shaurya,75,Male,Noida,Software Developer,1373893,04-01-2021
CID_2639,Nikhil,58,Male,Noida,Business Owner,1848800,01-12-2018
CID_2640,Adi,14,Other,Lucknow,Student,,09-12-2019
CID_2641,Harsh,17,Male,Noida,Delivery Assistant,90641,22-02-2025
CID_2642,Ankit,14,Male,Chennai,Student,,03-10-2018
CID_2643,Manish,25,Male,Lucknow,Mechanic,341793,19-12-2023
CID_2644,Sanjay,69,Male,Chennai,Consultant,1421243,31-12-2025
CID_2645,Tanya,69,Female,Kolkata,Mechanic,1538358,20-12-2020
CID_2646,Ari,65,Other,Aligarh,Business Owner,1037439,20-01-2019
CID_2647,Sanjay,19,Male,Aligarh,Call Center Trainee,97124,21-01-2021
CID_2648,Pranav,26,Male,Pune,Engineer,1751174,23-11-2021
CID_2649,Rahul,29,Male,Lucknow,Business Owner,1860050,24-02-2020
CID_2650,Shaurya,7,Male,Noida,Student,,20-08-2020
CID_2651,Gaurav,23,Male,Mumbai,Business Owner,1847297,25-01-2019
CID_2652,Atharv,64,Male,Mumbai,Business Owner,493330,30-01-2025
CID_2653,Nikhil,49,Male,Kolkata,Business Owner,1011235,07-09-2023
CID_2654,Ishaan,10,Male,Kolkata,Student,,22-02-2022
CID_2655,Shaurya,31,Male,Lucknow,Business Owner,1584026,26-12-2019
CID_2656,Komal,27,Female,Lucknow,Manager,1960749,05-01-2019
CID_2657,Ananya,15,Female,Delhi,Student,,13-04-2021
CID_2658,Alex,20,Other,Chennai,Student,85909,13-07-2021
CID_2659,Ira,55,Female,Aligarh,Teacher,261148,14-05-2025
CID_2660,Divya,34,Female,Mumbai,Sales Executive,1502516,18-12-2023
CID_2661,Sonali,25,Female,Aligarh,Accountant,455452,02-04-2022
CID_2662,Atharv,39,Male,Delhi,Designer,795025,18-01-2020
CID_2663,Payal,37,Female,Kolkata,Manager,1627072,03-05-2020
CID_2664,Ananya,16,Female,Delhi,Student,184181,15-11-2019
CID_2665,Preeti,51,Female,Delhi,Engineer,1803420,07-02-2023
CID_2666,Ishaan,47,Male,Noida,Consultant,1455596,16-05-2020
CID_2667,Yash,60,Male,Delhi,Teacher,1601302,17-02-2020
CID_2668,Aarti,8,Female,Chennai,Student,,18-06-2022
CID_2669,Priya,14,Female,Pune,Student,,02-05-2024
CID_2670,Amit,48,Male,Lucknow,Software Developer,1263188,23-04-2018
CID_2671,Ankit,6,Male,Chennai,Student,,11-04-2024
CID_2672,Krishna,20,Male,Mumbai,Call Center Trainee,85364,11-07-2021
CID_2673,Pranav,68,Male,Delhi,Doctor,651667,22-01-2022
CID_2674,Saanvi,22,Female,Chennai,Electrician,1156822,17-10-2018
CID_2675,Amit,65,Male,Delhi,Accountant,550598,23-08-2020
CID_2676,Karan,11,Male,Mumbai,Student,,26-10-2023
CID_2677,Divya,42,Female,Mumbai,Business Owner,1071936,05-04-2018
CID_2678,Komal,25,Female,Pune,Engineer,360174,09-09-2022
CID_2679,Diya,45,Female,Pune,Sales Executive,387339,12-02-2021
CID_2680,Tarun,63,Male,Noida,Engineer,361577,09-09-2020
CID_2681,Aman,69,Male,Mumbai,Designer,1910888,07-11-2025
CID_2682,Ishita,44,Female,Delhi,Electrician,1651450,28-09-2019
CID_2683,Yash,16,Male,Aligarh,Intern,134543,19-05-2025
CID_2684,Varun,55,Male,Kolkata,Sales Executive,773591,29-06-2023
CID_2685,Harsh,28,Male,Aligarh,Clerk,344166,03-12-2021
CID_2686,Simran,73,Female,Mumbai,Manager,1410085,02-02-2023
CID_2687,Priya,47,Female,Chennai,Electrician,1606111,27-09-2025
CID_2688,Nikhil,30,Male,Kolkata,Electrician,1821561,03-03-2018
CID_2689,Tanya,56,Female,Mumbai,Software Developer,1768428,11-04-2023
CID_2690,Ari,68,Other,Noida,Sales Executive,1666305,05-02-2020
CID_2691,Preeti,70,Female,Chennai,Accountant,603869,04-03-2019
CID_2692,Riya,67,Female,Kolkata,Engineer,636971,08-09-2019
CID_2693,Pallavi,10,Female,Mumbai,Student,,02-07-2019
CID_2694,Aditya,40,Male,Lucknow,Doctor,295622,21-09-2020
CID_2695,Ira,69,Female,Noida,Driver,295603,15-05-2020
CID_2696,Sonali,57,Female,Lucknow,Engineer,1738738,07-06-2019
CID_2697,Aarav,51,Male,Aligarh,Software Developer,1290225,14-07-2018
CID_2698,Saanvi,51,Female,Aligarh,Consultant,380334,10-04-2019
CID_2699,Aarav,57,Male,Noida,Clerk,1227018,04-11-2025
CID_2700,Arjun,56,Male,Chennai,Sales Executive,1473539,24-06-2023
CID_2701,Diya,52,Female,Mumbai,Marketing Specialist,780129,18-03-2024
CID_2702,Rin,11,Other,Noida,Student,,18-08-2019
CID_2703,Tarun,50,Male,Chennai,Business Owner,1527533,16-08-2021
CID_2704,Nikhil,60,Male,Kolkata,Teacher,771043,17-06-2019
CID_2705,Pallavi,73,Female,Pune,Designer,635689,10-11-2020
CID_2706,Simran,23,Female,Aligarh,Business Owner,464326,14-11-2022
CID_2707,Taylor,51,Other,Mumbai,Teacher,1495633,14-07-2024
CID_2708,Nikhil,23,Male,Delhi,Software Developer,472596,03-09-2019
CID_2709,Jai,33,Other,Mumbai,Consultant,1052536,25-01-2025
CID_2710,Aditya,47,Male,Chennai,Doctor,739577,23-10-2025
CID_2711,Shaurya,23,Male,Kolkata,Doctor,381345,18-03-2019
CID_2712,Ankit,70,Male,Lucknow,Manager,919013,31-03-2024
CID_2713,Priya,34,Female,Aligarh,Electrician,1842924,07-03-2021
CID_2714,Aarti,16,Female,Pune,Intern,130653,28-07-2018
CID_2715,Ari,15,Other,Lucknow,Student,,14-06-2022
CID_2716,Sam,26,Other,Kolkata,Sales Executive,1646107,24-04-2025
CID_2717,Deepak,52,Male,Aligarh,Driver,730094,07-08-2020
CID_2718,Deepak,34,Male,Lucknow,Sales Executive,1169477,14-12-2024
CID_2719,Pallavi,8,Female,Kolkata,Student,,21-02-2019
CID_2720,Amit,55,Male,Noida,Driver,1821636,16-05-2025
CID_2721,Kavya,17,Female,Chennai,Student,152821,26-08-2024
CID_2722,Alex,51,Other,Pune,Designer,587995,23-01-2022
CID_2723,Ira,52,Female,Noida,Accountant,1580336,15-06-2020
CID_2724,Rituraj,20,Male,Lucknow,Student,182360,05-10-2024
CID_2725,Ishaan,13,Male,Noida,Student,,23-01-2025
CID_2726,Nikhil,53,Male,Aligarh,Manager,1947470,20-06-2023
CID_2727,Rajat,41,Male,Delhi,Doctor,236267,06-04-2024
CID_2728,Swati,10,Female,Lucknow,Student,,15-11-2022
CID_2729,Gaurav,10,Male,Chennai,Student,,08-05-2018
CID_2730,Tarun,29,Male,Noida,Business Owner,1629441,05-12-2023
CID_2731,Dee,6,Other,Kolkata,Student,,06-07-2018
CID_2732,Vivaan,46,Male,Kolkata,Driver,1869471,06-01-2019
CID_2733,Ananya,69,Female,Mumbai,Accountant,1201916,09-05-2019
CID_2734,Rakesh,66,Male,Kolkata,Consultant,1711620,19-03-2021
CID_2735,Sanjay,44,Male,Kolkata,Mechanic,388586,27-06-2020
CID_2736,Rohan,10,Male,Pune,Student,,07-06-2025
CID_2737,Shreya,41,Female,Delhi,Sales Executive,1705351,08-06-2018
CID_2738,Manish,49,Male,Lucknow,Clerk,364927,29-10-2021
CID_2739,Pranav,22,Male,Noida,Teacher,1875890,12-12-2022
CID_2740,Krishna,26,Male,Noida,Business Owner,1458016,18-11-2018
CID_2741,Ishaan,51,Male,Lucknow,Software Developer,1298846,12-06-2024
CID_2742,Riya,60,Female,Aligarh,Driver,1152025,16-11-2020
CID_2743,Rahul,33,Male,Noida,Manager,1265461,19-07-2023
CID_2744,Varun,8,Male,Noida,Student,,06-12-2020
CID_2745,Payal,69,Female,Kolkata,Sales Executive,1078014,02-05-2021
CID_2746,Karan,39,Male,Delhi,Business Owner,974692,28-04-2022
CID_2747,Amit,14,Male,Noida,Student,,03-11-2018
CID_2748,Deepak,43,Male,Mumbai,Consultant,451870,05-11-2019
CID_2749,Shaurya,56,Male,Chennai,Accountant,1646015,01-04-2018
CID_2750,Sanjay,71,Male,Aligarh,Designer,1054257,20-07-2025
CID_2751,Arjun,25,Male,Chennai,Mechanic,1416538,19-10-2018
CID_2752,Manish,50,Male,Pune,Sales Executive,1603101,23-02-2022
CID_2753,Kavya,62,Female,Pune,Software Developer,1819515,19-03-2021
CID_2754,Ishita,36,Female,Delhi,Driver,1834147,27-02-2018
CID_2755,Rituraj,63,Male,Noida,Doctor,1021288,22-11-2022
CID_2756,Yash,23,Male,Chennai,Consultant,1536007,11-08-2024
CID_2757,Vikas,49,Male,Chennai,Manager,565039,09-07-2023
CID_2758,Nisha,53,Female,Mumbai,Business Owner,1312618,27-11-2018
CID_2759,Rohan,71,Male,Pune,Manager,1467313,19-06-2018
CID_2760,Kavya,44,Female,Noida,Teacher,1587422,24-07-2023
CID_2761,Dee,67,Other,Aligarh,Designer,933614,16-11-2021
CID_2762,Rakesh,60,Male,Delhi,Clerk,1157570,02-05-2024
CID_2763,Vikas,58,Male,Lucknow,Designer,1776440,01-09-2025
CID_2764,Rajat,65,Male,Pune,Teacher,1140408,02-10-2025
CID_2765,Nisha,25,Female,Lucknow,Clerk,1114784,04-08-2023
CID_2766,Rin,29,Other,Pune,Driver,1786176,28-02-2020
CID_2767,Rohan,59,Male,Delhi,Manager,1642504,16-01-2023
CID_2768,Taylor,33,Other,Aligarh,Electrician,863495,31-08-2019
CID_2769,Vivaan,22,Male,Lucknow,Driver,532867,01-10-2021
CID_2770,Jai,75,Other,Delhi,Marketing Specialist,528011,17-11-2025
CID_2771,Shaurya,37,Male,Kolkata,Sales Executive,1593304,31-07-2023
CID_2772,Rohan,15,Male,Noida,Student,,03-04-2019
CID_2773,Krishna,67,Male,Kolkata,Accountant,1469411,23-04-2019
CID_2774,Tarun,71,Male,Mumbai,Accountant,766402,15-06-2022
CID_2775,Rahul,28,Male,Lucknow,Manager,1332744,28-08-2022
CID_2776,Rituraj,16,Male,Noida,Delivery Assistant,146585,25-11-2018
CID_2777,Rin,16,Other,Kolkata,Office Intern,170053,14-11-2020
CID_2778,Preeti,50,Female,Mumbai,Teacher,1385466,18-12-2023
CID_2779,Rin,34,Other,Aligarh,Sales Executive,1813080,26-02-2024
CID_2780,Kabir,74,Male,Delhi,Designer,337629,23-01-2023
CID_2781,Krishna,56,Male,Pune,Engineer,1962634,24-06-2023
CID_2782,Kabir,56,Male,Noida,Consultant,1132535,04-09-2018
CID_2783,Jordan,16,Other,Pune,Call Center Trainee,58092,27-11-2022
CID_2784,Harsh,45,Male,Pune,Driver,688007,14-02-2025
CID_2785,Ishita,36,Female,Lucknow,Sales Executive,1542992,30-07-2019
CID_2786,Rin,59,Other,Noida,Consultant,1076663,19-04-2021
CID_2787,Arjun,18,Male,Mumbai,Part-time Tutor,103222,08-09-2021
CID_2788,Komal,55,Female,Aligarh,Teacher,489291,26-03-2018
CID_2789,Divya,46,Female,Delhi,Teacher,1961031,11-09-2018
CID_2790,Varun,40,Male,Kolkata,Doctor,324450,17-08-2025
CID_2791,Jai,26,Other,Noida,Manager,502414,08-04-2023
CID_2792,Rakesh,59,Male,Noida,Business Owner,1559355,01-03-2018
CID_2793,Alex,43,Other,Pune,Manager,1695063,26-10-2019
CID_2794,Krishna,67,Male,Kolkata,Consultant,507670,01-11-2023
CID_2795,Divya,41,Female,Lucknow,Consultant,1959142,27-11-2023
CID_2796,Yash,47,Male,Delhi,Business Owner,1666483,05-12-2025
CID_2797,Ankit,50,Male,Aligarh,Designer,842856,07-04-2024
CID_2798,Yash,13,Male,Aligarh,Student,,13-04-2024
CID_2799,Payal,30,Female,Kolkata,Teacher,1627389,23-12-2018
CID_2800,Aarav,17,Male,Chennai,Intern,73317,28-02-2024
CID_2801,Siddharth,23,Male,Lucknow,Clerk,1805110,05-09-2021
CID_2802,Swati,75,Female,Aligarh,Manager,896753,22-06-2020
CID_2803,Vikas,6,Male,Aligarh,Student,,13-12-2025
CID_2804,Pranav,52,Male,Noida,Manager,1519265,29-11-2023
CID_2805,Kavya,19,Female,Chennai,Shop Assistant,113962,14-03-2023
CID_2806,Pranav,53,Male,Kolkata,Designer,1505755,16-11-2025
CID_2807,Atharv,64,Male,Lucknow,Mechanic,1511860,12-02-2021
CID_2808,Rahul,50,Male,Lucknow,Accountant,1229561,19-12-2023
CID_2809,Kabir,67,Male,Mumbai,Software Developer,1612308,07-06-2020
CID_2810,Krishna,67,Male,Chennai,Business Owner,1750722,15-08-2021
CID_2811,Sanjay,27,Male,Kolkata,Marketing Specialist,206048,21-03-2020
CID_2812,Siddharth,39,Male,Mumbai,Engineer,809073,29-06-2019
CID_2813,Sanjay,18,Male,Lucknow,Part-time Tutor,162927,11-10-2023
CID_2814,Gaurav,57,Male,Aligarh,Manager,899580,10-01-2021
CID_2815,Ari,7,Other,Mumbai,Student,,11-12-2024
CID_2816,Divya,26,Female,Noida,Designer,210606,29-01-2023
CID_2817,Varun,43,Male,Delhi,Sales Executive,550165,09-11-2021
CID_2818,Krishna,35,Male,Aligarh,Clerk,584787,29-06-2019
CID_2819,Atharv,14,Male,Mumbai,Student,,26-07-2018
CID_2820,Sanjay,6,Male,Kolkata,Student,,07-09-2022
CID_2821,Sneha,19,Female,Lucknow,Delivery Assistant,81479,03-03-2024
CID_2822,Aarav,14,Male,Chennai,Student,,27-02-2023
CID_2823,Ishaan,41,Male,Pune,Sales Executive,1973018,01-12-2019
CID_2824,Varun,24,Male,Mumbai,Accountant,1294439,28-08-2018
CID_2825,Priya,25,Female,Delhi,Marketing Specialist,894308,22-07-2023
CID_2826,Sanjay,30,Male,Aligarh,Software Developer,1229769,11-12-2023
CID_2827,Yash,31,Male,Chennai,Designer,1096881,12-02-2018
CID_2828,Pooja,54,Female,Lucknow,Driver,658912,02-08-2025
CID_2829,Karan,26,Male,Noida,Consultant,1624137,05-06-2024
CID_2830,Preeti,31,Female,Mumbai,Electrician,1863737,05-01-2025
CID_2831,Rahul,33,Male,Delhi,Business Owner,1821894,30-03-2019
CID_2832,Vivaan,29,Male,Noida,Doctor,338547,30-05-2024
CID_2833,Rakesh,71,Male,Mumbai,Sales Executive,1462997,01-05-2023
CID_2834,Manish,41,Male,Aligarh,Designer,386815,10-09-2020
CID_2835,Yash,41,Male,Delhi,Driver,1650250,08-05-2021
CID_2836,Manish,33,Male,Chennai,Sales Executive,1723526,28-11-2019
CID_2837,Siddharth,68,Male,Noida,Clerk,640266,23-08-2022
CID_2838,Jai,68,Other,Delhi,Software Developer,1576833,05-09-2021
CID_2839,Vikas,53,Male,Pune,Teacher,1991376,12-05-2023
CID_2840,Shaurya,9,Male,Aligarh,Student,,03-02-2018
CID_2841,Simran,70,Female,Delhi,Manager,584090,10-12-2024
CID_2842,Kiran,23,Other,Chennai,Marketing Specialist,1263158,13-06-2023
CID_2843,Shaurya,18,Male,Kolkata,Call Center Trainee,51621,12-01-2023
CID_2844,Amit,64,Male,Delhi,Marketing Specialist,1055233,02-06-2021
CID_2845,Rahul,41,Male,Aligarh,Clerk,1229374,03-01-2024
CID_2846,Rituraj,62,Male,Mumbai,Consultant,810954,09-11-2018
CID_2847,Vikas,39,Male,Chennai,Driver,840403,14-08-2025
CID_2848,Tanya,70,Female,Lucknow,Clerk,1673994,11-05-2022
CID_2849,Nisha,17,Female,Pune,Shop Assistant,77057,05-03-2021
CID_2850,Vivaan,5,Male,Mumbai,Student,,25-07-2018
CID_2851,Rakesh,40,Male,Aligarh,Business Owner,379993,13-07-2025
CID_2852,Rituraj,5,Male,Aligarh,Student,,02-11-2024
CID_2853,Payal,56,Female,Aligarh,Clerk,1573170,08-08-2021
CID_2854,Payal,74,Female,Kolkata,Mechanic,285668,28-01-2024
CID_2855,Rahul,63,Male,Kolkata,Marketing Specialist,282330,14-05-2022
CID_2856,Jordan,72,Other,Pune,Driver,1844989,05-03-2022
CID_2857,Jai,71,Other,Kolkata,Doctor,1227779,08-04-2020
CID_2858,Diya,9,Female,Aligarh,Student,,03-05-2019
CID_2859,Jai,29,Other,Chennai,Accountant,804505,04-05-2018
CID_2860,Amit,68,Male,Noida,Sales Executive,1253115,15-03-2021
CID_2861,Vivaan,41,Male,Pune,Driver,1636196,27-12-2020
CID_2862,Ari,31,Other,Noida,Driver,430800,04-07-2018
CID_2863,Aditya,36,Male,Pune,Engineer,920503,12-04-2024
CID_2864,Aman,65,Male,Kolkata,Mechanic,838329,08-05-2020
CID_2865,Sonali,37,Female,Lucknow,Clerk,971448,28-05-2018
CID_2866,Siddharth,13,Male,Mumbai,Student,,14-11-2023
CID_2867,Krishna,38,Male,Aligarh,Designer,1658562,08-11-2025
CID_2868,Rakesh,52,Male,Aligarh,Teacher,1792981,21-05-2018
CID_2869,Divya,50,Female,Lucknow,Marketing Specialist,1349937,11-07-2025
CID_2870,Krishna,25,Male,Pune,Driver,1901979,02-12-2018
CID_2871,Taylor,68,Other,Kolkata,Engineer,1618393,19-11-2024
CID_2872,Shreya,72,Female,Noida,Electrician,1745067,31-01-2021
CID_2873,Arjun,31,Male,Aligarh,Consultant,979290,15-03-2018
CID_2874,Ishita,10,Female,Pune,Student,,13-03-2023
CID_2875,Payal,74,Female,Noida,Engineer,1312581,19-05-2025
CID_2876,Alex,51,Other,Mumbai,Sales Executive,1923589,12-11-2020
CID_2877,Aarav,64,Male,Lucknow,Teacher,716173,03-05-2022
CID_2878,Tarun,46,Male,Pune,Marketing Specialist,1817501,05-07-2020
CID_2879,Rohan,28,Male,Noida,Designer,1073089,16-10-2021
CID_2880,Yash,52,Male,Aligarh,Consultant,698463,20-05-2021
CID_2881,Vikas,22,Male,Chennai,Marketing Specialist,1117256,16-09-2020
CID_2882,Diya,66,Female,Delhi,Marketing Specialist,1715781,15-12-2025
CID_2883,Gaurav,9,Male,Noida,Student,,13-05-2018
CID_2884,Gaurav,46,Male,Mumbai,Business Owner,669451,01-03-2025
CID_2885,Atharv,63,Male,Noida,Engineer,1774441,24-04-2025
CID_2886,Aditya,53,Male,Kolkata,Sales Executive,722052,16-03-2021
CID_2887,Swati,31,Female,Aligarh,Engineer,1728006,06-01-2023
CID_2888,Karan,43,Male,Pune,Software Developer,1070096,21-04-2022
CID_2889,Anjali,56,Female,Aligarh,Electrician,1583818,05-11-2024
CID_2890,Pranav,13,Male,Chennai,Student,,04-08-2025
CID_2891,Krishna,31,Male,Chennai,Doctor,1199889,23-12-2019
CID_2892,Vivaan,44,Male,Delhi,Driver,577539,04-09-2024
CID_2893,Deepak,11,Male,Lucknow,Student,,01-06-2021
CID_2894,Jai,31,Other,Kolkata,Designer,618550,01-02-2024
CID_2895,Divya,44,Female,Pune,Marketing Specialist,1247202,17-08-2023
CID_2896,Rohan,46,Male,Noida,Engineer,292251,02-02-2022
CID_2897,Varun,60,Male,Pune,Mechanic,1602504,29-01-2018
CID_2898,Swati,29,Female,Mumbai,Teacher,1960055,08-10-2022
CID_2899,Anjali,74,Female,Delhi,Consultant,332561,19-04-2018
CID_2900,Rajat,42,Male,Lucknow,Manager,1822567,13-09-2021
CID_2901,Rahul,24,Male,Delhi,Clerk,1811081,13-05-2023
CID_2902,Rahul,71,Male,Pune,Manager,521154,12-04-2024
CID_2903,Sneha,30,Female,Delhi,Accountant,555282,28-12-2021
CID_2904,Saanvi,7,Female,Noida,Student,,30-10-2024
CID_2905,Kabir,64,Male,Delhi,Clerk,1561031,01-02-2024
CID_2906,Aadhya,68,Female,Chennai,Driver,1716167,14-01-2021
CID_2907,Sneha,65,Female,Lucknow,Accountant,906498,09-04-2024
CID_2908,Krishna,23,Male,Kolkata,Engineer,1550571,11-09-2018
CID_2909,Ananya,37,Female,Kolkata,Software Developer,311885,10-08-2023
CID_2910,Aarav,20,Male,Mumbai,Intern,51033,29-08-2023
CID_2911,Yash,65,Male,Lucknow,Manager,622889,31-12-2022
CID_2912,Rohan,15,Male,Kolkata,Student,,03-05-2021
CID_2913,Sam,19,Other,Chennai,Office Intern,108007,07-06-2019
CID_2914,Ritu,59,Female,Aligarh,Accountant,230302,05-09-2021
CID_2915,Anjali,15,Female,Lucknow,Student,,04-04-2025
CID_2916,Rahul,62,Male,Mumbai,Marketing Specialist,321693,02-02-2025
CID_2917,Shreya,28,Female,Delhi,Accountant,999149,27-05-2022
CID_2918,Tarun,51,Male,Delhi,Clerk,922044,13-04-2023
CID_2919,Meera,63,Female,Kolkata,Clerk,1337841,01-06-2022
CID_2920,Saanvi,14,Female,Lucknow,Student,,14-02-2021
CID_2921,Atharv,25,Male,Lucknow,Consultant,1826245,21-02-2024
CID_2922,Taylor,75,Other,Kolkata,Clerk,867645,28-12-2022
CID_2923,Aditya,43,Male,Lucknow,Doctor,1289221,18-01-2021
CID_2924,Shreya,32,Female,Delhi,Sales Executive,1834854,01-12-2019
CID_2925,Krishna,13,Male,Noida,Student,,24-11-2020
CID_2926,Aarav,37,Male,Chennai,Marketing Specialist,811294,17-01-2023
CID_2927,Rohan,38,Male,Delhi,Consultant,1378156,21-12-2023
CID_2928,Karan,56,Male,Pune,Manager,1596703,23-05-2022
CID_2929,Yash,66,Male,Mumbai,Electrician,1985393,02-09-2024
CID_2930,Krishna,73,Male,Kolkata,Engineer,956517,18-04-2023
CID_2931,Pranav,48,Male,Aligarh,Clerk,1126527,18-12-2019
CID_2932,Pooja,6,Female,Kolkata,Student,,11-07-2021
CID_2933,Gaurav,24,Male,Pune,Teacher,1027531,11-09-2024
CID_2934,Ananya,73,Female,Pune,Designer,558116,14-07-2019
CID_2935,Ananya,42,Female,Lucknow,Manager,1431083,26-07-2024
CID_2936,Rin,60,Other,Lucknow,Manager,1777517,26-03-2018
CID_2937,Tarun,42,Male,Noida,Consultant,1524143,03-03-2023
CID_2938,Ishaan,73,Male,Kolkata,Designer,1259230,11-11-2019
CID_2939,Nisha,7,Female,Pune,Student,,19-11-2020
CID_2940,Preeti,43,Female,Pune,Marketing Specialist,1887700,01-05-2023
CID_2941,Pranav,59,Male,Aligarh,Designer,1228191,31-03-2023
CID_2942,Arjun,18,Male,Aligarh,Part-time Tutor,83255,08-04-2018
CID_2943,Aarav,56,Male,Aligarh,Mechanic,1053161,04-09-2021
CID_2944,Rahul,71,Male,Pune,Engineer,1997263,05-04-2025
CID_2945,Ishaan,38,Male,Kolkata,Designer,441074,12-04-2021
CID_2946,Rakesh,31,Male,Aligarh,Doctor,1661438,22-05-2019
CID_2947,Pallavi,18,Female,Pune,Part-time Tutor,171068,09-06-2018
CID_2948,Nikhil,51,Male,Noida,Consultant,1916756,03-09-2020
CID_2949,Karan,62,Male,Delhi,Clerk,1909639,18-12-2018
CID_2950,Rituraj,31,Male,Chennai,Designer,567672,26-01-2023
CID_2951,Simran,34,Female,Kolkata,Accountant,1416113,03-09-2021
CID_2952,Pranav,50,Male,Chennai,Consultant,1240307,21-12-2023
CID_2953,Rakesh,47,Male,Delhi,Clerk,1755761,07-05-2021
CID_2954,Rajat,50,Male,Lucknow,Electrician,1269910,11-10-2025
CID_2955,Taylor,42,Other,Noida,Software Developer,1672996,22-06-2020
CID_2956,Anjali,69,Female,Chennai,Marketing Specialist,1916840,20-10-2025
CID_2957,Ishaan,31,Male,Mumbai,Marketing Specialist,1436689,28-12-2021
CID_2958,Rajat,19,Male,Pune,Office Intern,160169,22-12-2018
CID_2959,Rajat,46,Male,Aligarh,Teacher,1027909,31-08-2025
CID_2960,Rajat,19,Male,Chennai,Shop Assistant,112688,29-06-2018
CID_2961,Aadhya,7,Female,Aligarh,Student,,11-11-2021
CID_2962,Aarav,25,Male,Kolkata,Clerk,854525,01-07-2020
CID_2963,Deepak,44,Male,Delhi,Designer,1640954,02-02-2022
CID_2964,Neha,43,Female,Mumbai,Electrician,382324,31-10-2025
CID_2965,Neha,13,Female,Mumbai,Student,,19-03-2019
CID_2966,Nikhil,52,Male,Chennai,Business Owner,706984,09-05-2020
CID_2967,Vikas,9,Male,Lucknow,Student,,05-11-2020
CID_2968,Aadhya,45,Female,Lucknow,Mechanic,942418,05-11-2020
CID_2969,Adi,14,Other,Delhi,Student,,04-03-2018
CID_2970,Sonali,11,Female,Pune,Student,,12-08-2018
CID_2971,Krishna,33,Male,Mumbai,Manager,559186,08-12-2019
CID_2972,Arjun,64,Male,Lucknow,Consultant,945077,01-09-2022
CID_2973,Atharv,7,Male,Chennai,Student,,03-05-2021
CID_2974,Sam,61,Other,Mumbai,Marketing Specialist,1648943,15-05-2024
CID_2975,Vivaan,10,Male,Mumbai,Student,,26-12-2019
CID_2976,Ankit,49,Male,Aligarh,Driver,1512836,21-06-2020
CID_2977,Anjali,52,Female,Aligarh,Driver,786906,17-04-2021
CID_2978,Varun,33,Male,Lucknow,Consultant,1630799,23-08-2018
CID_2979,Rajat,43,Male,Mumbai,Engineer,1153759,28-09-2024
CID_2980,Sonali,63,Female,Aligarh,Marketing Specialist,615215,10-02-2024
CID_2981,Sam,68,Other,Lucknow,Driver,964755,12-03-2023
CID_2982,Harsh,11,Male,Kolkata,Student,,27-03-2023
CID_2983,Adi,13,Other,Chennai,Student,,24-03-2021
CID_2984,Siddharth,53,Male,Lucknow,Consultant,1311750,05-07-2019
CID_2985,Ritu,28,Female,Noida,Marketing Specialist,679918,06-08-2021
CID_2986,Atharv,57,Male,Pune,Consultant,707263,19-10-2018
CID_2987,Alex,40,Other,Lucknow,Engineer,1352960,25-04-2024
CID_2988,Siddharth,62,Male,Lucknow,Engineer,342406,12-12-2022
CID_2989,Saanvi,48,Female,Delhi,Marketing Specialist,270319,03-09-2018
CID_2990,Diya,38,Female,Noida,Doctor,1528206,03-06-2022
CID_2991,Amit,22,Male,Mumbai,Designer,1164266,16-07-2019
CID_2992,Kabir,23,Male,Kolkata,Engineer,256656,17-04-2021
CID_2993,Simran,21,Female,Kolkata,Shop Assistant,164400,07-09-2019
CID_2994,Amit,31,Male,Delhi,Doctor,782419,16-09-2023
CID_2995,Vivaan,69,Male,Noida,Software Developer,763400,14-01-2022
CID_2996,Kabir,71,Male,Mumbai,Software Developer,650690,18-10-2022
CID_2997,Kavya,42,Female,Lucknow,Software Developer,880374,27-01-2025
CID_2998,Simran,60,Female,Mumbai,Marketing Specialist,1154139,27-09-2019
CID_2999,Shaurya,38,Male,Chennai,Mechanic,1296833,29-01-2019
CID_3000,Priya,73,Female,Aligarh,Teacher,1811662,22-02-2021
CID_3001,Tarun,56,Male,Lucknow,Designer,1464288,23-04-2025
CID_3002,Amit,59,Male,Noida,Doctor,1555846,06-07-2023
CID_3003,Shaurya,18,Male,Pune,Student,151846,13-06-2024
CID_3004,Vivaan,66,Male,Lucknow,Marketing Specialist,788942,02-05-2019
CID_3005,Ananya,51,Female,Chennai,Teacher,1762748,26-09-2024
CID_3006,Arjun,72,Male,Lucknow,Software Developer,985156,30-10-2023
CID_3007,Aditya,19,Male,Pune,Office Intern,157898,19-01-2022
CID_3008,Nikhil,36,Male,Noida,Sales Executive,1060474,14-06-2023
CID_3009,Aditya,7,Male,Noida,Student,,27-11-2024
CID_3010,Anjali,17,Female,Chennai,Delivery Assistant,75624,30-08-2018
CID_3011,Ritu,57,Female,Mumbai,Software Developer,332911,04-01-2025
CID_3012,Ritu,71,Female,Mumbai,Software Developer,889488,05-10-2018
CID_3013,Vikas,44,Male,Chennai,Accountant,1873585,21-09-2024
CID_3014,Komal,67,Female,Delhi,Sales Executive,1378306,08-10-2023
CID_3015,Diya,41,Female,Delhi,Marketing Specialist,1280757,15-07-2025
CID_3016,Diya,52,Female,Lucknow,Accountant,1825612,19-03-2021
CID_3017,Rohan,10,Male,Pune,Student,,25-09-2023
CID_3018,Shaurya,33,Male,Lucknow,Business Owner,1337957,18-02-2023
CID_3019,Nikhil,50,Male,Kolkata,Sales Executive,1432438,22-11-2021
CID_3020,Anjali,34,Female,Aligarh,Teacher,1722164,22-01-2020
CID_3021,Krishna,14,Male,Pune,Student,,23-05-2019
CID_3022,Dee,68,Other,Pune,Accountant,1404070,19-02-2023
CID_3023,Aarav,41,Male,Delhi,Software Developer,1150428,31-01-2018
CID_3024,Rohan,39,Male,Delhi,Engineer,933002,18-10-2019
CID_3025,Harsh,67,Male,Lucknow,Accountant,1341859,09-05-2023
CID_3026,Swati,31,Female,Mumbai,Designer,551639,11-05-2020
CID_3027,Aman,42,Male,Pune,Software Developer,1729635,17-12-2023
CID_3028,Krishna,8,Male,Lucknow,Student,,09-05-2021
CID_3029,Simran,11,Female,Noida,Student,,14-07-2023
CID_3030,Manish,25,Male,Pune,Software Developer,265651,17-01-2025
CID_3031,Sonali,72,Female,Mumbai,Consultant,1902399,15-04-2025
CID_3032,Alex,6,Other,Pune,Student,,21-02-2025
CID_3033,Shaurya,74,Male,Aligarh,Driver,841874,15-03-2024
CID_3034,Kabir,42,Male,Lucknow,Software Developer,597829,13-07-2022
CID_3035,Harsh,8,Male,Aligarh,Student,,10-08-2022
CID_3036,Meera,51,Female,Lucknow,Sales Executive,754870,24-03-2021
CID_3037,Vivaan,34,Male,Noida,Sales Executive,1746920,11-01-2020
CID_3038,Sonali,27,Female,Noida,Teacher,1511591,08-08-2019
CID_3039,Amit,8,Male,Pune,Student,,14-04-2018
CID_3040,Ishita,50,Female,Lucknow,Clerk,744446,25-08-2018
CID_3041,Muskan,57,Female,Mumbai,Software Developer,1681106,21-02-2021
CID_3042,Varun,57,Male,Chennai,Designer,1037378,02-02-2018
CID_3043,Vikas,67,Male,Noida,Software Developer,1772290,26-12-2018
CID_3044,Sanjay,34,Male,Chennai,Engineer,1420150,25-02-2018
CID_3045,Komal,26,Female,Chennai,Accountant,1902989,16-10-2018
CID_3046,Divya,34,Female,Delhi,Driver,1382636,06-02-2021
CID_3047,Payal,44,Female,Noida,Marketing Specialist,1717763,17-11-2024
CID_3048,Sonali,8,Female,Kolkata,Student,,26-06-2025
CID_3049,Aditya,66,Male,Noida,Driver,1679968,10-06-2020
CID_3050,Jai,52,Other,Mumbai,Marketing Specialist,777064,01-09-2020
CID_3051,Gaurav,25,Male,Lucknow,Sales Executive,701364,11-04-2025
CID_3052,Vivaan,33,Male,Delhi,Teacher,541097,28-11-2021
CID_3053,Karan,66,Male,Chennai,Mechanic,1262584,04-05-2021
CID_3054,Kabir,74,Male,Chennai,Designer,1242003,25-04-2018
CID_3055,Vikas,18,Male,Noida,Part-time Tutor,163407,21-12-2025
CID_3056,Aarav,28,Male,Pune,Designer,1618518,17-02-2022
CID_3057,Nisha,6,Female,Delhi,Student,,05-10-2024
CID_3058,Arjun,42,Male,Pune,Manager,448182,31-03-2022
CID_3059,Arjun,40,Male,Mumbai,Sales Executive,367146,23-11-2020
CID_3060,Preeti,75,Female,Aligarh,Software Developer,1612992,16-10-2022
CID_3061,Aman,6,Male,Kolkata,Student,,07-12-2019
CID_3062,Adi,24,Other,Kolkata,Designer,1725298,21-08-2022
CID_3063,Siddharth,28,Male,Noida,Marketing Specialist,1362388,12-06-2022
CID_3064,Atharv,34,Male,Delhi,Consultant,354353,08-02-2024
CID_3065,Tarun,10,Male,Aligarh,Student,,07-06-2018
CID_3066,Karan,48,Male,Aligarh,Engineer,1659890,26-10-2024
CID_3067,Anjali,49,Female,Kolkata,Mechanic,571868,02-07-2023
CID_3068,Amit,24,Male,Kolkata,Accountant,1149778,13-06-2018
CID_3069,Rahul,74,Male,Chennai,Engineer,1627222,06-01-2018
CID_3070,Vikas,61,Male,Aligarh,Sales Executive,1487437,09-08-2022
CID_3071,Ankit,37,Male,Lucknow,Engineer,1428404,05-06-2022
CID_3072,Nikhil,23,Male,Aligarh,Engineer,1716670,26-01-2024
CID_3073,Sanjay,69,Male,Chennai,Marketing Specialist,1649642,01-12-2025
CID_3074,Kavya,26,Female,Delhi,Manager,1254205,25-12-2024
CID_3075,Ananya,34,Female,Noida,Mechanic,1141922,14-11-2022
CID_3076,Neha,57,Female,Kolkata,Marketing Specialist,821739,25-09-2024
CID_3077,Payal,65,Female,Delhi,Electrician,928115,04-08-2018
CID_3078,Karan,31,Male,Delhi,Mechanic,1093412,02-12-2024
CID_3079,Aarav,5,Male,Aligarh,Student,,21-02-2019
CID_3080,Rajat,45,Male,Mumbai,Engineer,891648,08-09-2019
CID_3081,Diya,11,Female,Pune,Student,,29-12-2021
CID_3082,Ishita,38,Female,Pune,Clerk,973097,17-09-2019
CID_3083,Atharv,20,Male,Pune,Part-time Tutor,77691,14-01-2022
CID_3084,Sneha,36,Female,Delhi,Business Owner,1988742,31-01-2018
CID_3085,Gaurav,71,Male,Chennai,Designer,685555,23-02-2020
CID_3086,Aman,67,Male,Lucknow,Marketing Specialist,749551,25-03-2021
CID_3087,Saanvi,66,Female,Pune,Manager,343926,14-04-2022
CID_3088,Manish,12,Male,Chennai,Student,,22-05-2025
CID_3089,Pranav,68,Male,Mumbai,Driver,234331,21-06-2024
CID_3090,Rahul,51,Male,Kolkata,Designer,1631185,04-05-2025
CID_3091,Vivaan,17,Male,Kolkata,Student,52829,21-03-2020
CID_3092,Harsh,67,Male,Kolkata,Accountant,240774,24-05-2020
CID_3093,Vikas,48,Male,Chennai,Driver,890539,19-02-2022
CID_3094,Rahul,27,Male,Delhi,Doctor,994821,07-12-2023
CID_3095,Kiran,51,Other,Kolkata,Electrician,894039,23-08-2022
CID_3096,Rituraj,16,Male,Pune,Shop Assistant,58409,22-07-2018
CID_3097,Kabir,29,Male,Pune,Accountant,367252,19-12-2018
CID_3098,Dee,33,Other,Kolkata,Accountant,302363,20-07-2023
CID_3099,Aarav,21,Male,Pune,Part-time Tutor,161543,06-05-2024
CID_3100,Pranav,9,Male,Delhi,Student,,08-05-2025
CID_3101,Nisha,13,Female,Pune,Student,,10-09-2019
CID_3102,Pooja,47,Female,Mumbai,Clerk,574258,26-10-2024
CID_3103,Preeti,31,Female,Pune,Engineer,500613,10-01-2025
CID_3104,Shreya,27,Female,Noida,Sales Executive,1390439,25-11-2020
CID_3105,Siddharth,75,Male,Aligarh,Business Owner,1494361,24-07-2018
CID_3106,Kavya,50,Female,Kolkata,Teacher,265291,20-05-2024
CID_3107,Shaurya,23,Male,Noida,Electrician,1041992,20-05-2022
CID_3108,Sam,61,Other,Delhi,Doctor,532625,11-04-2018
CID_3109,Kabir,41,Male,Kolkata,Teacher,1179895,01-05-2024
CID_3110,Pooja,42,Female,Mumbai,Doctor,1810599,06-02-2018
CID_3111,Jai,27,Other,Chennai,Business Owner,711327,13-10-2021
CID_3112,Rohan,34,Male,Chennai,Business Owner,919179,12-01-2022
CID_3113,Deepak,19,Male,Noida,Part-time Tutor,179217,30-11-2025
CID_3114,Aman,49,Male,Pune,Marketing Specialist,1495602,17-09-2023
CID_3115,Nikhil,17,Male,Pune,Intern,61806,30-07-2024
CID_3116,Saanvi,65,Female,Pune,Doctor,1710666,11-12-2025
CID_3117,Nikhil,55,Male,Delhi,Electrician,1984863,28-03-2023
CID_3118,Vikas,72,Male,Chennai,Clerk,1529772,17-08-2020
CID_3119,Rohan,53,Male,Lucknow,Business Owner,1671751,29-01-2020
CID_3120,Rituraj,43,Male,Aligarh,Manager,819983,27-12-2021
CID_3121,Ishaan,37,Male,Pune,Clerk,1620615,12-12-2020
CID_3122,Siddharth,41,Male,Aligarh,Sales Executive,736499,27-05-2020
CID_3123,Nisha,66,Female,Pune,Engineer,481279,03-09-2020
CID_3124,Pranav,48,Male,Mumbai,Sales Executive,1306052,27-07-2022
CID_3125,Gaurav,63,Male,Kolkata,Engineer,1507207,13-10-2024
CID_3126,Harsh,22,Male,Mumbai,Designer,1382913,04-11-2020
CID_3127,Sneha,70,Female,Kolkata,Marketing Specialist,489116,23-02-2024
CID_3128,Diya,12,Female,Kolkata,Student,,06-04-2019
CID_3129,Rahul,12,Male,Chennai,Student,,09-07-2023
CID_3130,Sam,13,Other,Delhi,Student,,15-08-2023
CID_3131,Muskan,46,Female,Lucknow,Manager,404103,07-02-2020
CID_3132,Sanjay,18,Male,Pune,Student,112667,18-08-2021
CID_3133,Nisha,62,Female,Mumbai,Engineer,1730362,07-12-2021
CID_3134,Swati,49,Female,Kolkata,Electrician,1195621,21-05-2021
CID_3135,Saanvi,5,Female,Noida,Student,,09-02-2025
CID_3136,Vivaan,33,Male,Delhi,Teacher,551195,12-07-2022
CID_3137,Rajat,10,Male,Kolkata,Student,,02-09-2023
CID_3138,Shreya,46,Female,Pune,Marketing Specialist,1166261,06-09-2018
CID_3139,Pallavi,67,Female,Mumbai,Teacher,1609728,17-01-2023
CID_3140,Rahul,38,Male,Delhi,Teacher,476935,25-03-2020
CID_3141,Divya,15,Female,Pune,Student,,24-12-2024
CID_3142,Harsh,9,Male,Noida,Student,,12-03-2020
CID_3143,Sneha,16,Female,Aligarh,Intern,103216,27-03-2021
CID_3144,Sanjay,72,Male,Delhi,Software Developer,563170,16-06-2021
CID_3145,Nisha,21,Female,Aligarh,Call Center Trainee,175119,02-08-2023
CID_3146,Rohan,44,Male,Chennai,Software Developer,931629,21-09-2019
CID_3147,Rohan,22,Male,Lucknow,Doctor,1923054,17-11-2021
CID_3148,Vivaan,28,Male,Delhi,Teacher,1821734,05-09-2021
CID_3149,Tarun,16,Male,Delhi,Delivery Assistant,98540,07-10-2025
CID_3150,Priya,73,Female,Pune,Software Developer,1909359,04-09-2021
CID_3151,Preeti,60,Female,Pune,Clerk,1456979,30-12-2024
CID_3152,Sonali,66,Female,Lucknow,Manager,1621149,06-09-2024
CID_3153,Kavya,52,Female,Chennai,Engineer,1091744,25-08-2024
CID_3154,Aditya,73,Male,Mumbai,Driver,484529,11-07-2019
CID_3155,Simran,5,Female,Mumbai,Student,,27-06-2023
CID_3156,Deepak,34,Male,Pune,Teacher,1652958,24-08-2021
CID_3157,Ira,32,Female,Delhi,Manager,1544778,26-02-2019
CID_3158,Vikas,43,Male,Aligarh,Software Developer,1495620,01-08-2019
CID_3159,Pooja,60,Female,Kolkata,Designer,1620099,05-10-2023
CID_3160,Meera,63,Female,Chennai,Electrician,1571444,08-08-2018
CID_3161,Deepak,52,Male,Chennai,Business Owner,374279,20-12-2024
CID_3162,Muskan,52,Female,Mumbai,Electrician,393018,18-03-2020
CID_3163,Rahul,40,Male,Noida,Manager,1527867,21-05-2020
CID_3164,Dee,23,Other,Aligarh,Accountant,876476,29-08-2020
CID_3165,Komal,10,Female,Chennai,Student,,05-04-2025
CID_3166,Pranav,42,Male,Lucknow,Doctor,1127716,12-12-2022
CID_3167,Aman,17,Male,Noida,Part-time Tutor,73025,29-07-2021
CID_3168,Tarun,75,Male,Mumbai,Manager,1688128,10-03-2024
CID_3169,Gaurav,55,Male,Mumbai,Accountant,1304634,07-05-2019
CID_3170,Komal,74,Female,Delhi,Electrician,1394017,18-03-2024
CID_3171,Sanjay,56,Male,Delhi,Clerk,874581,15-08-2020
CID_3172,Nisha,75,Female,Chennai,Mechanic,277276,27-08-2023
CID_3173,Alex,57,Other,Noida,Mechanic,1405899,07-02-2023
CID_3174,Preeti,49,Female,Pune,Marketing Specialist,1088323,22-02-2021
CID_3175,Nikhil,74,Male,Chennai,Consultant,724850,12-11-2024
CID_3176,Shreya,45,Female,Aligarh,Electrician,1690425,23-08-2021
CID_3177,Aarav,73,Male,Lucknow,Business Owner,493026,28-11-2018
CID_3178,Sneha,17,Female,Noida,Office Intern,128828,20-06-2018
CID_3179,Pooja,39,Female,Lucknow,Driver,1661857,30-06-2022
CID_3180,Jai,63,Other,Chennai,Teacher,1905635,09-08-2018
CID_3181,Varun,66,Male,Kolkata,Mechanic,628311,07-07-2018
CID_3182,Kabir,23,Male,Delhi,Sales Executive,902715,27-06-2021
CID_3183,Manish,15,Male,Noida,Student,,28-01-2018
CID_3184,Ankit,32,Male,Mumbai,Driver,1544813,12-04-2021
CID_3185,Aditya,73,Male,Kolkata,Accountant,1976243,04-05-2020
CID_3186,Atharv,62,Male,Pune,Electrician,1567698,27-03-2018
CID_3187,Rakesh,35,Male,Pune,Consultant,1151126,30-01-2021
CID_3188,Aarav,9,Male,Lucknow,Student,,30-03-2021
CID_3189,Rin,19,Other,Delhi,Student,185482,23-02-2023
CID_3190,Aarav,17,Male,Pune,Part-time Tutor,155995,05-12-2019
CID_3191,Pranav,17,Male,Aligarh,Student,160126,23-12-2021
CID_3192,Rohan,68,Male,Pune,Accountant,1118096,22-06-2021
CID_3193,Ishaan,68,Male,Delhi,Software Developer,1567667,13-10-2021
CID_3194,Amit,54,Male,Aligarh,Business Owner,658086,10-12-2025
CID_3195,Dee,57,Other,Noida,Software Developer,1103707,09-04-2023
CID_3196,Ananya,73,Female,Mumbai,Software Developer,1579090,27-01-2022
CID_3197,Varun,37,Male,Chennai,Manager,608563,07-03-2023
CID_3198,Gaurav,52,Male,Delhi,Clerk,516482,22-06-2025
CID_3199,Deepak,30,Male,Aligarh,Manager,488479,25-01-2022
CID_3200,Ananya,70,Female,Delhi,Consultant,1112607,16-07-2023
CID_3201,Payal,11,Female,Lucknow,Student,,15-04-2019
CID_3202,Shreya,65,Female,Kolkata,Driver,789595,23-01-2024
CID_3203,Ananya,34,Female,Pune,Electrician,261231,10-01-2025
CID_3204,Priya,8,Female,Pune,Student,,03-10-2018
CID_3205,Karan,40,Male,Noida,Driver,1924639,27-05-2021
CID_3206,Kabir,31,Male,Mumbai,Marketing Specialist,842615,01-08-2019
CID_3207,Deepak,36,Male,Delhi,Manager,1821904,17-02-2023
CID_3208,Rohan,60,Male,Pune,Teacher,1907691,27-09-2025
CID_3209,Krishna,22,Male,Delhi,Marketing Specialist,388445,07-12-2024
CID_3210,Meera,40,Female,Pune,Driver,651525,03-04-2024
CID_3211,Harsh,55,Male,Aligarh,Marketing Specialist,625826,31-08-2023
CID_3212,Pooja,9,Female,Aligarh,Student,,25-06-2019
CID_3213,Aarti,33,Female,Lucknow,Manager,1595431,24-04-2020
CID_3214,Yash,29,Male,Mumbai,Consultant,1027845,08-12-2019
CID_3215,Aarav,40,Male,Pune,Mechanic,214382,02-08-2023
CID_3216,Ananya,60,Female,Mumbai,Doctor,649356,13-02-2020
CID_3217,Rituraj,5,Male,Aligarh,Student,,25-05-2024
CID_3218,Preeti,48,Female,Aligarh,Manager,1068650,17-03-2021
CID_3219,Rituraj,6,Male,Delhi,Student,,23-09-2024
CID_3220,Riya,42,Female,Kolkata,Doctor,1159737,15-07-2023
CID_3221,Tarun,42,Male,Aligarh,Engineer,1485997,16-07-2019
CID_3222,Komal,15,Female,Kolkata,Student,,25-02-2023
CID_3223,Deepak,60,Male,Mumbai,Mechanic,1811483,10-09-2019
CID_3224,Divya,61,Female,Delhi,Doctor,1491399,11-07-2019
CID_3225,Ira,49,Female,Pune,Engineer,1790490,15-05-2019
CID_3226,Nisha,9,Female,Chennai,Student,,29-06-2018
CID_3227,Shaurya,62,Male,Noida,Designer,733605,11-06-2023
CID_3228,Nikhil,16,Male,Kolkata,Intern,128420,28-07-2020
CID_3229,Gaurav,63,Male,Delhi,Driver,920119,08-08-2020
CID_3230,Pranav,60,Male,Chennai,Manager,1118506,24-08-2020
CID_3231,Kavya,26,Female,Chennai,Clerk,941781,04-08-2023
CID_3232,Atharv,70,Male,Pune,Teacher,1960441,20-05-2025
CID_3233,Yash,50,Male,Mumbai,Consultant,1311242,22-01-2022
CID_3234,Divya,52,Female,Aligarh,Manager,1046501,17-04-2025
CID_3235,Vikas,23,Male,Noida,Business Owner,1208218,26-01-2022
CID_3236,Aadhya,31,Female,Mumbai,Teacher,238772,24-01-2024
CID_3237,Pallavi,22,Female,Aligarh,Marketing Specialist,256785,12-05-2023
CID_3238,Sonali,7,Female,Mumbai,Student,,10-11-2024
CID_3239,Kavya,62,Female,Delhi,Manager,988429,21-08-2022
CID_3240,Ira,60,Female,Lucknow,Marketing Specialist,1317204,06-03-2023
CID_3241,Siddharth,23,Male,Lucknow,Teacher,577746,01-06-2025
CID_3242,Yash,71,Male,Chennai,Doctor,943569,03-09-2025
CID_3243,Pallavi,21,Female,Delhi,Intern,81234,14-08-2020
CID_3244,Divya,17,Female,Aligarh,Intern,199997,10-12-2025
CID_3245,Riya,67,Female,Noida,Sales Executive,313118,02-05-2024
CID_3246,Rashmi,8,Female,Chennai,Student,,06-02-2018
CID_3247,Tanya,25,Female,Pune,Sales Executive,966273,21-01-2022
CID_3248,Taylor,36,Other,Mumbai,Marketing Specialist,584091,06-03-2021
CID_3249,Arjun,13,Male,Noida,Student,,18-09-2020
CID_3250,Gaurav,56,Male,Noida,Software Developer,1083232,07-01-2025
CID_3251,Saanvi,39,Female,Pune,Consultant,298345,05-04-2025
CID_3252,Sonali,63,Female,Mumbai,Doctor,1773369,11-09-2021
CID_3253,Nisha,54,Female,Pune,Marketing Specialist,1489667,25-03-2025
CID_3254,Rituraj,19,Male,Pune,Intern,145372,10-07-2018
CID_3255,Amit,21,Male,Mumbai,Delivery Assistant,101627,25-01-2023
CID_3256,Shaurya,40,Male,Noida,Consultant,330465,25-04-2019
CID_3257,Khushi,14,Female,Noida,Student,,29-11-2019
CID_3258,Atharv,13,Male,Delhi,Student,,01-01-2018
CID_3259,Nisha,6,Female,Pune,Student,,30-07-2019
CID_3260,Krishna,33,Male,Mumbai,Mechanic,730838,23-06-2018
CID_3261,Shaurya,50,Male,Pune,Mechanic,1534923,14-02-2023
CID_3262,Ishita,34,Female,Noida,Electrician,1572320,07-10-2022
CID_3263,Ankit,42,Male,Delhi,Marketing Specialist,509719,03-01-2025
CID_3264,Rajat,39,Male,Lucknow,Business Owner,1720404,20-12-2023
CID_3265,Swati,28,Female,Kolkata,Sales Executive,213290,27-08-2024
CID_3266,Rituraj,11,Male,Delhi,Student,,16-09-2018
CID_3267,Sanjay,41,Male,Noida,Accountant,990167,23-07-2022
CID_3268,Nikhil,19,Male,Chennai,Delivery Assistant,182185,16-11-2018
CID_3269,Yash,23,Male,Noida,Business Owner,579814,11-07-2024
CID_3270,Aditya,7,Male,Lucknow,Student,,19-10-2025
CID_3271,Yash,24,Male,Pune,Sales Executive,931120,21-11-2022
CID_3272,Priya,31,Female,Pune,Doctor,1472062,17-02-2020
CID_3273,Deepak,11,Male,Noida,Student,,09-08-2024
CID_3274,Yash,14,Male,Delhi,Student,,02-12-2019
CID_3275,Sneha,32,Female,Chennai,Clerk,642048,30-05-2020
CID_3276,Pranav,17,Male,Pune,Part-time Tutor,88977,25-01-2022
CID_3277,Rakesh,13,Male,Chennai,Student,,24-05-2019
CID_3278,Shreya,22,Female,Aligarh,Software Developer,843352,18-10-2018
CID_3279,Saanvi,8,Female,Kolkata,Student,,06-04-2020
CID_3280,Pooja,31,Female,Kolkata,Software Developer,991672,14-06-2020
CID_3281,Khushi,29,Female,Pune,Clerk,1966436,20-06-2021
CID_3282,Rituraj,29,Male,Lucknow,Teacher,1373426,25-11-2019
CID_3283,Rin,11,Other,Aligarh,Student,,12-11-2024
CID_3284,Harsh,36,Male,Kolkata,Business Owner,389126,02-11-2025
CID_3285,Aditya,36,Male,Aligarh,Software Developer,846510,06-12-2025
CID_3286,Deepak,23,Male,Pune,Marketing Specialist,1198078,21-12-2018
CID_3287,Rin,45,Other,Aligarh,Mechanic,443964,28-06-2019
CID_3288,Neha,69,Female,Delhi,Marketing Specialist,600623,26-02-2020
CID_3289,Rituraj,73,Male,Lucknow,Driver,563093,11-11-2018
CID_3290,Rituraj,5,Male,Lucknow,Student,,31-01-2025
CID_3291,Kabir,61,Male,Pune,Marketing Specialist,1602789,01-04-2019
CID_3292,Arjun,6,Male,Chennai,Student,,18-03-2019
CID_3293,Aditya,50,Male,Noida,Marketing Specialist,466354,11-08-2023
CID_3294,Sam,29,Other,Aligarh,Manager,1954185,26-08-2018
CID_3295,Arjun,62,Male,Noida,Designer,1877734,08-02-2020
CID_3296,Krishna,7,Male,Mumbai,Student,,28-02-2021
CID_3297,Sanjay,74,Male,Chennai,Consultant,1687023,26-06-2025
CID_3298,Gaurav,32,Male,Lucknow,Engineer,1736421,09-06-2018
CID_3299,Gaurav,51,Male,Mumbai,Mechanic,1192246,18-07-2021
CID_3300,Divya,41,Female,Mumbai,Business Owner,1320243,01-01-2022
CID_3301,Krishna,8,Male,Mumbai,Student,,28-01-2023
CID_3302,Shaurya,53,Male,Delhi,Electrician,1515351,25-05-2022
CID_3303,Rituraj,71,Male,Lucknow,Mechanic,359597,16-03-2023
CID_3304,Vivaan,48,Male,Delhi,Engineer,897820,16-04-2018
CID_3305,Ananya,61,Female,Lucknow,Business Owner,1014561,18-01-2022
CID_3306,Khushi,33,Female,Mumbai,Electrician,250918,24-07-2020
CID_3307,Pooja,12,Female,Delhi,Student,,02-09-2022
CID_3308,Meera,39,Female,Kolkata,Marketing Specialist,809789,18-11-2020
CID_3309,Aarti,31,Female,Kolkata,Sales Executive,805546,21-11-2020
CID_3310,Krishna,48,Male,Mumbai,Business Owner,1816667,03-04-2022
CID_3311,Nikhil,19,Male,Mumbai,Shop Assistant,146014,13-05-2018
CID_3312,Shaurya,16,Male,Aligarh,Call Center Trainee,58079,04-07-2018
CID_3313,Amit,12,Male,Delhi,Student,,06-08-2024
CID_3314,Taylor,40,Other,Kolkata,Clerk,1875922,11-05-2024
CID_3315,Rashmi,45,Female,Delhi,Designer,1111319,31-03-2024
CID_3316,Diya,7,Female,Mumbai,Student,,13-10-2022
CID_3317,Varun,44,Male,Noida,Sales Executive,765020,05-06-2021
CID_3318,Diya,63,Female,Lucknow,Software Developer,244961,26-07-2018
CID_3319,Rohan,40,Male,Chennai,Manager,1687700,24-09-2020
CID_3320,Saanvi,42,Female,Delhi,Manager,1713629,28-07-2020
CID_3321,Kabir,14,Male,Mumbai,Student,,25-06-2024
CID_3322,Ankit,37,Male,Aligarh,Teacher,1165448,20-11-2020
CID_3323,Divya,49,Female,Delhi,Electrician,1674615,29-07-2024
CID_3324,Sonali,46,Female,Noida,Sales Executive,545086,19-03-2024
CID_3325,Anjali,56,Female,Lucknow,Marketing Specialist,541777,23-06-2021
CID_3326,Payal,71,Female,Noida,Consultant,1738344,11-07-2025
CID_3327,Karan,53,Male,Aligarh,Accountant,1286796,30-01-2019
CID_3328,Sonali,5,Female,Delhi,Student,,25-04-2019
CID_3329,Arjun,29,Male,Lucknow,Business Owner,1967376,12-08-2025
CID_3330,Krishna,36,Male,Chennai,Marketing Specialist,297984,27-06-2018
CID_3331,Atharv,28,Male,Chennai,Software Developer,1046101,15-04-2020
CID_3332,Ritu,18,Female,Mumbai,Delivery Assistant,73529,15-07-2018
CID_3333,Rituraj,10,Male,Noida,Student,,08-06-2025
CID_3334,Sanjay,26,Male,Pune,Manager,462696,07-04-2019
CID_3335,Saanvi,41,Female,Pune,Electrician,704375,01-05-2019
CID_3336,Harsh,38,Male,Aligarh,Software Developer,1881346,12-10-2021
CID_3337,Aadhya,19,Female,Chennai,Call Center Trainee,156653,25-09-2020
CID_3338,Dee,10,Other,Pune,Student,,01-01-2022
CID_3339,Siddharth,53,Male,Kolkata,Manager,1854562,01-11-2020
CID_3340,Taylor,55,Other,Kolkata,Marketing Specialist,1684582,13-01-2020
CID_3341,Kavya,44,Female,Pune,Business Owner,1982213,23-02-2019
CID_3342,Adi,27,Other,Aligarh,Software Developer,1207808,12-04-2019
CID_3343,Kabir,44,Male,Mumbai,Mechanic,1690356,22-07-2021
CID_3344,Vivaan,67,Male,Aligarh,Doctor,1194353,09-12-2020
CID_3345,Sneha,6,Female,Pune,Student,,27-04-2022
CID_3346,Manish,36,Male,Pune,Accountant,1694442,08-03-2018
CID_3347,Ira,66,Female,Noida,Sales Executive,744539,09-02-2018
CID_3348,Rahul,26,Male,Lucknow,Clerk,1677844,21-11-2025
CID_3349,Atharv,56,Male,Pune,Software Developer,1315162,21-12-2020
CID_3350,Diya,35,Female,Lucknow,Designer,871487,14-04-2022
CID_3351,Shaurya,50,Male,Chennai,Software Developer,470906,02-12-2023
CID_3352,Pranav,8,Male,Aligarh,Student,,27-02-2020
CID_3353,Riya,8,Female,Lucknow,Student,,14-12-2020
CID_3354,Gaurav,44,Male,Kolkata,Designer,1754746,24-01-2021
CID_3355,Payal,56,Female,Noida,Mechanic,485392,12-05-2025
CID_3356,Khushi,9,Female,Delhi,Student,,19-05-2025
CID_3357,Riya,14,Female,Kolkata,Student,,18-11-2024
CID_3358,Rituraj,70,Male,Mumbai,Sales Executive,537007,14-01-2023
CID_3359,Aadhya,54,Female,Kolkata,Marketing Specialist,627494,11-02-2021
CID_3360,Nikhil,34,Male,Chennai,Software Developer,1992576,25-03-2020
CID_3361,Taylor,17,Other,Aligarh,Intern,198385,14-03-2023
CID_3362,Varun,26,Male,Delhi,Consultant,1712880,30-07-2024
CID_3363,Gaurav,27,Male,Chennai,Clerk,324626,22-03-2022
CID_3364,Jai,52,Other,Lucknow,Consultant,249583,16-05-2020
CID_3365,Jai,10,Other,Lucknow,Student,,25-08-2018
CID_3366,Kavya,70,Female,Mumbai,Manager,1168925,04-10-2020
CID_3367,Kabir,17,Male,Delhi,Student,128165,12-10-2024
CID_3368,Nikhil,24,Male,Kolkata,Marketing Specialist,1869000,19-09-2018
CID_3369,Pranav,71,Male,Aligarh,Consultant,1989427,22-11-2019
CID_3370,Jai,5,Other,Delhi,Student,,25-06-2022
CID_3371,Payal,70,Female,Mumbai,Designer,1553324,17-08-2021
CID_3372,Tarun,28,Male,Mumbai,Manager,1809503,02-12-2020
CID_3373,Payal,23,Female,Chennai,Designer,1831707,19-12-2022
CID_3374,Yash,60,Male,Delhi,Teacher,525642,10-08-2022
CID_3375,Rahul,7,Male,Chennai,Student,,17-05-2025
CID_3376,Pallavi,47,Female,Chennai,Business Owner,320884,11-12-2019
CID_3377,Pranav,10,Male,Aligarh,Student,,04-07-2025
CID_3378,Rashmi,38,Female,Aligarh,Marketing Specialist,939565,15-02-2021
CID_3379,Manish,39,Male,Pune,Manager,1614097,06-10-2024
CID_3380,Vivaan,8,Male,Mumbai,Student,,20-08-2025
CID_3381,Arjun,69,Male,Kolkata,Designer,1739448,17-07-2022
CID_3382,Manish,21,Male,Pune,Call Center Trainee,176388,14-02-2020
CID_3383,Vivaan,17,Male,Chennai,Shop Assistant,95706,03-05-2023
CID_3384,Rakesh,58,Male,Aligarh,Teacher,1713649,20-04-2021
CID_3385,Sam,34,Other,Pune,Accountant,339325,09-06-2019
CID_3386,Sanjay,65,Male,Delhi,Business Owner,1624134,05-01-2020
CID_3387,Aarav,59,Male,Mumbai,Manager,1095915,16-07-2020
CID_3388,Atharv,42,Male,Noida,Teacher,1551000,12-03-2024
CID_3389,Pooja,21,Female,Noida,Shop Assistant,78590,07-09-2025
CID_3390,Nikhil,40,Male,Lucknow,Manager,1262681,07-10-2025
CID_3391,Yash,19,Male,Aligarh,Part-time Tutor,158437,08-04-2021
CID_3392,Aditya,52,Male,Aligarh,Driver,1324560,21-09-2023
CID_3393,Krishna,27,Male,Chennai,Marketing Specialist,233483,25-02-2019
CID_3394,Priya,28,Female,Lucknow,Driver,1048007,05-07-2025
CID_3395,Rohan,32,Male,Chennai,Consultant,1526034,03-12-2020
CID_3396,Rin,19,Other,Kolkata,Office Intern,190884,16-01-2023
CID_3397,Ritu,56,Female,Noida,Clerk,1248529,02-04-2021
CID_3398,Aditya,45,Male,Chennai,Designer,1337035,19-11-2018
CID_3399,Preeti,69,Female,Kolkata,Manager,688562,09-02-2025
CID_3400,Komal,28,Female,Delhi,Designer,1798509,02-04-2021
CID_3401,Vikas,41,Male,Aligarh,Teacher,1269520,04-11-2018
CID_3402,Ishaan,68,Male,Lucknow,Electrician,1659478,17-07-2019
CID_3403,Kiran,57,Other,Kolkata,Manager,1356060,03-10-2024
CID_3404,Rin,34,Other,Pune,Designer,297082,31-01-2019
CID_3405,Atharv,29,Male,Aligarh,Sales Executive,638128,10-10-2024
CID_3406,Yash,56,Male,Lucknow,Electrician,1130742,17-06-2021
CID_3407,Riya,43,Female,Lucknow,Mechanic,1990801,14-03-2019
CID_3408,Adi,75,Other,Noida,Mechanic,520062,23-03-2024
CID_3409,Payal,50,Female,Mumbai,Designer,1294589,20-05-2018
CID_3410,Rashmi,39,Female,Aligarh,Business Owner,1173330,07-03-2019
CID_3411,Ishita,27,Female,Pune,Designer,1141330,01-11-2025
CID_3412,Kabir,65,Male,Delhi,Teacher,460359,17-08-2024
CID_3413,Vivaan,56,Male,Chennai,Business Owner,679999,11-04-2022
CID_3414,Harsh,31,Male,Mumbai,Software Developer,1205005,28-02-2018
CID_3415,Rohan,36,Male,Mumbai,Consultant,1158878,30-06-2018
CID_3416,Aditya,26,Male,Chennai,Teacher,1029366,08-11-2022
CID_3417,Kabir,37,Male,Chennai,Driver,1134275,07-01-2018
CID_3418,Siddharth,72,Male,Lucknow,Sales Executive,1351054,17-07-2021
CID_3419,Ishaan,16,Male,Delhi,Shop Assistant,141060,04-04-2025
CID_3420,Shaurya,15,Male,Noida,Student,,12-11-2023
CID_3421,Rakesh,62,Male,Chennai,Business Owner,332075,23-10-2022
CID_3422,Kabir,18,Male,Kolkata,Intern,101481,16-03-2022
CID_3423,Riya,25,Female,Noida,Driver,1078120,30-06-2025
CID_3424,Vikas,53,Male,Lucknow,Driver,416858,12-03-2022
CID_3425,Divya,68,Female,Delhi,Marketing Specialist,1471440,07-04-2021
CID_3426,Rajat,58,Male,Aligarh,Consultant,1932516,11-06-2019
CID_3427,Priya,74,Female,Pune,Clerk,1354429,08-08-2023
CID_3428,Khushi,55,Female,Lucknow,Software Developer,1761437,24-11-2023
CID_3429,Harsh,59,Male,Pune,Business Owner,1727917,21-02-2024
CID_3430,Nikhil,17,Male,Lucknow,Intern,71693,21-12-2022
CID_3431,Sneha,26,Female,Delhi,Consultant,1720425,09-04-2018
CID_3432,Rashmi,59,Female,Delhi,Consultant,305331,01-07-2018
CID_3433,Krishna,74,Male,Kolkata,Accountant,1424182,15-03-2023
CID_3434,Sanjay,40,Male,Kolkata,Mechanic,1571744,08-03-2022
CID_3435,Atharv,75,Male,Noida,Electrician,1449823,09-12-2019
CID_3436,Rajat,22,Male,Pune,Clerk,510931,28-01-2024
CID_3437,Amit,53,Male,Mumbai,Marketing Specialist,1204866,24-01-2023
CID_3438,Aarti,27,Female,Delhi,Engineer,263940,08-08-2022
CID_3439,Simran,7,Female,Aligarh,Student,,13-04-2019
CID_3440,Manish,23,Male,Noida,Clerk,1591525,01-02-2021
CID_3441,Sonali,68,Female,Delhi,Mechanic,1801972,22-04-2019
CID_3442,Aman,60,Male,Pune,Teacher,1657530,10-06-2021
CID_3443,Rituraj,5,Male,Delhi,Student,,27-09-2022
CID_3444,Adi,20,Other,Chennai,Shop Assistant,82200,15-02-2025
CID_3445,Tanya,51,Female,Delhi,Mechanic,447796,12-10-2021
CID_3446,Sam,52,Other,Noida,Electrician,958967,11-11-2025
CID_3447,Ira,64,Female,Delhi,Business Owner,1858281,02-05-2025
CID_3448,Taylor,7,Other,Aligarh,Student,,21-05-2023
CID_3449,Deepak,65,Male,Mumbai,Software Developer,1066332,07-01-2024
CID_3450,Ishita,71,Female,Lucknow,Clerk,654655,25-06-2023
CID_3451,Riya,36,Female,Chennai,Clerk,448784,13-09-2025
CID_3452,Ankit,6,Male,Chennai,Student,,28-02-2024
CID_3453,Sam,46,Other,Pune,Clerk,526725,18-10-2019
CID_3454,Sneha,71,Female,Chennai,Software Developer,1060502,11-07-2023
CID_3455,Aditya,28,Male,Pune,Doctor,603466,24-06-2020
CID_3456,Aarav,49,Male,Mumbai,Marketing Specialist,833907,08-03-2019
CID_3457,Manish,18,Male,Aligarh,Student,169941,01-06-2023
CID_3458,Adi,68,Other,Delhi,Clerk,1703659,04-01-2019
CID_3459,Jai,28,Other,Aligarh,Business Owner,610259,27-10-2024
CID_3460,Krishna,8,Male,Delhi,Student,,17-10-2021
CID_3461,Ishaan,70,Male,Lucknow,Engineer,1276653,28-02-2025
CID_3462,Atharv,49,Male,Aligarh,Software Developer,1618903,08-03-2020
CID_3463,Payal,23,Female,Lucknow,Sales Executive,715639,08-02-2021
CID_3464,Vikas,15,Male,Pune,Student,,26-09-2025
CID_3465,Neha,55,Female,Aligarh,Accountant,1395127,30-10-2019
CID_3466,Vivaan,23,Male,Aligarh,Mechanic,605904,21-09-2019
CID_3467,Nikhil,68,Male,Chennai,Accountant,1444051,29-05-2022
CID_3468,Rohan,55,Male,Kolkata,Driver,1197416,06-01-2018
CID_3469,Amit,26,Male,Chennai,Consultant,240960,23-12-2019
CID_3470,Harsh,29,Male,Lucknow,Consultant,1125255,24-12-2020
CID_3471,Jai,35,Other,Chennai,Driver,1438749,19-08-2019
CID_3472,Sneha,63,Female,Noida,Designer,720373,11-05-2022
CID_3473,Riya,72,Female,Aligarh,Designer,1705142,27-09-2019
CID_3474,Atharv,25,Male,Aligarh,Doctor,367076,12-05-2019
CID_3475,Karan,70,Male,Kolkata,Teacher,1543451,14-12-2021
CID_3476,Manish,72,Male,Noida,Software Developer,574761,21-11-2019
CID_3477,Sonali,26,Female,Pune,Clerk,1608409,12-01-2020
CID_3478,Neha,27,Female,Chennai,Consultant,1070566,12-06-2025
CID_3479,Pranav,61,Male,Mumbai,Manager,840268,22-05-2022
CID_3480,Atharv,18,Male,Delhi,Shop Assistant,100036,30-10-2022
CID_3481,Rahul,26,Male,Pune,Software Developer,788874,16-11-2021
CID_3482,Ishaan,10,Male,Delhi,Student,,11-12-2018
CID_3483,Divya,7,Female,Aligarh,Student,,21-04-2018
CID_3484,Karan,53,Male,Pune,Teacher,1761933,14-08-2018
CID_3485,Anjali,49,Female,Noida,Teacher,886878,02-10-2022
CID_3486,Ishaan,6,Male,Lucknow,Student,,29-04-2025
CID_3487,Alex,47,Other,Aligarh,Engineer,1566590,19-03-2025
CID_3488,Rituraj,71,Male,Aligarh,Engineer,1790609,20-07-2024
CID_3489,Ishaan,38,Male,Lucknow,Mechanic,403002,19-02-2020
CID_3490,Rajat,38,Male,Mumbai,Designer,806791,20-05-2024
CID_3491,Tarun,54,Male,Mumbai,Mechanic,1338896,04-07-2023
CID_3492,Priya,46,Female,Mumbai,Designer,1078878,15-12-2019
CID_3493,Gaurav,50,Male,Pune,Mechanic,1150963,07-12-2021
CID_3494,Divya,19,Female,Chennai,Part-time Tutor,67154,20-04-2019
CID_3495,Jai,34,Other,Aligarh,Sales Executive,823939,05-10-2018
CID_3496,Shaurya,54,Male,Noida,Teacher,1740362,04-06-2025
CID_3497,Ishita,40,Female,Lucknow,Manager,1877124,15-07-2022
CID_3498,Anjali,50,Female,Aligarh,Marketing Specialist,208391,21-01-2020
CID_3499,Harsh,19,Male,Pune,Intern,163068,09-02-2025
CID_3500,Rahul,69,Male,Aligarh,Business Owner,567356,13-07-2019
CID_3501,Arjun,62,Male,Kolkata,Sales Executive,856889,04-11-2024
CID_3502,Atharv,9,Male,Pune,Student,,10-10-2022
CID_3503,Riya,59,Female,Noida,Manager,1287849,07-05-2022
CID_3504,Arjun,41,Male,Noida,Designer,695443,04-02-2020
CID_3505,Aarti,72,Female,Mumbai,Consultant,1243305,30-06-2023
CID_3506,Rakesh,12,Male,Noida,Student,,12-10-2023
CID_3507,Manish,31,Male,Lucknow,Engineer,444190,21-04-2018
CID_3508,Shreya,42,Female,Delhi,Engineer,1376036,04-08-2022
CID_3509,Aman,20,Male,Aligarh,Office Intern,184046,21-08-2018
CID_3510,Atharv,55,Male,Lucknow,Software Developer,1430511,11-09-2020
CID_3511,Amit,14,Male,Noida,Student,,12-09-2025
CID_3512,Divya,21,Female,Lucknow,Intern,169524,25-08-2022
CID_3513,Aman,60,Male,Delhi,Electrician,1328496,31-10-2021
CID_3514,Nisha,16,Female,Chennai,Call Center Trainee,130310,16-08-2023
CID_3515,Aarti,38,Female,Aligarh,Marketing Specialist,1852285,03-06-2025
CID_3516,Aarti,60,Female,Kolkata,Clerk,286117,14-02-2020
CID_3517,Aman,73,Male,Noida,Electrician,222111,19-06-2025
CID_3518,Tarun,31,Male,Mumbai,Teacher,256454,17-09-2018
CID_3519,Anjali,33,Female,Chennai,Driver,1705732,09-10-2023
CID_3520,Anjali,8,Female,Noida,Student,,11-07-2021
CID_3521,Arjun,31,Male,Chennai,Designer,1509237,27-03-2019
CID_3522,Rituraj,66,Male,Lucknow,Designer,1440024,23-05-2023
CID_3523,Deepak,40,Male,Kolkata,Doctor,1126302,13-03-2023
CID_3524,Siddharth,21,Male,Delhi,Student,149289,26-05-2022
CID_3525,Dee,13,Other,Kolkata,Student,,19-11-2023
CID_3526,Aarav,54,Male,Noida,Mechanic,507697,29-07-2018
CID_3527,Aarti,14,Female,Noida,Student,,26-03-2022
CID_3528,Harsh,5,Male,Mumbai,Student,,10-01-2018
CID_3529,Saanvi,44,Female,Mumbai,Designer,1256639,11-07-2022
CID_3530,Sanjay,36,Male,Chennai,Teacher,1676426,17-11-2024
CID_3531,Neha,69,Female,Noida,Driver,1940369,08-03-2020
CID_3532,Sanjay,47,Male,Noida,Software Developer,1534273,06-03-2020
CID_3533,Karan,57,Male,Chennai,Business Owner,1290710,10-04-2019
CID_3534,Simran,65,Female,Noida,Sales Executive,1550685,07-02-2022
CID_3535,Rakesh,53,Male,Mumbai,Electrician,723690,26-09-2024
CID_3536,Ananya,17,Female,Mumbai,Intern,113766,30-11-2022
CID_3537,Deepak,10,Male,Mumbai,Student,,30-04-2018
CID_3538,Rashmi,7,Female,Mumbai,Student,,30-11-2018
CID_3539,Kavya,20,Female,Lucknow,Part-time Tutor,180403,24-06-2025
CID_3540,Rajat,20,Male,Chennai,Delivery Assistant,93586,19-09-2025
CID_3541,Pranav,66,Male,Mumbai,Teacher,527043,26-03-2022
CID_3542,Siddharth,23,Male,Lucknow,Manager,992275,05-03-2022
CID_3543,Ira,75,Female,Delhi,Marketing Specialist,1400024,17-04-2022
CID_3544,Payal,6,Female,Delhi,Student,,18-12-2023
CID_3545,Sonali,52,Female,Noida,Marketing Specialist,618317,07-03-2022
CID_3546,Tarun,25,Male,Kolkata,Manager,571334,11-06-2025
CID_3547,Rituraj,72,Male,Pune,Consultant,1642937,15-05-2020
CID_3548,Aman,58,Male,Chennai,Business Owner,1089085,09-03-2020
CID_3549,Siddharth,58,Male,Delhi,Marketing Specialist,288049,07-12-2019
CID_3550,Deepak,67,Male,Kolkata,Doctor,775819,31-10-2024
CID_3551,Nikhil,29,Male,Aligarh,Marketing Specialist,1787886,15-05-2022
CID_3552,Kiran,24,Other,Delhi,Electrician,729849,20-07-2018
CID_3553,Kabir,19,Male,Aligarh,Call Center Trainee,134624,15-10-2022
CID_3554,Preeti,39,Female,Lucknow,Engineer,1013881,10-02-2019
CID_3555,Aadhya,25,Female,Mumbai,Manager,416587,21-08-2020
CID_3556,Pranav,71,Male,Kolkata,Software Developer,1265467,02-05-2019
CID_3557,Karan,64,Male,Chennai,Business Owner,1659485,17-08-2019
CID_3558,Sanjay,23,Male,Pune,Mechanic,426569,20-06-2020
CID_3559,Tarun,61,Male,Aligarh,Manager,1837634,05-12-2019
CID_3560,Vivaan,23,Male,Chennai,Software Developer,869968,17-11-2022
CID_3561,Aditya,59,Male,Aligarh,Business Owner,878437,19-05-2025
CID_3562,Swati,39,Female,Aligarh,Consultant,330203,14-07-2018
CID_3563,Payal,30,Female,Chennai,Driver,1071631,13-09-2023
CID_3564,Varun,11,Male,Pune,Student,,19-08-2025
CID_3565,Aarav,20,Male,Aligarh,Student,71848,03-05-2022
CID_3566,Simran,9,Female,Pune,Student,,01-05-2022
CID_3567,Tarun,32,Male,Chennai,Electrician,673275,22-11-2021
CID_3568,Pranav,72,Male,Lucknow,Mechanic,1071608,30-04-2019
CID_3569,Shreya,39,Female,Pune,Sales Executive,1477661,31-12-2019
CID_3570,Rahul,53,Male,Noida,Engineer,640286,15-09-2020
CID_3571,Arjun,66,Male,Lucknow,Designer,1616251,21-01-2025
CID_3572,Rakesh,46,Male,Mumbai,Teacher,1904986,10-04-2021
CID_3573,Komal,16,Female,Delhi,Call Center Trainee,175249,19-02-2019
CID_3574,Rashmi,45,Female,Noida,Clerk,931632,08-03-2021
CID_3575,Rohan,62,Male,Pune,Sales Executive,797904,12-02-2019
CID_3576,Ananya,25,Female,Lucknow,Manager,1638216,17-06-2024
CID_3577,Rakesh,53,Male,Noida,Consultant,1388154,14-09-2019
CID_3578,Karan,13,Male,Mumbai,Student,,18-04-2021
CID_3579,Vikas,45,Male,Chennai,Driver,658757,22-08-2025
CID_3580,Tarun,48,Male,Aligarh,Clerk,647730,03-06-2021
CID_3581,Rituraj,47,Male,Chennai,Electrician,1366086,22-03-2024
CID_3582,Kabir,40,Male,Aligarh,Consultant,1912583,14-11-2023
CID_3583,Karan,16,Male,Kolkata,Office Intern,146419,12-07-2021
CID_3584,Deepak,6,Male,Noida,Student,,25-12-2022
CID_3585,Khushi,19,Female,Chennai,Call Center Trainee,74649,24-10-2024
CID_3586,Sonali,37,Female,Chennai,Accountant,1585488,05-08-2025
CID_3587,Aman,52,Male,Kolkata,Accountant,435533,13-09-2019
CID_3588,Tarun,52,Male,Mumbai,Teacher,1676117,11-08-2018
CID_3589,Priya,32,Female,Mumbai,Mechanic,806193,10-03-2019
CID_3590,Rituraj,20,Male,Delhi,Office Intern,190452,26-06-2018
CID_3591,Payal,31,Female,Mumbai,Designer,732842,27-10-2024
CID_3592,Gaurav,48,Male,Noida,Software Developer,1991457,21-09-2022
CID_3593,Jordan,34,Other,Chennai,Teacher,1912860,27-01-2022
CID_3594,Sneha,54,Female,Lucknow,Accountant,603343,04-02-2022
CID_3595,Yash,55,Male,Lucknow,Business Owner,693700,20-09-2023
CID_3596,Rajat,22,Male,Delhi,Business Owner,886882,08-01-2021
CID_3597,Ishaan,6,Male,Chennai,Student,,13-06-2024
CID_3598,Ananya,30,Female,Noida,Mechanic,833515,03-06-2019
CID_3599,Rohan,40,Male,Delhi,Consultant,1396312,08-03-2019
CID_3600,Nikhil,37,Male,Noida,Engineer,1563688,29-04-2025
CID_3601,Krishna,38,Male,Lucknow,Marketing Specialist,294712,24-07-2019
CID_3602,Deepak,39,Male,Pune,Accountant,1570824,01-01-2018
CID_3603,Manish,30,Male,Aligarh,Electrician,396174,14-02-2019
CID_3604,Rajat,29,Male,Kolkata,Doctor,1864515,28-09-2019
CID_3605,Aarav,25,Male,Kolkata,Teacher,279646,01-01-2021
CID_3606,Adi,38,Other,Pune,Engineer,325815,07-09-2020
CID_3607,Rituraj,33,Male,Pune,Teacher,1306215,09-08-2020
CID_3608,Deepak,58,Male,Chennai,Teacher,766315,19-09-2022
CID_3609,Nikhil,23,Male,Aligarh,Consultant,1622168,01-08-2024
CID_3610,Ankit,38,Male,Aligarh,Accountant,1166294,09-03-2024
CID_3611,Rituraj,32,Male,Pune,Doctor,474243,09-06-2021
CID_3612,Aditya,71,Male,Noida,Accountant,1397969,02-02-2020
CID_3613,Rohan,13,Male,Mumbai,Student,,17-04-2018
CID_3614,Diya,26,Female,Lucknow,Doctor,710811,04-12-2024
CID_3615,Ishaan,75,Male,Mumbai,Manager,1648577,12-03-2019
CID_3616,Ari,12,Other,Noida,Student,,23-06-2018
CID_3617,Atharv,71,Male,Lucknow,Designer,384794,25-10-2023
CID_3618,Tarun,9,Male,Noida,Student,,27-02-2022
CID_3619,Gaurav,54,Male,Delhi,Marketing Specialist,1779025,13-07-2025
CID_3620,Rashmi,37,Female,Mumbai,Designer,1082507,27-06-2023
CID_3621,Divya,18,Female,Chennai,Call Center Trainee,173948,09-06-2018
CID_3622,Krishna,59,Male,Lucknow,Sales Executive,991228,17-02-2020
CID_3623,Aman,55,Male,Noida,Sales Executive,649599,28-01-2019
CID_3624,Rituraj,66,Male,Kolkata,Teacher,1121534,04-03-2023
CID_3625,Shaurya,37,Male,Lucknow,Sales Executive,933923,12-08-2019
CID_3626,Diya,33,Female,Chennai,Consultant,331826,12-01-2018
CID_3627,Aman,55,Male,Aligarh,Marketing Specialist,1830375,06-09-2022
CID_3628,Vikas,50,Male,Pune,Business Owner,218377,11-06-2022
CID_3629,Diya,63,Female,Mumbai,Teacher,219280,20-08-2019
CID_3630,Tarun,68,Male,Chennai,Business Owner,283019,06-09-2020
CID_3631,Krishna,29,Male,Pune,Business Owner,1632866,09-08-2021
CID_3632,Vikas,35,Male,Delhi,Marketing Specialist,718728,11-10-2020
CID_3633,Rin,68,Other,Aligarh,Mechanic,1599666,02-07-2022
CID_3634,Muskan,16,Female,Noida,Call Center Trainee,166241,15-09-2023
CID_3635,Amit,26,Male,Lucknow,Teacher,382923,01-03-2019
CID_3636,Vikas,67,Male,Chennai,Consultant,824131,12-08-2021
CID_3637,Sanjay,25,Male,Lucknow,Electrician,281858,12-09-2020
CID_3638,Pranav,62,Male,Aligarh,Consultant,597740,06-05-2025
CID_3639,Khushi,29,Female,Kolkata,Business Owner,885571,02-07-2019
CID_3640,Nikhil,27,Male,Delhi,Designer,618524,29-07-2024
CID_3641,Shaurya,67,Male,Delhi,Doctor,940067,14-11-2020
CID_3642,Krishna,72,Male,Chennai,Doctor,1015231,01-09-2021
CID_3643,Gaurav,57,Male,Kolkata,Designer,1638821,06-08-2024
CID_3644,Kabir,31,Male,Noida,Electrician,669554,04-06-2024
CID_3645,Amit,64,Male,Lucknow,Sales Executive,261399,27-08-2025
CID_3646,Nisha,59,Female,Lucknow,Marketing Specialist,922236,04-02-2024
CID_3647,Anjali,64,Female,Lucknow,Designer,1863541,16-08-2018
CID_3648,Varun,71,Male,Pune,Software Developer,1486016,11-04-2022
CID_3649,Gaurav,54,Male,Aligarh,Engineer,1940586,05-02-2023
CID_3650,Sanjay,58,Male,Delhi,Designer,662215,28-08-2018
CID_3651,Kabir,59,Male,Mumbai,Business Owner,517049,03-07-2024
CID_3652,Diya,32,Female,Lucknow,Mechanic,1950138,02-12-2022
CID_3653,Swati,14,Female,Chennai,Student,,13-08-2018
CID_3654,Deepak,33,Male,Delhi,Clerk,1215896,05-10-2022
CID_3655,Rakesh,32,Male,Delhi,Marketing Specialist,1648733,01-09-2019
CID_3656,Adi,17,Other,Aligarh,Shop Assistant,107550,06-06-2019
CID_3657,Krishna,9,Male,Pune,Student,,21-11-2025
CID_3658,Rahul,32,Male,Mumbai,Consultant,1591617,28-03-2022
CID_3659,Komal,47,Female,Chennai,Accountant,1118996,25-03-2023
CID_3660,Vivaan,48,Male,Kolkata,Sales Executive,263453,01-06-2021
CID_3661,Khushi,55,Female,Aligarh,Teacher,1154897,05-05-2023
CID_3662,Kabir,26,Male,Delhi,Designer,1954115,17-11-2022
CID_3663,Nikhil,11,Male,Lucknow,Student,,21-05-2024
CID_3664,Yash,38,Male,Aligarh,Electrician,438982,12-10-2020
CID_3665,Payal,60,Female,Kolkata,Accountant,1467871,24-08-2023
CID_3666,Kabir,43,Male,Mumbai,Doctor,691562,06-11-2024
CID_3667,Rahul,54,Male,Pune,Marketing Specialist,1655913,22-02-2019
CID_3668,Rohan,25,Male,Lucknow,Engineer,1142497,04-05-2018
CID_3669,Ira,28,Female,Delhi,Marketing Specialist,1852441,04-01-2025
CID_3670,Riya,70,Female,Mumbai,Manager,1619653,18-05-2018
CID_3671,Shaurya,15,Male,Kolkata,Student,,08-03-2019
CID_3672,Meera,49,Female,Noida,Manager,1287625,17-10-2024
CID_3673,Tarun,53,Male,Aligarh,Business Owner,694138,24-11-2020
CID_3674,Siddharth,8,Male,Noida,Student,,25-05-2021
CID_3675,Ananya,33,Female,Chennai,Sales Executive,1578312,20-05-2021
CID_3676,Ishaan,67,Male,Noida,Marketing Specialist,764249,25-06-2022
CID_3677,Shaurya,63,Male,Kolkata,Driver,1432349,18-12-2023
CID_3678,Swati,66,Female,Delhi,Manager,1024752,18-07-2022
CID_3679,Manish,15,Male,Lucknow,Student,,27-04-2020
CID_3680,Ari,67,Other,Kolkata,Designer,1044778,24-06-2023
CID_3681,Siddharth,6,Male,Mumbai,Student,,20-05-2020
CID_3682,Aditya,40,Male,Mumbai,Electrician,943558,23-10-2023
CID_3683,Priya,46,Female,Mumbai,Driver,1433830,27-07-2021
CID_3684,Atharv,74,Male,Mumbai,Driver,1748271,12-10-2024
CID_3685,Rajat,56,Male,Mumbai,Engineer,1670345,20-12-2019
CID_3686,Meera,28,Female,Kolkata,Electrician,354687,08-03-2024
CID_3687,Aadhya,50,Female,Pune,Consultant,1103842,20-05-2018
CID_3688,Rahul,26,Male,Kolkata,Doctor,1279121,26-04-2022
CID_3689,Khushi,55,Female,Mumbai,Marketing Specialist,1643863,16-09-2022
CID_3690,Aarav,46,Male,Noida,Doctor,733754,03-11-2022
CID_3691,Dee,71,Other,Noida,Consultant,1021981,22-06-2024
CID_3692,Adi,14,Other,Kolkata,Student,,10-10-2024
CID_3693,Shreya,57,Female,Mumbai,Business Owner,823385,22-06-2021
CID_3694,Simran,64,Female,Pune,Sales Executive,1066342,02-01-2025
CID_3695,Harsh,30,Male,Lucknow,Teacher,1665118,25-09-2024
CID_3696,Ananya,49,Female,Aligarh,Sales Executive,1253582,09-07-2020
CID_3697,Vivaan,6,Male,Mumbai,Student,,11-02-2021
CID_3698,Tanya,56,Female,Kolkata,Marketing Specialist,234236,03-12-2020
CID_3699,Sanjay,31,Male,Mumbai,Sales Executive,840175,11-02-2022
CID_3700,Aditya,30,Male,Noida,Business Owner,1480574,16-01-2024
CID_3701,Karan,21,Male,Chennai,Delivery Assistant,122643,17-07-2021
CID_3702,Riya,73,Female,Delhi,Driver,1565253,02-02-2025
CID_3703,Manish,74,Male,Kolkata,Mechanic,595825,13-04-2018
CID_3704,Payal,57,Female,Noida,Business Owner,1389974,17-02-2019
CID_3705,Aarti,17,Female,Kolkata,Office Intern,107759,17-08-2022
CID_3706,Kabir,66,Male,Lucknow,Clerk,370264,09-07-2018
CID_3707,Manish,15,Male,Lucknow,Student,,02-03-2021
CID_3708,Karan,58,Male,Kolkata,Engineer,849212,10-03-2021
CID_3709,Rin,21,Other,Mumbai,Part-time Tutor,85325,18-02-2024
CID_3710,Divya,47,Female,Delhi,Marketing Specialist,568639,16-12-2018
CID_3711,Rahul,52,Male,Pune,Manager,464797,14-02-2022
CID_3712,Yash,16,Male,Kolkata,Intern,92753,21-03-2020
CID_3713,Sanjay,71,Male,Pune,Driver,506648,13-06-2023
CID_3714,Vivaan,68,Male,Pune,Designer,652263,20-05-2019
CID_3715,Aman,35,Male,Delhi,Driver,796887,01-02-2024
CID_3716,Krishna,35,Male,Mumbai,Manager,857441,11-05-2019
CID_3717,Rajat,41,Male,Noida,Doctor,1686583,20-01-2024
CID_3718,Anjali,20,Female,Kolkata,Delivery Assistant,99244,30-06-2018
CID_3719,Rituraj,39,Male,Mumbai,Consultant,767336,06-07-2021
CID_3720,Tarun,52,Male,Noida,Sales Executive,434797,16-12-2018
CID_3721,Nikhil,18,Male,Chennai,Delivery Assistant,61521,26-11-2024
CID_3722,Nisha,56,Female,Delhi,Sales Executive,471984,28-10-2021
CID_3723,Riya,58,Female,Aligarh,Accountant,1892952,25-12-2018
CID_3724,Meera,42,Female,Chennai,Consultant,1069185,18-05-2023
CID_3725,Rajat,5,Male,Delhi,Student,,12-11-2019
CID_3726,Aman,69,Male,Delhi,Clerk,204210,04-11-2020
CID_3727,Pallavi,73,Female,Aligarh,Electrician,910009,21-12-2020
CID_3728,Sam,40,Other,Kolkata,Marketing Specialist,1452392,20-06-2018
CID_3729,Ishaan,47,Male,Kolkata,Clerk,1196102,07-03-2020
CID_3730,Rahul,41,Male,Kolkata,Mechanic,1305133,25-08-2021
CID_3731,Ari,50,Other,Kolkata,Manager,1182535,03-10-2018
CID_3732,Sanjay,65,Male,Delhi,Software Developer,1279629,31-03-2020
CID_3733,Rakesh,11,Male,Delhi,Student,,24-07-2019
CID_3734,Aarav,67,Male,Aligarh,Marketing Specialist,637002,04-07-2020
CID_3735,Sam,23,Other,Mumbai,Doctor,1022725,13-03-2019
CID_3736,Deepak,44,Male,Pune,Driver,1228972,29-07-2025
CID_3737,Diya,20,Female,Pune,Intern,192516,21-02-2018
CID_3738,Ishaan,43,Male,Aligarh,Electrician,436243,08-06-2025
CID_3739,Aman,30,Male,Mumbai,Sales Executive,1473575,29-04-2022
CID_3740,Sam,30,Other,Pune,Sales Executive,950030,05-12-2019
CID_3741,Gaurav,14,Male,Kolkata,Student,,09-08-2022
CID_3742,Ishaan,73,Male,Chennai,Sales Executive,1846565,03-01-2023
CID_3743,Karan,37,Male,Noida,Marketing Specialist,917801,04-09-2019
CID_3744,Gaurav,48,Male,Lucknow,Software Developer,272588,08-08-2018
CID_3745,Siddharth,40,Male,Aligarh,Marketing Specialist,1517846,26-05-2024
CID_3746,Diya,13,Female,Delhi,Student,,17-09-2025
CID_3747,Rin,15,Other,Kolkata,Student,,30-09-2018
CID_3748,Manish,23,Male,Noida,Accountant,1445276,08-08-2019
CID_3749,Amit,8,Male,Aligarh,Student,,22-04-2018
CID_3750,Rahul,57,Male,Aligarh,Electrician,1683710,21-05-2024
CID_3751,Arjun,5,Male,Mumbai,Student,,10-04-2022
CID_3752,Shreya,12,Female,Lucknow,Student,,06-05-2023
CID_3753,Aarti,58,Female,Lucknow,Marketing Specialist,1806549,15-03-2024
CID_3754,Ira,12,Female,Kolkata,Student,,20-05-2018
CID_3755,Manish,48,Male,Mumbai,Accountant,494218,27-02-2018
CID_3756,Kabir,34,Male,Kolkata,Consultant,1716433,12-01-2025
CID_3757,Aman,75,Male,Lucknow,Doctor,236150,08-06-2022
CID_3758,Arjun,18,Male,Lucknow,Call Center Trainee,145084,30-05-2022
CID_3759,Nisha,13,Female,Noida,Student,,15-10-2019
CID_3760,Nisha,62,Female,Aligarh,Accountant,509649,25-06-2024
CID_3761,Aditya,66,Male,Aligarh,Consultant,627034,13-01-2018
CID_3762,Rahul,66,Male,Noida,Doctor,271855,05-01-2022
CID_3763,Jordan,52,Other,Pune,Doctor,1215085,19-05-2018
CID_3764,Khushi,30,Female,Delhi,Driver,1510530,21-04-2023
CID_3765,Pooja,70,Female,Aligarh,Software Developer,462667,01-04-2021
CID_3766,Alex,34,Other,Mumbai,Driver,1187617,19-01-2019
CID_3767,Kiran,58,Other,Kolkata,Engineer,341624,26-02-2018
CID_3768,Riya,7,Female,Delhi,Student,,25-03-2023
CID_3769,Muskan,28,Female,Lucknow,Clerk,1066773,26-10-2021
CID_3770,Preeti,6,Female,Pune,Student,,11-03-2019
CID_3771,Anjali,16,Female,Aligarh,Intern,128584,29-01-2022
CID_3772,Aman,20,Male,Pune,Part-time Tutor,182141,06-03-2019
CID_3773,Manish,52,Male,Aligarh,Electrician,402479,17-07-2019
CID_3774,Muskan,58,Female,Lucknow,Electrician,1163562,20-03-2020
CID_3775,Harsh,32,Male,Noida,Driver,1691459,07-03-2022
CID_3776,Vikas,16,Male,Delhi,Shop Assistant,125278,17-07-2018
CID_3777,Riya,33,Female,Delhi,Electrician,1208504,21-05-2020
CID_3778,Vikas,53,Male,Aligarh,Electrician,1522285,03-03-2020
CID_3779,Gaurav,24,Male,Delhi,Clerk,1647577,10-10-2024
CID_3780,Ritu,57,Female,Delhi,Sales Executive,268615,10-02-2019
CID_3781,Yash,37,Male,Aligarh,Clerk,871806,16-06-2018
CID_3782,Vivaan,10,Male,Lucknow,Student,,12-07-2023
CID_3783,Rituraj,19,Male,Chennai,Office Intern,90229,07-11-2020
CID_3784,Meera,53,Female,Kolkata,Driver,348077,02-03-2021
CID_3785,Aman,72,Male,Chennai,Driver,1697156,08-09-2023
CID_3786,Ishaan,71,Male,Kolkata,Accountant,746176,26-09-2018
CID_3787,Gaurav,70,Male,Kolkata,Business Owner,374984,22-08-2023
CID_3788,Rajat,66,Male,Delhi,Doctor,1600907,02-09-2018
CID_3789,Ira,17,Female,Lucknow,Part-time Tutor,144156,11-01-2024
CID_3790,Aarav,5,Male,Noida,Student,,11-01-2021
CID_3791,Siddharth,46,Male,Delhi,Marketing Specialist,822799,16-06-2022
CID_3792,Sonali,66,Female,Pune,Designer,202621,29-04-2023
CID_3793,Aarti,29,Female,Noida,Mechanic,1861698,05-01-2023
CID_3794,Rakesh,62,Male,Mumbai,Mechanic,860778,09-04-2023
CID_3795,Varun,55,Male,Kolkata,Designer,290194,03-05-2021
CID_3796,Manish,8,Male,Noida,Student,,29-08-2019
CID_3797,Vikas,61,Male,Noida,Sales Executive,1692504,01-01-2019
CID_3798,Yash,24,Male,Aligarh,Consultant,1133265,09-10-2019
CID_3799,Pranav,24,Male,Pune,Driver,1059176,13-07-2018
CID_3800,Pallavi,55,Female,Mumbai,Accountant,1824345,14-01-2021
CID_3801,Karan,47,Male,Aligarh,Doctor,1975975,22-03-2025
CID_3802,Krishna,57,Male,Kolkata,Software Developer,1967286,09-10-2018
CID_3803,Ari,52,Other,Chennai,Software Developer,1715890,22-11-2022
CID_3804,Khushi,51,Female,Mumbai,Manager,1883769,15-08-2021
CID_3805,Vivaan,7,Male,Kolkata,Student,,28-12-2021
CID_3806,Tarun,51,Male,Noida,Doctor,1000372,21-04-2024
CID_3807,Rashmi,74,Female,Aligarh,Teacher,821219,07-06-2020
CID_3808,Deepak,66,Male,Delhi,Marketing Specialist,1568559,01-12-2020
CID_3809,Yash,15,Male,Pune,Student,,14-06-2023
CID_3810,Sneha,8,Female,Kolkata,Student,,20-07-2020
CID_3811,Vikas,28,Male,Delhi,Sales Executive,1051082,23-10-2022
CID_3812,Siddharth,24,Male,Pune,Clerk,1349809,18-12-2021
CID_3813,Sanjay,64,Male,Lucknow,Sales Executive,505175,18-02-2019
CID_3814,Pooja,49,Female,Pune,Designer,599638,06-06-2025
CID_3815,Muskan,26,Female,Lucknow,Engineer,1682073,13-10-2019
CID_3816,Dee,24,Other,Chennai,Consultant,1151855,15-09-2024
CID_3817,Vikas,5,Male,Kolkata,Student,,13-03-2018
CID_3818,Atharv,16,Male,Lucknow,Student,154724,28-04-2020
CID_3819,Rohan,62,Male,Noida,Consultant,848905,17-03-2022
CID_3820,Atharv,12,Male,Mumbai,Student,,26-01-2022
CID_3821,Rituraj,59,Male,Kolkata,Marketing Specialist,1727523,24-10-2022
CID_3822,Aman,16,Male,Kolkata,Intern,176409,18-03-2021
CID_3823,Tanya,44,Female,Mumbai,Doctor,907540,12-12-2023
CID_3824,Aditya,75,Male,Delhi,Mechanic,1830170,22-07-2019
CID_3825,Komal,41,Female,Noida,Designer,255681,18-05-2023
CID_3826,Nisha,45,Female,Pune,Business Owner,829466,10-03-2018
CID_3827,Sanjay,55,Male,Aligarh,Clerk,1014248,20-01-2023
CID_3828,Ankit,15,Male,Mumbai,Student,,27-04-2023
CID_3829,Pooja,74,Female,Pune,Mechanic,639371,26-05-2023
CID_3830,Karan,51,Male,Mumbai,Sales Executive,451989,28-03-2024
CID_3831,Siddharth,6,Male,Pune,Student,,19-12-2019
CID_3832,Yash,13,Male,Delhi,Student,,14-06-2024
CID_3833,Pallavi,39,Female,Delhi,Manager,1228177,04-01-2021
CID_3834,Shaurya,49,Male,Pune,Mechanic,1976592,08-05-2019
CID_3835,Alex,25,Other,Mumbai,Marketing Specialist,1594614,11-12-2024
CID_3836,Aditya,13,Male,Pune,Student,,16-10-2021
CID_3837,Dee,12,Other,Noida,Student,,21-11-2019
CID_3838,Krishna,71,Male,Aligarh,Accountant,429744,25-12-2022
CID_3839,Aditya,35,Male,Kolkata,Designer,383942,11-02-2025
CID_3840,Rahul,22,Male,Delhi,Doctor,1222074,30-01-2022
CID_3841,Sam,37,Other,Lucknow,Driver,1979987,12-09-2019
CID_3842,Sneha,46,Female,Noida,Sales Executive,1795139,07-02-2021
CID_3843,Payal,17,Female,Chennai,Call Center Trainee,106124,17-03-2022
CID_3844,Yash,10,Male,Chennai,Student,,13-06-2025
CID_3845,Muskan,68,Female,Chennai,Teacher,552583,04-12-2021
CID_3846,Taylor,13,Other,Mumbai,Student,,03-09-2024
CID_3847,Rakesh,66,Male,Mumbai,Electrician,1358705,06-08-2019
CID_3848,Rohan,55,Male,Delhi,Clerk,308115,31-12-2019
CID_3849,Manish,33,Male,Kolkata,Consultant,487734,14-01-2024
CID_3850,Aditya,34,Male,Noida,Accountant,1313576,15-09-2018
CID_3851,Rakesh,35,Male,Mumbai,Consultant,1838701,05-03-2023
CID_3852,Shreya,24,Female,Lucknow,Accountant,429456,10-02-2020
CID_3853,Deepak,72,Male,Delhi,Marketing Specialist,754783,19-02-2025
CID_3854,Pallavi,42,Female,Lucknow,Marketing Specialist,1040742,27-02-2019
CID_3855,Rohan,28,Male,Noida,Mechanic,1240517,28-06-2022
CID_3856,Rashmi,36,Female,Mumbai,Doctor,1675265,24-02-2022
CID_3857,Meera,46,Female,Pune,Sales Executive,724638,10-07-2024
CID_3858,Vivaan,47,Male,Noida,Software Developer,1541749,19-09-2025
CID_3859,Aman,73,Male,Aligarh,Mechanic,285154,06-10-2022
CID_3860,Yash,61,Male,Pune,Marketing Specialist,992192,05-09-2020
CID_3861,Rashmi,14,Female,Chennai,Student,,18-06-2019
CID_3862,Swati,9,Female,Delhi,Student,,18-01-2025
CID_3863,Divya,8,Female,Pune,Student,,06-04-2025
CID_3864,Riya,11,Female,Kolkata,Student,,03-02-2019
CID_3865,Harsh,64,Male,Mumbai,Accountant,902733,07-12-2025
CID_3866,Riya,19,Female,Delhi,Student,177738,23-03-2025
CID_3867,Sam,25,Other,Chennai,Teacher,776889,07-09-2018
CID_3868,Nisha,25,Female,Noida,Mechanic,1535166,05-12-2018
CID_3869,Gaurav,68,Male,Lucknow,Sales Executive,896570,18-02-2018
CID_3870,Aarav,47,Male,Noida,Designer,787206,16-05-2019
CID_3871,Kavya,58,Female,Lucknow,Software Developer,1212427,20-03-2019
CID_3872,Rahul,68,Male,Chennai,Driver,470653,03-08-2023
CID_3873,Neha,75,Female,Delhi,Engineer,1170253,11-01-2024
CID_3874,Simran,69,Female,Mumbai,Manager,1461657,22-12-2023
CID_3875,Rituraj,55,Male,Lucknow,Accountant,1102024,15-04-2018
CID_3876,Aditya,13,Male,Chennai,Student,,11-10-2019
CID_3877,Vivaan,45,Male,Lucknow,Accountant,1558792,16-12-2025
CID_3878,Payal,50,Female,Mumbai,Designer,1647760,10-01-2023
CID_3879,Aditya,63,Male,Aligarh,Manager,541323,19-04-2021
CID_3880,Manish,52,Male,Pune,Business Owner,661352,31-03-2021
CID_3881,Pranav,66,Male,Kolkata,Driver,1195963,08-01-2024
CID_3882,Ishaan,35,Male,Chennai,Engineer,788816,08-05-2024
CID_3883,Sam,74,Other,Lucknow,Sales Executive,533803,07-03-2025
CID_3884,Aditya,19,Male,Pune,Delivery Assistant,74588,12-12-2023
CID_3885,Sanjay,64,Male,Delhi,Teacher,1236265,08-01-2019
CID_3886,Nisha,33,Female,Lucknow,Doctor,1138046,19-04-2021
CID_3887,Rakesh,15,Male,Lucknow,Student,,16-06-2018
CID_3888,Kavya,42,Female,Kolkata,Electrician,1034198,26-05-2018
CID_3889,Rohan,35,Male,Aligarh,Manager,816020,16-10-2024
CID_3890,Anjali,56,Female,Pune,Marketing Specialist,344937,15-11-2020
CID_3891,Khushi,64,Female,Noida,Driver,1697153,28-06-2025
CID_3892,Ananya,30,Female,Chennai,Clerk,494667,11-03-2022
CID_3893,Shreya,19,Female,Aligarh,Student,129469,30-09-2023
CID_3894,Ishaan,18,Male,Pune,Intern,58324,20-04-2019
CID_3895,Khushi,45,Female,Kolkata,Engineer,1827996,06-03-2019
CID_3896,Aditya,36,Male,Kolkata,Software Developer,368232,08-03-2022
CID_3897,Harsh,6,Male,Mumbai,Student,,14-05-2020
CID_3898,Kiran,43,Other,Chennai,Accountant,1538480,10-04-2025
CID_3899,Muskan,75,Female,Noida,Marketing Specialist,287149,29-10-2020
CID_3900,Sonali,69,Female,Noida,Consultant,1443614,11-07-2019
CID_3901,Shaurya,7,Male,Lucknow,Student,,04-04-2018
CID_3902,Tarun,41,Male,Aligarh,Teacher,1638082,13-01-2019
CID_3903,Meera,26,Female,Kolkata,Electrician,1408566,01-02-2018
CID_3904,Tarun,5,Male,Delhi,Student,,09-02-2023
CID_3905,Kiran,25,Other,Pune,Sales Executive,260596,22-01-2023
CID_3906,Amit,18,Male,Pune,Student,98091,13-06-2021
CID_3907,Ananya,33,Female,Chennai,Marketing Specialist,1322229,25-08-2020
CID_3908,Aditya,51,Male,Delhi,Driver,542297,10-01-2023
CID_3909,Shaurya,42,Male,Chennai,Electrician,1122667,04-12-2018
CID_3910,Karan,45,Male,Kolkata,Business Owner,1256521,09-02-2018
CID_3911,Manish,58,Male,Kolkata,Accountant,1647233,30-04-2020
CID_3912,Diya,65,Female,Kolkata,Driver,1878461,21-11-2022
CID_3913,Sam,71,Other,Kolkata,Manager,249038,06-08-2025
CID_3914,Payal,11,Female,Kolkata,Student,,08-04-2019
CID_3915,Shaurya,53,Male,Pune,Business Owner,1602369,07-01-2020
CID_3916,Jordan,29,Other,Chennai,Clerk,833446,01-12-2025
CID_3917,Manish,19,Male,Noida,Delivery Assistant,180042,14-08-2023
CID_3918,Payal,43,Female,Aligarh,Driver,523457,14-09-2020
CID_3919,Siddharth,75,Male,Chennai,Manager,549630,22-04-2018
CID_3920,Harsh,32,Male,Lucknow,Doctor,1345943,22-02-2020
CID_3921,Ishita,61,Female,Lucknow,Sales Executive,237455,08-04-2025
CID_3922,Yash,68,Male,Kolkata,Designer,944063,16-09-2018
CID_3923,Rohan,47,Male,Chennai,Consultant,1494016,19-09-2018
CID_3924,Deepak,36,Male,Mumbai,Software Developer,262316,03-06-2018
CID_3925,Khushi,26,Female,Kolkata,Engineer,1040846,22-12-2022
CID_3926,Aman,50,Male,Aligarh,Manager,910554,22-07-2020
CID_3927,Deepak,16,Male,Mumbai,Delivery Assistant,196541,19-03-2019
CID_3928,Rashmi,28,Female,Lucknow,Clerk,1489375,19-08-2022
CID_3929,Rashmi,31,Female,Kolkata,Accountant,1219337,23-05-2025
CID_3930,Gaurav,69,Male,Pune,Electrician,1993594,25-11-2023
CID_3931,Nisha,14,Female,Lucknow,Student,,12-05-2020
CID_3932,Divya,10,Female,Chennai,Student,,14-12-2021
CID_3933,Dee,39,Other,Delhi,Marketing Specialist,275226,26-06-2019
CID_3934,Payal,20,Female,Aligarh,Call Center Trainee,82029,24-07-2020
CID_3935,Rakesh,14,Male,Lucknow,Student,,31-07-2022
CID_3936,Rajat,31,Male,Lucknow,Business Owner,938199,27-09-2025
CID_3937,Amit,8,Male,Pune,Student,,23-08-2024
CID_3938,Tarun,56,Male,Noida,Teacher,911460,12-07-2018
CID_3939,Krishna,37,Male,Noida,Accountant,1590554,04-10-2024
CID_3940,Nikhil,39,Male,Lucknow,Mechanic,1454276,24-10-2022
CID_3941,Ishaan,58,Male,Noida,Engineer,1302129,06-02-2022
CID_3942,Gaurav,34,Male,Kolkata,Consultant,1493784,06-05-2018
CID_3943,Divya,75,Female,Kolkata,Mechanic,956146,29-01-2022
CID_3944,Siddharth,36,Male,Noida,Sales Executive,1263546,05-01-2023
CID_3945,Sneha,59,Female,Lucknow,Consultant,450227,11-09-2025
CID_3946,Khushi,66,Female,Mumbai,Marketing Specialist,1604894,05-11-2021
CID_3947,Vikas,5,Male,Lucknow,Student,,18-07-2021
CID_3948,Atharv,62,Male,Kolkata,Accountant,1278507,23-06-2024
CID_3949,Adi,33,Other,Chennai,Teacher,353125,13-04-2020
CID_3950,Shaurya,25,Male,Pune,Consultant,1103263,18-09-2018
CID_3951,Rituraj,53,Male,Kolkata,Electrician,798479,17-07-2018
CID_3952,Gaurav,51,Male,Aligarh,Doctor,1607117,27-08-2024
CID_3953,Aman,66,Male,Chennai,Designer,499999,02-12-2025
CID_3954,Rakesh,35,Male,Delhi,Software Developer,868720,27-01-2022
CID_3955,Diya,7,Female,Lucknow,Student,,29-09-2018
CID_3956,Varun,61,Male,Noida,Doctor,1408233,15-12-2019
CID_3957,Jordan,71,Other,Pune,Designer,1389027,03-03-2024
CID_3958,Tarun,26,Male,Delhi,Software Developer,439868,17-05-2020
CID_3959,Sanjay,59,Male,Aligarh,Doctor,533366,11-12-2018
CID_3960,Siddharth,59,Male,Delhi,Designer,1020349,24-11-2022
CID_3961,Ankit,50,Male,Delhi,Manager,929360,26-04-2020
CID_3962,Rakesh,63,Male,Chennai,Teacher,1547422,07-07-2020
CID_3963,Rakesh,45,Male,Pune,Software Developer,1238328,28-11-2023
CID_3964,Ishaan,9,Male,Pune,Student,,17-03-2021
CID_3965,Sam,23,Other,Kolkata,Doctor,1654522,05-03-2019
CID_3966,Rakesh,43,Male,Noida,Sales Executive,674601,07-06-2023
CID_3967,Jordan,5,Other,Noida,Student,,13-05-2024
CID_3968,Tarun,34,Male,Noida,Driver,1198665,25-08-2024
CID_3969,Kabir,47,Male,Delhi,Consultant,622887,23-09-2023
CID_3970,Muskan,54,Female,Aligarh,Consultant,708564,20-06-2022
CID_3971,Kabir,23,Male,Lucknow,Sales Executive,790274,07-09-2020
CID_3972,Payal,23,Female,Noida,Software Developer,1294350,11-07-2023
CID_3973,Aditya,30,Male,Noida,Marketing Specialist,1549267,11-06-2020
CID_3974,Aditya,5,Male,Aligarh,Student,,03-07-2022
CID_3975,Kiran,47,Other,Kolkata,Doctor,632409,07-02-2023
CID_3976,Tanya,6,Female,Mumbai,Student,,14-02-2023
CID_3977,Atharv,30,Male,Kolkata,Business Owner,1348657,28-05-2018
CID_3978,Krishna,55,Male,Aligarh,Accountant,1734956,27-07-2024
CID_3979,Ankit,67,Male,Pune,Sales Executive,473665,22-04-2021
CID_3980,Rajat,65,Male,Noida,Driver,227073,31-07-2024
CID_3981,Ari,11,Other,Chennai,Student,,26-07-2018
CID_3982,Rajat,43,Male,Noida,Business Owner,1593136,28-07-2018
CID_3983,Pooja,53,Female,Pune,Teacher,1618759,04-05-2021
CID_3984,Tarun,63,Male,Aligarh,Driver,822191,03-08-2019
CID_3985,Rahul,27,Male,Aligarh,Accountant,741416,18-06-2023
CID_3986,Aarti,28,Female,Kolkata,Clerk,451585,08-09-2024
CID_3987,Sneha,42,Female,Noida,Business Owner,1499704,30-10-2023
CID_3988,Pranav,58,Male,Mumbai,Marketing Specialist,1035665,27-08-2020
CID_3989,Kiran,30,Other,Mumbai,Manager,1433444,02-02-2018
CID_3990,Dee,52,Other,Kolkata,Consultant,352091,07-06-2024
CID_3991,Pranav,16,Male,Lucknow,Student,96067,24-12-2018
CID_3992,Pranav,36,Male,Mumbai,Doctor,582496,20-11-2022
CID_3993,Deepak,53,Male,Chennai,Mechanic,424091,29-01-2022
CID_3994,Meera,27,Female,Aligarh,Driver,1085808,07-01-2023
CID_3995,Karan,52,Male,Kolkata,Manager,971236,08-08-2019
CID_3996,Aditya,59,Male,Delhi,Mechanic,1445885,15-02-2025
CID_3997,Ishaan,33,Male,Pune,Doctor,1406076,13-11-2021
CID_3998,Aarav,51,Male,Pune,Business Owner,754095,18-07-2020
CID_3999,Jai,50,Other,Chennai,Doctor,1004185,17-01-2025
CID_4000,Vivaan,46,Male,Delhi,Sales Executive,422504,19-01-2021
CID_4001,Karan,42,Male,Chennai,Sales Executive,393476,18-04-2019
CID_4002,Muskan,54,Female,Pune,Accountant,1610869,08-09-2019
CID_4003,Meera,32,Female,Mumbai,Accountant,1573442,26-11-2022
CID_4004,Kavya,63,Female,Pune,Teacher,971119,04-11-2025
CID_4005,Atharv,6,Male,Aligarh,Student,,11-02-2023
CID_4006,Rashmi,59,Female,Pune,Sales Executive,296273,07-09-2025
CID_4007,Meera,63,Female,Lucknow,Teacher,1445861,30-05-2022
CID_4008,Aman,5,Male,Kolkata,Student,,15-01-2023
CID_4009,Rahul,51,Male,Chennai,Sales Executive,764616,04-12-2020
CID_4010,Taylor,7,Other,Noida,Student,,04-05-2025
CID_4011,Ankit,14,Male,Chennai,Student,,14-12-2019
CID_4012,Swati,16,Female,Pune,Intern,83896,06-01-2021
CID_4013,Ankit,38,Male,Chennai,Designer,1980941,22-01-2020
CID_4014,Atharv,71,Male,Aligarh,Software Developer,670513,15-07-2021
CID_4015,Rashmi,9,Female,Aligarh,Student,,24-04-2024
CID_4016,Vivaan,22,Male,Kolkata,Mechanic,826957,02-03-2021
CID_4017,Arjun,11,Male,Mumbai,Student,,12-02-2020
CID_4018,Riya,34,Female,Lucknow,Software Developer,1667926,08-04-2020
CID_4019,Sanjay,14,Male,Lucknow,Student,,26-06-2025
CID_4020,Shaurya,32,Male,Mumbai,Consultant,259055,07-02-2020
CID_4021,Gaurav,52,Male,Lucknow,Teacher,1879224,09-03-2025
CID_4022,Rahul,52,Male,Pune,Marketing Specialist,436736,23-11-2021
CID_4023,Muskan,42,Female,Aligarh,Driver,239285,20-06-2019
CID_4024,Ira,66,Female,Chennai,Sales Executive,1165765,17-04-2018
CID_4025,Varun,23,Male,Pune,Doctor,876092,03-04-2019
CID_4026,Shreya,70,Female,Lucknow,Consultant,645477,10-01-2018
CID_4027,Manish,36,Male,Pune,Engineer,1904660,24-08-2023
CID_4028,Krishna,29,Male,Mumbai,Designer,676639,23-07-2023
CID_4029,Rituraj,67,Male,Mumbai,Marketing Specialist,1096837,07-01-2025
CID_4030,Karan,34,Male,Delhi,Mechanic,1517761,09-02-2019
CID_4031,Rajat,27,Male,Lucknow,Teacher,969358,28-07-2025
CID_4032,Tarun,67,Male,Pune,Accountant,633136,20-11-2018
CID_4033,Rohan,22,Male,Delhi,Manager,1431885,24-01-2022
CID_4034,Kabir,57,Male,Lucknow,Marketing Specialist,485631,23-10-2021
CID_4035,Rohan,74,Male,Noida,Sales Executive,901337,03-12-2018
CID_4036,Rakesh,71,Male,Lucknow,Mechanic,1999277,03-12-2021
CID_4037,Jordan,62,Other,Pune,Consultant,1859828,17-10-2022
CID_4038,Jordan,19,Other,Delhi,Intern,155322,24-06-2024
CID_4039,Riya,47,Female,Kolkata,Designer,1658292,02-06-2019
CID_4040,Sanjay,41,Male,Delhi,Teacher,1961971,15-05-2020
CID_4041,Rakesh,54,Male,Delhi,Sales Executive,535185,06-11-2022
CID_4042,Rajat,45,Male,Aligarh,Consultant,1877545,14-12-2024
CID_4043,Amit,28,Male,Chennai,Mechanic,1559251,18-05-2023
CID_4044,Tarun,15,Male,Kolkata,Student,,08-04-2020
CID_4045,Alex,8,Other,Delhi,Student,,14-10-2024
CID_4046,Adi,29,Other,Noida,Mechanic,316661,03-10-2022
CID_4047,Krishna,63,Male,Mumbai,Doctor,1737901,30-04-2019
CID_4048,Rin,14,Other,Pune,Student,,10-05-2025
CID_4049,Atharv,19,Male,Noida,Intern,190898,11-10-2019
CID_4050,Rituraj,34,Male,Kolkata,Marketing Specialist,1523263,08-11-2020
CID_4051,Sonali,21,Female,Kolkata,Delivery Assistant,92845,20-01-2022
CID_4052,Krishna,38,Male,Noida,Sales Executive,1917296,22-09-2019
CID_4053,Sanjay,51,Male,Lucknow,Mechanic,1154549,24-10-2020
CID_4054,Manish,73,Male,Aligarh,Sales Executive,750927,15-04-2018
CID_4055,Rajat,65,Male,Aligarh,Clerk,1923178,29-06-2022
CID_4056,Sanjay,14,Male,Pune,Student,,24-01-2025
CID_4057,Taylor,21,Other,Aligarh,Call Center Trainee,122609,07-05-2022
CID_4058,Kiran,11,Other,Delhi,Student,,26-08-2022
CID_4059,Shaurya,52,Male,Aligarh,Sales Executive,705761,08-05-2024
CID_4060,Sanjay,44,Male,Pune,Doctor,1880567,15-08-2022
CID_4061,Krishna,48,Male,Kolkata,Designer,577765,30-07-2022
CID_4062,Deepak,14,Male,Mumbai,Student,,26-09-2021
CID_4063,Rakesh,42,Male,Noida,Engineer,1188400,22-08-2022
CID_4064,Adi,19,Other,Noida,Shop Assistant,82676,05-05-2023
CID_4065,Rakesh,66,Male,Kolkata,Software Developer,818566,25-05-2019
CID_4066,Muskan,73,Female,Noida,Marketing Specialist,1306011,29-01-2022
CID_4067,Aarti,20,Female,Chennai,Part-time Tutor,85263,01-02-2022
CID_4068,Pooja,35,Female,Delhi,Sales Executive,634312,20-08-2025
CID_4069,Karan,15,Male,Noida,Student,,17-11-2019
CID_4070,Rajat,25,Male,Chennai,Consultant,774066,27-02-2025
CID_4071,Ankit,49,Male,Pune,Business Owner,1820525,01-01-2022
CID_4072,Varun,19,Male,Delhi,Student,165096,16-11-2021
CID_4073,Ishaan,73,Male,Aligarh,Software Developer,1094447,24-02-2021
CID_4074,Atharv,16,Male,Pune,Intern,185418,03-02-2018
CID_4075,Adi,10,Other,Lucknow,Student,,09-06-2018
CID_4076,Adi,28,Other,Mumbai,Mechanic,492830,14-10-2021
CID_4077,Ritu,11,Female,Delhi,Student,,28-12-2018
CID_4078,Shaurya,31,Male,Delhi,Engineer,1702952,28-06-2024
CID_4079,Rashmi,54,Female,Pune,Sales Executive,1026677,11-08-2023
CID_4080,Nikhil,50,Male,Noida,Designer,1304450,12-03-2020
CID_4081,Rohan,32,Male,Delhi,Designer,1464201,13-09-2020
CID_4082,Rahul,56,Male,Lucknow,Designer,376484,16-03-2018
CID_4083,Jordan,64,Other,Delhi,Marketing Specialist,1911155,09-12-2025
CID_4084,Swati,35,Female,Lucknow,Marketing Specialist,1292953,05-12-2024
CID_4085,Vikas,8,Male,Delhi,Student,,24-05-2024
CID_4086,Arjun,32,Male,Kolkata,Engineer,1852969,15-11-2023
CID_4087,Swati,10,Female,Lucknow,Student,,17-11-2020
CID_4088,Alex,8,Other,Aligarh,Student,,05-01-2022
CID_4089,Varun,12,Male,Delhi,Student,,07-05-2025
CID_4090,Yash,71,Male,Lucknow,Mechanic,1141268,20-04-2022
CID_4091,Rohan,73,Male,Aligarh,Designer,405455,29-04-2019
CID_4092,Meera,17,Female,Chennai,Shop Assistant,99356,02-03-2020
CID_4093,Manish,51,Male,Delhi,Consultant,1021866,12-08-2023
CID_4094,Kabir,42,Male,Pune,Engineer,1386418,03-09-2019
CID_4095,Harsh,65,Male,Mumbai,Engineer,993740,01-04-2021
CID_4096,Aarav,73,Male,Delhi,Consultant,534187,08-10-2024
CID_4097,Muskan,28,Female,Chennai,Accountant,524767,29-10-2025
CID_4098,Ritu,56,Female,Aligarh,Marketing Specialist,251218,01-09-2019
CID_4099,Krishna,45,Male,Pune,Manager,792462,25-03-2021
CID_4100,Aarav,49,Male,Noida,Consultant,762138,24-06-2018
CID_4101,Krishna,73,Male,Lucknow,Software Developer,874361,16-03-2022
CID_4102,Muskan,53,Female,Kolkata,Business Owner,1314354,15-12-2021
CID_4103,Pallavi,49,Female,Aligarh,Doctor,1817678,21-11-2023
CID_4104,Shaurya,44,Male,Pune,Teacher,982732,01-05-2022
CID_4105,Aarti,8,Female,Pune,Student,,10-12-2018
CID_4106,Yash,17,Male,Pune,Intern,78073,20-06-2023
CID_4107,Payal,36,Female,Aligarh,Designer,1514064,14-05-2021
CID_4108,Sam,10,Other,Pune,Student,,03-11-2020
CID_4109,Rituraj,50,Male,Kolkata,Business Owner,494795,24-08-2025
CID_4110,Nikhil,64,Male,Delhi,Accountant,1753830,16-06-2025
CID_4111,Rituraj,45,Male,Delhi,Electrician,1818572,16-10-2024
CID_4112,Ananya,26,Female,Delhi,Engineer,912976,30-05-2021
CID_4113,Rohan,35,Male,Lucknow,Software Developer,1681922,19-09-2022
CID_4114,Aadhya,63,Female,Pune,Business Owner,1402268,26-11-2024
CID_4115,Simran,35,Female,Noida,Software Developer,1706322,04-09-2023
CID_4116,Tarun,7,Male,Noida,Student,,21-06-2025
CID_4117,Tarun,58,Male,Noida,Driver,1913509,05-10-2024
CID_4118,Aman,60,Male,Kolkata,Doctor,256228,16-12-2025
CID_4119,Pranav,11,Male,Delhi,Student,,24-06-2018
CID_4120,Sonali,19,Female,Kolkata,Call Center Trainee,174921,05-11-2025
CID_4121,Harsh,44,Male,Kolkata,Marketing Specialist,1390847,05-04-2025
CID_4122,Deepak,40,Male,Mumbai,Manager,1701656,13-12-2019
CID_4123,Aarav,44,Male,Kolkata,Software Developer,869699,02-03-2022
CID_4124,Amit,29,Male,Delhi,Driver,926092,25-03-2022
CID_4125,Rahul,11,Male,Lucknow,Student,,05-10-2022
CID_4126,Ari,31,Other,Chennai,Driver,518020,28-10-2024
CID_4127,Ankit,44,Male,Pune,Clerk,758377,27-08-2020
CID_4128,Sam,27,Other,Kolkata,Clerk,1882638,29-04-2023
CID_4129,Deepak,50,Male,Noida,Accountant,204151,13-05-2025
CID_4130,Sam,12,Other,Mumbai,Student,,04-06-2023
CID_4131,Alex,26,Other,Mumbai,Marketing Specialist,359280,11-04-2025
CID_4132,Ishita,50,Female,Kolkata,Consultant,1639423,13-02-2020
CID_4133,Rahul,24,Male,Chennai,Mechanic,522848,22-10-2023
CID_4134,Aadhya,61,Female,Aligarh,Marketing Specialist,835888,19-10-2025
CID_4135,Vivaan,18,Male,Delhi,Delivery Assistant,114172,07-11-2019
CID_4136,Kabir,50,Male,Aligarh,Consultant,865897,05-12-2023
CID_4137,Ananya,46,Female,Mumbai,Electrician,943801,05-06-2019
CID_4138,Anjali,73,Female,Kolkata,Software Developer,953490,31-05-2023
CID_4139,Simran,10,Female,Pune,Student,,27-06-2023
CID_4140,Sneha,65,Female,Noida,Sales Executive,1433382,22-04-2018
CID_4141,Alex,43,Other,Noida,Business Owner,1600875,24-09-2020
CID_4142,Rajat,12,Male,Lucknow,Student,,30-04-2020
CID_4143,Nikhil,9,Male,Chennai,Student,,04-02-2021
CID_4144,Sanjay,52,Male,Kolkata,Designer,1302216,12-05-2018
CID_4145,Gaurav,43,Male,Delhi,Sales Executive,1094979,10-09-2019
CID_4146,Shreya,6,Female,Delhi,Student,,21-02-2019
CID_4147,Ritu,39,Female,Chennai,Business Owner,1381665,22-04-2024
CID_4148,Siddharth,75,Male,Mumbai,Mechanic,1508495,21-05-2021
CID_4149,Neha,61,Female,Aligarh,Teacher,658387,05-05-2020
CID_4150,Nisha,74,Female,Mumbai,Electrician,1494163,28-06-2018
CID_4151,Rajat,12,Male,Lucknow,Student,,10-01-2023
CID_4152,Manish,9,Male,Pune,Student,,05-03-2024
CID_4153,Shaurya,50,Male,Pune,Clerk,1585257,01-01-2024
CID_4154,Rohan,28,Male,Mumbai,Teacher,853568,04-04-2019
CID_4155,Aditya,68,Male,Chennai,Teacher,1451187,17-07-2020
CID_4156,Rituraj,42,Male,Kolkata,Teacher,1843356,19-05-2021
CID_4157,Pranav,52,Male,Noida,Sales Executive,1940501,03-09-2024
CID_4158,Arjun,60,Male,Chennai,Electrician,1956910,16-11-2022
CID_4159,Ira,29,Female,Aligarh,Sales Executive,714970,25-09-2019
CID_4160,Arjun,12,Male,Mumbai,Student,,26-09-2018
CID_4161,Alex,38,Other,Delhi,Manager,1907884,27-07-2021
CID_4162,Varun,51,Male,Aligarh,Electrician,934712,23-04-2022
CID_4163,Vikas,63,Male,Mumbai,Clerk,904962,04-07-2021
CID_4164,Taylor,21,Other,Pune,Delivery Assistant,59392,14-09-2023
CID_4165,Krishna,44,Male,Lucknow,Manager,1105584,05-05-2025
CID_4166,Arjun,30,Male,Noida,Marketing Specialist,1619336,14-06-2018
CID_4167,Aarti,74,Female,Mumbai,Marketing Specialist,1598452,17-06-2022
CID_4168,Priya,13,Female,Kolkata,Student,,12-02-2021
CID_4169,Riya,46,Female,Delhi,Manager,1953515,05-02-2022
CID_4170,Vikas,44,Male,Kolkata,Designer,1326128,23-07-2022
CID_4171,Sanjay,46,Male,Noida,Manager,1356433,31-08-2023
CID_4172,Aman,9,Male,Pune,Student,,14-11-2019
CID_4173,Divya,73,Female,Lucknow,Mechanic,459418,21-07-2025
CID_4174,Atharv,50,Male,Delhi,Software Developer,352649,14-06-2024
CID_4175,Siddharth,70,Male,Pune,Accountant,632815,30-06-2022
CID_4176,Ritu,51,Female,Kolkata,Manager,1167005,19-08-2018
CID_4177,Harsh,43,Male,Lucknow,Manager,962168,29-03-2023
CID_4178,Yash,42,Male,Pune,Doctor,613292,09-04-2025
CID_4179,Sanjay,18,Male,Delhi,Intern,64909,28-09-2018
CID_4180,Nisha,64,Female,Mumbai,Sales Executive,818493,16-12-2019
CID_4181,Kiran,74,Other,Delhi,Electrician,578929,16-07-2018
CID_4182,Aman,14,Male,Delhi,Student,,30-07-2021
CID_4183,Kiran,23,Other,Aligarh,Marketing Specialist,1194161,12-02-2021
CID_4184,Ira,73,Female,Lucknow,Accountant,408430,28-12-2023
CID_4185,Jai,25,Other,Delhi,Doctor,275446,25-12-2018
CID_4186,Vivaan,75,Male,Aligarh,Marketing Specialist,223348,03-01-2018
CID_4187,Sanjay,56,Male,Noida,Consultant,1974415,03-06-2021
CID_4188,Rin,73,Other,Noida,Manager,882435,13-03-2024
CID_4189,Kavya,58,Female,Delhi,Driver,454218,08-05-2019
CID_4190,Vivaan,49,Male,Delhi,Marketing Specialist,843593,13-12-2018
CID_4191,Varun,64,Male,Aligarh,Business Owner,430024,30-07-2025
CID_4192,Jordan,12,Other,Delhi,Student,,19-03-2020
CID_4193,Kabir,5,Male,Chennai,Student,,21-08-2021
CID_4194,Ankit,10,Male,Pune,Student,,20-11-2020
CID_4195,Sneha,22,Female,Delhi,Business Owner,775445,23-11-2020
CID_4196,Gaurav,41,Male,Delhi,Mechanic,940702,03-12-2023
CID_4197,Krishna,11,Male,Noida,Student,,13-01-2018
CID_4198,Manish,27,Male,Mumbai,Clerk,1338407,04-09-2024
CID_4199,Swati,17,Female,Mumbai,Part-time Tutor,189898,27-10-2025
CID_4200,Rahul,74,Male,Chennai,Doctor,1766664,04-11-2021
CID_4201,Shaurya,16,Male,Kolkata,Delivery Assistant,190265,05-02-2019
CID_4202,Yash,34,Male,Kolkata,Clerk,1810062,28-07-2019
CID_4203,Ari,35,Other,Pune,Driver,1050514,15-10-2021
CID_4204,Arjun,55,Male,Pune,Designer,758202,05-02-2024
CID_4205,Rohan,63,Male,Delhi,Designer,1661753,02-03-2020
CID_4206,Ankit,63,Male,Mumbai,Software Developer,524129,28-09-2021
CID_4207,Yash,66,Male,Noida,Business Owner,1149822,12-09-2023
CID_4208,Karan,17,Male,Delhi,Intern,62210,06-09-2022
CID_4209,Ishaan,28,Male,Noida,Business Owner,1499110,07-03-2023
CID_4210,Amit,50,Male,Noida,Clerk,557207,04-11-2020
CID_4211,Priya,54,Female,Kolkata,Sales Executive,640563,18-03-2022
CID_4212,Kavya,11,Female,Aligarh,Student,,20-10-2021
CID_4213,Amit,36,Male,Pune,Manager,1079413,10-10-2023
CID_4214,Aditya,27,Male,Chennai,Driver,533711,14-01-2018
CID_4215,Amit,52,Male,Delhi,Software Developer,1356165,24-01-2025
CID_4216,Riya,54,Female,Noida,Consultant,1560055,12-02-2020
CID_4217,Yash,19,Male,Kolkata,Intern,82354,07-11-2025
CID_4218,Deepak,38,Male,Delhi,Business Owner,1004728,18-12-2020
CID_4219,Deepak,5,Male,Delhi,Student,,01-06-2019
CID_4220,Rituraj,48,Male,Pune,Consultant,1882371,28-04-2018
CID_4221,Shreya,21,Female,Delhi,Office Intern,159132,17-10-2018
CID_4222,Karan,47,Male,Mumbai,Driver,668099,07-06-2025
CID_4223,Dee,25,Other,Pune,Manager,931586,07-11-2020
CID_4224,Arjun,58,Male,Pune,Accountant,684526,21-03-2018
CID_4225,Amit,25,Male,Delhi,Sales Executive,1500712,08-12-2018
CID_4226,Aadhya,28,Female,Delhi,Business Owner,1870492,17-07-2020
CID_4227,Rin,55,Other,Mumbai,Engineer,1523219,12-06-2023
CID_4228,Rakesh,54,Male,Chennai,Manager,1282745,21-01-2021
CID_4229,Diya,57,Female,Delhi,Consultant,1579836,22-02-2024
CID_4230,Pranav,43,Male,Chennai,Designer,388119,27-12-2024
CID_4231,Aadhya,27,Female,Chennai,Doctor,439843,30-01-2022
CID_4232,Vivaan,35,Male,Delhi,Clerk,964169,18-05-2021
CID_4233,Aditya,59,Male,Pune,Clerk,475168,05-06-2024
CID_4234,Vikas,16,Male,Aligarh,Student,168203,22-10-2023
CID_4235,Deepak,9,Male,Chennai,Student,,08-10-2021
CID_4236,Aditya,53,Male,Aligarh,Software Developer,1685488,18-09-2024
CID_4237,Ananya,37,Female,Chennai,Teacher,1643962,13-04-2018
CID_4238,Tanya,52,Female,Aligarh,Consultant,804336,24-05-2025
CID_4239,Shreya,46,Female,Pune,Software Developer,327190,24-01-2021
CID_4240,Rajat,23,Male,Noida,Designer,380238,11-10-2018
CID_4241,Ankit,7,Male,Pune,Student,,12-03-2020
CID_4242,Vivaan,13,Male,Aligarh,Student,,08-10-2021
CID_4243,Pranav,17,Male,Mumbai,Part-time Tutor,58765,06-06-2025
CID_4244,Karan,51,Male,Pune,Business Owner,516603,05-02-2022
CID_4245,Saanvi,39,Female,Aligarh,Sales Executive,677088,14-12-2021
CID_4246,Priya,23,Female,Pune,Marketing Specialist,1622642,03-03-2021
CID_4247,Varun,15,Male,Pune,Student,,06-10-2024
CID_4248,Ari,49,Other,Lucknow,Electrician,436459,18-07-2023
CID_4249,Khushi,31,Female,Mumbai,Consultant,1180080,29-02-2020
CID_4250,Aman,51,Male,Aligarh,Marketing Specialist,1607954,23-01-2025
CID_4251,Neha,63,Female,Mumbai,Driver,686211,16-10-2022
CID_4252,Rakesh,57,Male,Delhi,Manager,1992819,02-07-2021
CID_4253,Karan,53,Male,Noida,Clerk,1160352,07-08-2018
CID_4254,Arjun,48,Male,Kolkata,Teacher,910375,01-04-2020
CID_4255,Ishita,24,Female,Noida,Electrician,1416886,06-10-2019
CID_4256,Vikas,10,Male,Lucknow,Student,,26-04-2024
CID_4257,Aman,61,Male,Mumbai,Software Developer,1471924,17-07-2024
CID_4258,Ritu,57,Female,Aligarh,Electrician,836573,24-02-2022
CID_4259,Gaurav,72,Male,Mumbai,Consultant,1255626,22-11-2023
CID_4260,Diya,74,Female,Noida,Designer,1417774,25-04-2024
CID_4261,Aman,22,Male,Chennai,Sales Executive,1439467,01-03-2021
CID_4262,Harsh,34,Male,Mumbai,Manager,1428108,20-08-2022
CID_4263,Sanjay,14,Male,Lucknow,Student,,07-10-2023
CID_4264,Vivaan,48,Male,Aligarh,Software Developer,1783140,09-09-2024
CID_4265,Rohan,60,Male,Kolkata,Business Owner,1958203,26-07-2025
CID_4266,Taylor,30,Other,Lucknow,Marketing Specialist,519158,17-03-2021
CID_4267,Yash,52,Male,Mumbai,Driver,334409,04-02-2024
CID_4268,Taylor,72,Other,Kolkata,Clerk,1358784,24-03-2023
CID_4269,Alex,23,Other,Pune,Clerk,1726611,12-01-2024
CID_4270,Preeti,58,Female,Mumbai,Clerk,631980,30-08-2023
CID_4271,Komal,75,Female,Noida,Mechanic,651939,25-09-2022
CID_4272,Aditya,37,Male,Chennai,Clerk,452985,08-11-2018
CID_4273,Kiran,19,Other,Noida,Student,166694,25-03-2018
CID_4274,Ananya,58,Female,Chennai,Clerk,1294534,04-01-2021
CID_4275,Rituraj,72,Male,Delhi,Clerk,1189596,03-09-2021
CID_4276,Nisha,70,Female,Aligarh,Clerk,1589835,21-12-2021
CID_4277,Pranav,26,Male,Noida,Teacher,1885591,14-10-2021
CID_4278,Diya,8,Female,Aligarh,Student,,14-10-2020
CID_4279,Dee,7,Other,Delhi,Student,,25-04-2022
CID_4280,Aadhya,37,Female,Kolkata,Accountant,1646710,19-04-2019
CID_4281,Yash,39,Male,Kolkata,Marketing Specialist,586041,16-03-2021
CID_4282,Atharv,42,Male,Aligarh,Engineer,1742783,22-08-2019
CID_4283,Siddharth,29,Male,Lucknow,Marketing Specialist,1299656,07-02-2019
CID_4284,Aditya,38,Male,Noida,Business Owner,1278963,11-06-2024
CID_4285,Rituraj,62,Male,Noida,Business Owner,295655,25-08-2023
CID_4286,Karan,32,Male,Aligarh,Sales Executive,1337567,22-06-2023
CID_4287,Rin,29,Other,Kolkata,Doctor,1489438,19-04-2022
CID_4288,Ritu,12,Female,Chennai,Student,,24-07-2019
CID_4289,Varun,37,Male,Kolkata,Consultant,527747,24-04-2018
CID_4290,Sam,53,Other,Pune,Engineer,1984581,04-02-2024
CID_4291,Arjun,73,Male,Chennai,Sales Executive,1190990,11-11-2024
CID_4292,Tarun,47,Male,Chennai,Electrician,1627810,09-10-2025
CID_4293,Sanjay,13,Male,Lucknow,Student,,24-12-2025
CID_4294,Pooja,8,Female,Chennai,Student,,29-12-2019
CID_4295,Aarav,17,Male,Lucknow,Call Center Trainee,86661,04-07-2018
CID_4296,Divya,14,Female,Noida,Student,,18-06-2021
CID_4297,Jordan,55,Other,Lucknow,Manager,1084184,04-04-2023
CID_4298,Manish,52,Male,Mumbai,Accountant,1661064,04-04-2022
CID_4299,Sanjay,68,Male,Mumbai,Electrician,283468,06-12-2024
CID_4300,Ishaan,63,Male,Delhi,Sales Executive,1891775,06-05-2018
CID_4301,Siddharth,22,Male,Chennai,Mechanic,1158194,10-08-2020
CID_4302,Amit,29,Male,Chennai,Engineer,340579,01-03-2018
CID_4303,Vivaan,42,Male,Mumbai,Driver,1284311,06-10-2018
CID_4304,Krishna,23,Male,Noida,Mechanic,1638428,22-02-2020
CID_4305,Ankit,37,Male,Pune,Mechanic,1486129,19-02-2022
CID_4306,Khushi,48,Female,Pune,Accountant,1791742,29-10-2021
CID_4307,Sanjay,28,Male,Chennai,Accountant,794705,12-10-2025
CID_4308,Ari,5,Other,Pune,Student,,15-03-2022
CID_4309,Varun,24,Male,Pune,Sales Executive,1723331,08-06-2019
CID_4310,Rohan,23,Male,Delhi,Accountant,489055,04-01-2025
CID_4311,Deepak,43,Male,Kolkata,Clerk,1208775,29-07-2024
CID_4312,Siddharth,71,Male,Noida,Consultant,863040,01-07-2021
CID_4313,Amit,56,Male,Aligarh,Mechanic,667412,25-03-2020
CID_4314,Rituraj,75,Male,Delhi,Software Developer,1523223,28-03-2019
CID_4315,Varun,10,Male,Pune,Student,,22-07-2019
CID_4316,Vivaan,58,Male,Delhi,Doctor,231479,17-05-2024
CID_4317,Rituraj,29,Male,Lucknow,Engineer,1491213,17-06-2019
CID_4318,Krishna,22,Male,Delhi,Driver,763646,22-07-2025
CID_4319,Rohan,68,Male,Pune,Sales Executive,1949538,15-08-2019
CID_4320,Aditya,52,Male,Noida,Engineer,1938421,14-06-2023
CID_4321,Aarti,47,Female,Mumbai,Engineer,1915647,22-02-2021
CID_4322,Amit,51,Male,Chennai,Software Developer,1673466,28-04-2018
CID_4323,Pallavi,65,Female,Delhi,Software Developer,629838,02-03-2020
CID_4324,Kiran,38,Other,Aligarh,Mechanic,947040,22-01-2023
CID_4325,Taylor,19,Other,Delhi,Part-time Tutor,153932,13-02-2020
CID_4326,Jai,12,Other,Aligarh,Student,,19-07-2019
CID_4327,Atharv,21,Male,Aligarh,Part-time Tutor,139688,24-08-2023
CID_4328,Alex,40,Other,Pune,Designer,1282095,26-03-2019
CID_4329,Aarav,50,Male,Pune,Marketing Specialist,1497382,07-05-2024
CID_4330,Jai,56,Other,Aligarh,Engineer,1026339,25-12-2023
CID_4331,Ananya,18,Female,Chennai,Call Center Trainee,193547,02-11-2021
CID_4332,Siddharth,75,Male,Pune,Sales Executive,1469684,12-03-2019
CID_4333,Tarun,41,Male,Chennai,Clerk,1441210,26-01-2023
CID_4334,Alex,41,Other,Pune,Engineer,1326397,25-04-2024
CID_4335,Ritu,7,Female,Kolkata,Student,,15-05-2018
CID_4336,Taylor,41,Other,Kolkata,Driver,492066,25-08-2021
CID_4337,Siddharth,46,Male,Chennai,Sales Executive,613106,18-02-2022
CID_4338,Rahul,11,Male,Noida,Student,,20-10-2020
CID_4339,Atharv,5,Male,Chennai,Student,,02-09-2020
CID_4340,Divya,12,Female,Kolkata,Student,,15-07-2025
CID_4341,Arjun,47,Male,Delhi,Software Developer,1142993,21-04-2024
CID_4342,Aarav,55,Male,Chennai,Marketing Specialist,1393350,11-07-2024
CID_4343,Simran,69,Female,Aligarh,Driver,1497117,26-02-2020
CID_4344,Pranav,8,Male,Mumbai,Student,,10-11-2021
CID_4345,Harsh,48,Male,Mumbai,Designer,1941717,19-06-2025
CID_4346,Pooja,67,Female,Lucknow,Doctor,1049449,14-04-2024
CID_4347,Ishita,36,Female,Delhi,Marketing Specialist,1608416,22-02-2025
CID_4348,Karan,13,Male,Pune,Student,,12-05-2024
CID_4349,Siddharth,28,Male,Delhi,Engineer,1584480,10-11-2023
CID_4350,Nikhil,51,Male,Pune,Engineer,377519,01-07-2023
CID_4351,Amit,68,Male,Chennai,Manager,1822158,05-01-2022
CID_4352,Rituraj,57,Male,Noida,Sales Executive,1498554,05-09-2023
CID_4353,Aarti,72,Female,Aligarh,Teacher,1945344,01-01-2022
CID_4354,Payal,48,Female,Noida,Mechanic,641815,23-05-2024
CID_4355,Varun,54,Male,Lucknow,Designer,523235,28-01-2020
CID_4356,Tanya,38,Female,Delhi,Designer,1314927,05-06-2019
CID_4357,Sonali,20,Female,Noida,Call Center Trainee,132470,30-09-2024
CID_4358,Ishaan,39,Male,Pune,Marketing Specialist,877450,08-07-2023
CID_4359,Shaurya,36,Male,Chennai,Designer,1696120,22-03-2020
CID_4360,Yash,71,Male,Pune,Teacher,1449218,17-04-2020
CID_4361,Atharv,9,Male,Noida,Student,,28-03-2018
CID_4362,Aarti,71,Female,Delhi,Clerk,734215,13-09-2024
CID_4363,Alex,65,Other,Aligarh,Accountant,790006,30-07-2019
CID_4364,Muskan,5,Female,Delhi,Student,,29-05-2024
CID_4365,Tarun,67,Male,Lucknow,Consultant,249521,22-11-2019
CID_4366,Jordan,15,Other,Delhi,Student,,19-09-2019
CID_4367,Ishaan,5,Male,Chennai,Student,,01-08-2024
CID_4368,Ari,42,Other,Pune,Consultant,948053,28-05-2019
CID_4369,Tanya,23,Female,Delhi,Driver,1980534,12-03-2022
CID_4370,Kavya,22,Female,Kolkata,Manager,338641,01-06-2024
CID_4371,Amit,35,Male,Mumbai,Accountant,585534,21-03-2025
CID_4372,Vikas,53,Male,Noida,Doctor,379414,20-11-2019
CID_4373,Kabir,48,Male,Delhi,Engineer,1923843,20-07-2024
CID_4374,Rakesh,29,Male,Pune,Consultant,1568221,09-07-2022
CID_4375,Aarav,8,Male,Aligarh,Student,,11-08-2024
CID_4376,Shreya,13,Female,Chennai,Student,,04-12-2020
CID_4377,Yash,47,Male,Chennai,Marketing Specialist,1067365,23-09-2025
CID_4378,Vikas,53,Male,Kolkata,Consultant,302545,28-12-2021
CID_4379,Ishaan,32,Male,Mumbai,Designer,1308926,04-09-2021
CID_4380,Siddharth,58,Male,Delhi,Engineer,676562,25-04-2021
CID_4381,Anjali,49,Female,Noida,Teacher,868951,23-02-2019
CID_4382,Deepak,61,Male,Aligarh,Engineer,505440,18-07-2022
CID_4383,Payal,23,Female,Lucknow,Driver,444231,19-01-2024
CID_4384,Deepak,5,Male,Aligarh,Student,,27-01-2022
CID_4385,Sam,6,Other,Aligarh,Student,,22-11-2019
CID_4386,Arjun,23,Male,Pune,Accountant,1009551,16-10-2020
CID_4387,Gaurav,43,Male,Noida,Driver,1180656,29-12-2020
CID_4388,Sneha,27,Female,Mumbai,Accountant,1416080,28-06-2023
CID_4389,Sanjay,41,Male,Pune,Business Owner,1066636,26-06-2019
CID_4390,Pooja,47,Female,Chennai,Accountant,1058104,23-05-2022
CID_4391,Rohan,43,Male,Aligarh,Engineer,1075592,23-05-2022
CID_4392,Rohan,17,Male,Delhi,Intern,85309,14-09-2025
CID_4393,Yash,19,Male,Aligarh,Delivery Assistant,51845,20-10-2020
CID_4394,Neha,51,Female,Noida,Driver,1837834,14-11-2025
CID_4395,Sneha,69,Female,Lucknow,Marketing Specialist,240895,07-08-2019
CID_4396,Simran,6,Female,Lucknow,Student,,21-01-2025
CID_4397,Krishna,62,Male,Noida,Engineer,1606735,22-04-2020
CID_4398,Deepak,38,Male,Mumbai,Doctor,1793921,04-03-2024
CID_4399,Muskan,52,Female,Aligarh,Doctor,450322,22-08-2025
CID_4400,Ishita,33,Female,Lucknow,Teacher,1410949,29-08-2023
CID_4401,Amit,48,Male,Aligarh,Mechanic,1326891,08-08-2018
CID_4402,Kabir,40,Male,Noida,Driver,1429220,04-02-2019
CID_4403,Nikhil,19,Male,Pune,Office Intern,107212,25-10-2023
CID_4404,Ira,51,Female,Kolkata,Engineer,1588890,14-10-2021
CID_4405,Simran,66,Female,Chennai,Designer,1126529,14-03-2019
CID_4406,Diya,57,Female,Lucknow,Clerk,1940400,03-08-2024
CID_4407,Amit,17,Male,Noida,Intern,59984,28-04-2021
CID_4408,Arjun,14,Male,Chennai,Student,,11-09-2023
CID_4409,Payal,48,Female,Chennai,Electrician,993369,26-01-2018
CID_4410,Harsh,38,Male,Delhi,Accountant,541622,09-11-2020
CID_4411,Priya,38,Female,Mumbai,Clerk,632479,22-04-2024
CID_4412,Arjun,54,Male,Noida,Manager,1780768,14-06-2025
CID_4413,Nisha,71,Female,Pune,Accountant,1168693,17-08-2019
CID_4414,Pranav,7,Male,Aligarh,Student,,10-09-2020
CID_4415,Harsh,20,Male,Chennai,Delivery Assistant,179495,08-04-2025
CID_4416,Sneha,32,Female,Mumbai,Doctor,527163,11-11-2022
CID_4417,Dee,65,Other,Pune,Engineer,1833638,30-05-2021
CID_4418,Ari,13,Other,Kolkata,Student,,08-11-2020
CID_4419,Sanjay,14,Male,Noida,Student,,30-08-2023
CID_4420,Preeti,73,Female,Chennai,Software Developer,1536105,04-06-2025
CID_4421,Dee,6,Other,Chennai,Student,,07-01-2019
CID_4422,Vikas,22,Male,Delhi,Manager,537433,21-03-2021
CID_4423,Arjun,59,Male,Aligarh,Accountant,1738069,29-06-2020
CID_4424,Rakesh,58,Male,Delhi,Designer,1519797,13-01-2025
CID_4425,Divya,55,Female,Lucknow,Engineer,490289,20-05-2025
CID_4426,Rin,9,Other,Pune,Student,,01-11-2019
CID_4427,Jordan,8,Other,Chennai,Student,,31-03-2024
CID_4428,Rakesh,44,Male,Delhi,Driver,701378,25-09-2018
CID_4429,Pooja,73,Female,Noida,Consultant,1678845,26-02-2024
CID_4430,Tarun,41,Male,Delhi,Teacher,1419839,24-05-2022
CID_4431,Preeti,44,Female,Chennai,Designer,637807,17-09-2024
CID_4432,Amit,14,Male,Mumbai,Student,,13-05-2020
CID_4433,Aadhya,52,Female,Delhi,Consultant,963515,21-09-2025
CID_4434,Aarav,24,Male,Chennai,Business Owner,1023026,03-08-2022
CID_4435,Meera,37,Female,Lucknow,Consultant,476052,17-05-2025
CID_4436,Harsh,24,Male,Mumbai,Electrician,803583,07-10-2020
CID_4437,Ankit,65,Male,Aligarh,Teacher,351042,01-02-2024
CID_4438,Rituraj,30,Male,Lucknow,Teacher,1878345,08-04-2019
CID_4439,Pooja,56,Female,Pune,Manager,473853,20-02-2020
CID_4440,Ishaan,68,Male,Chennai,Electrician,782034,15-11-2020
CID_4441,Sneha,17,Female,Kolkata,Part-time Tutor,73802,02-09-2020
CID_4442,Nikhil,8,Male,Noida,Student,,07-07-2024
CID_4443,Dee,16,Other,Lucknow,Office Intern,80988,14-05-2023
CID_4444,Rahul,10,Male,Pune,Student,,11-04-2024
CID_4445,Rohan,7,Male,Delhi,Student,,27-12-2024
CID_4446,Payal,18,Female,Chennai,Intern,119194,25-11-2024
CID_4447,Adi,38,Other,Lucknow,Driver,253858,21-02-2019
CID_4448,Khushi,67,Female,Aligarh,Manager,1292152,22-02-2019
CID_4449,Adi,32,Other,Pune,Engineer,1233627,26-04-2022
CID_4450,Priya,24,Female,Aligarh,Driver,1982034,05-04-2019
CID_4451,Priya,31,Female,Noida,Driver,1861984,12-12-2019
CID_4452,Rahul,42,Male,Chennai,Marketing Specialist,1198861,23-11-2022
CID_4453,Rituraj,49,Male,Pune,Teacher,815498,05-05-2024
CID_4454,Ishaan,74,Male,Noida,Marketing Specialist,1551982,02-10-2018
CID_4455,Muskan,30,Female,Noida,Designer,1420894,26-11-2020
CID_4456,Ishita,27,Female,Lucknow,Designer,503579,30-05-2025
CID_4457,Vikas,36,Male,Aligarh,Accountant,1639547,28-01-2018
CID_4458,Ira,30,Female,Lucknow,Consultant,1967558,14-08-2019
CID_4459,Aditya,24,Male,Lucknow,Accountant,748529,11-10-2020
CID_4460,Deepak,5,Male,Lucknow,Student,,10-10-2023
CID_4461,Saanvi,27,Female,Pune,Business Owner,1684509,17-01-2025
CID_4462,Sanjay,23,Male,Mumbai,Mechanic,1156043,22-10-2023
CID_4463,Rahul,12,Male,Delhi,Student,,11-10-2023
CID_4464,Vikas,74,Male,Lucknow,Clerk,1677661,07-02-2018
CID_4465,Krishna,37,Male,Mumbai,Consultant,1080787,24-01-2023
CID_4466,Yash,48,Male,Mumbai,Consultant,276661,13-08-2024
CID_4467,Ankit,41,Male,Pune,Mechanic,1946319,12-02-2022
CID_4468,Shreya,16,Female,Kolkata,Shop Assistant,143368,14-03-2023
CID_4469,Varun,19,Male,Noida,Student,121984,23-12-2025
CID_4470,Harsh,25,Male,Mumbai,Clerk,422388,26-04-2018
CID_4471,Divya,75,Female,Delhi,Clerk,1515950,01-07-2025
CID_4472,Gaurav,45,Male,Pune,Doctor,278797,02-10-2024
CID_4473,Siddharth,29,Male,Chennai,Teacher,1523757,13-04-2021
CID_4474,Vikas,52,Male,Lucknow,Accountant,1726937,05-10-2022
CID_4475,Pallavi,47,Female,Delhi,Electrician,593119,12-10-2021
CID_4476,Khushi,40,Female,Kolkata,Manager,1634611,10-12-2025
CID_4477,Vivaan,45,Male,Pune,Mechanic,1570885,10-12-2025
CID_4478,Taylor,47,Other,Aligarh,Business Owner,1610991,03-12-2022
CID_4479,Sam,62,Other,Noida,Teacher,329704,14-10-2020
CID_4480,Rajat,55,Male,Pune,Doctor,318083,12-01-2022
CID_4481,Nikhil,42,Male,Chennai,Marketing Specialist,1843778,22-08-2018
CID_4482,Simran,6,Female,Lucknow,Student,,01-08-2019
CID_4483,Deepak,30,Male,Mumbai,Business Owner,1086542,19-04-2023
CID_4484,Kiran,17,Other,Pune,Student,192853,19-06-2022
CID_4485,Vivaan,7,Male,Pune,Student,,06-11-2023
CID_4486,Tarun,8,Male,Delhi,Student,,07-04-2022
CID_4487,Komal,32,Female,Aligarh,Doctor,662910,22-12-2025
CID_4488,Ishaan,52,Male,Kolkata,Doctor,260307,14-09-2024
CID_4489,Varun,27,Male,Noida,Accountant,1880125,22-03-2025
CID_4490,Rin,58,Other,Aligarh,Sales Executive,887419,20-02-2025
CID_4491,Rohan,17,Male,Kolkata,Part-time Tutor,109163,06-06-2025
CID_4492,Priya,53,Female,Kolkata,Software Developer,806199,28-07-2022
CID_4493,Rakesh,52,Male,Lucknow,Designer,1497244,24-04-2021
CID_4494,Neha,21,Female,Aligarh,Intern,145432,07-09-2019
CID_4495,Ankit,75,Male,Pune,Manager,807980,16-11-2020
CID_4496,Vikas,31,Male,Pune,Manager,923885,17-12-2018
CID_4497,Nikhil,50,Male,Chennai,Software Developer,1659510,05-12-2023
CID_4498,Vikas,55,Male,Delhi,Doctor,1575465,22-05-2025
CID_4499,Arjun,23,Male,Kolkata,Consultant,1497896,07-12-2020
CID_4500,Rahul,59,Male,Mumbai,Manager,287074,08-07-2025
CID_4501,Rajat,74,Male,Lucknow,Driver,358302,09-07-2021
CID_4502,Aman,28,Male,Aligarh,Driver,247071,14-01-2020
CID_4503,Alex,9,Other,Mumbai,Student,,29-10-2018
CID_4504,Gaurav,12,Male,Chennai,Student,,21-12-2022
CID_4505,Karan,26,Male,Delhi,Marketing Specialist,852214,05-06-2020
CID_4506,Gaurav,67,Male,Mumbai,Electrician,1961806,29-11-2019
CID_4507,Dee,39,Other,Pune,Sales Executive,917986,16-06-2020
CID_4508,Atharv,45,Male,Noida,Designer,1604109,19-12-2021
CID_4509,Tarun,23,Male,Delhi,Clerk,357467,10-10-2023
CID_4510,Ishaan,8,Male,Lucknow,Student,,18-07-2024
CID_4511,Vikas,56,Male,Kolkata,Teacher,897099,12-04-2022
CID_4512,Rahul,63,Male,Aligarh,Driver,1473865,21-12-2019
CID_4513,Vikas,34,Male,Aligarh,Electrician,1701146,07-01-2022
CID_4514,Jordan,61,Other,Delhi,Engineer,1761403,05-04-2022
CID_4515,Pranav,73,Male,Mumbai,Sales Executive,1329062,14-01-2022
CID_4516,Atharv,10,Male,Mumbai,Student,,04-03-2024
CID_4517,Tanya,58,Female,Aligarh,Mechanic,1288851,16-01-2025
CID_4518,Aarav,73,Male,Mumbai,Marketing Specialist,1338091,14-01-2024
CID_4519,Varun,25,Male,Lucknow,Engineer,1289519,04-08-2023
CID_4520,Krishna,6,Male,Mumbai,Student,,13-06-2020
CID_4521,Yash,27,Male,Mumbai,Designer,421838,06-11-2024
CID_4522,Karan,34,Male,Mumbai,Consultant,1386363,14-02-2025
CID_4523,Kabir,69,Male,Lucknow,Manager,493357,14-10-2018
CID_4524,Krishna,66,Male,Kolkata,Designer,1179384,14-10-2019
CID_4525,Khushi,24,Female,Kolkata,Business Owner,1972180,28-06-2020
CID_4526,Taylor,32,Other,Lucknow,Teacher,858541,31-07-2021
CID_4527,Saanvi,30,Female,Delhi,Mechanic,1022546,21-12-2021
CID_4528,Varun,17,Male,Delhi,Shop Assistant,197454,16-07-2023
CID_4529,Ankit,67,Male,Aligarh,Engineer,1982944,29-10-2024
CID_4530,Kabir,35,Male,Kolkata,Manager,1358031,08-09-2022
CID_4531,Harsh,69,Male,Noida,Accountant,699915,28-01-2020
CID_4532,Ishita,42,Female,Aligarh,Software Developer,1249599,09-01-2018
CID_4533,Simran,10,Female,Mumbai,Student,,12-05-2019
CID_4534,Rahul,45,Male,Noida,Sales Executive,251905,19-11-2023
CID_4535,Payal,20,Female,Chennai,Call Center Trainee,155795,15-03-2021
CID_4536,Amit,57,Male,Lucknow,Teacher,295932,27-07-2023
CID_4537,Simran,42,Female,Noida,Mechanic,229140,04-02-2020
CID_4538,Pranav,16,Male,Noida,Student,123759,21-02-2021
CID_4539,Ari,23,Other,Aligarh,Teacher,1845224,24-09-2023
CID_4540,Jai,14,Other,Mumbai,Student,,31-12-2022
CID_4541,Divya,68,Female,Mumbai,Consultant,354503,18-09-2019
CID_4542,Ishaan,23,Male,Noida,Manager,892510,20-08-2020
CID_4543,Kabir,59,Male,Kolkata,Designer,1875663,16-02-2024
CID_4544,Manish,24,Male,Kolkata,Manager,1266134,29-08-2023
CID_4545,Pooja,63,Female,Kolkata,Electrician,1419039,15-09-2023
CID_4546,Adi,22,Other,Pune,Teacher,911677,04-09-2021
CID_4547,Arjun,49,Male,Pune,Engineer,1441742,19-07-2024
CID_4548,Pallavi,13,Female,Mumbai,Student,,13-06-2022
CID_4549,Varun,19,Male,Pune,Part-time Tutor,89705,03-11-2025
CID_4550,Rohan,43,Male,Kolkata,Manager,575662,11-10-2025
CID_4551,Preeti,28,Female,Pune,Software Developer,1805623,26-02-2023
CID_4552,Taylor,63,Other,Noida,Engineer,1890999,03-10-2021
CID_4553,Ishita,67,Female,Noida,Mechanic,777257,29-09-2025
CID_4554,Tarun,23,Male,Noida,Sales Executive,1774753,06-01-2024
CID_4555,Vivaan,65,Male,Noida,Mechanic,1804492,12-09-2025
CID_4556,Neha,37,Female,Aligarh,Consultant,804160,27-02-2022
CID_4557,Pranav,6,Male,Lucknow,Student,,20-11-2020
CID_4558,Priya,56,Female,Delhi,Doctor,1798074,14-01-2024
CID_4559,Arjun,18,Male,Kolkata,Office Intern,78840,27-06-2022
CID_4560,Sam,42,Other,Lucknow,Driver,873933,01-04-2019
CID_4561,Pranav,27,Male,Aligarh,Doctor,1194912,19-09-2023
CID_4562,Harsh,56,Male,Mumbai,Consultant,1933818,21-06-2022
CID_4563,Gaurav,13,Male,Aligarh,Student,,25-02-2022
CID_4564,Anjali,24,Female,Noida,Accountant,719712,19-06-2022
CID_4565,Jai,12,Other,Chennai,Student,,24-10-2023
CID_4566,Rakesh,30,Male,Noida,Designer,1462922,15-11-2021
CID_4567,Sneha,46,Female,Pune,Software Developer,222518,31-05-2021
CID_4568,Khushi,44,Female,Kolkata,Mechanic,640257,17-04-2018
CID_4569,Aman,21,Male,Kolkata,Part-time Tutor,138472,13-05-2019
CID_4570,Shreya,34,Female,Lucknow,Software Developer,233108,24-06-2022
CID_4571,Ankit,20,Male,Chennai,Office Intern,123367,12-03-2020
CID_4572,Aman,71,Male,Noida,Marketing Specialist,1711832,24-05-2020
CID_4573,Arjun,16,Male,Delhi,Part-time Tutor,182050,08-11-2024
CID_4574,Rituraj,6,Male,Aligarh,Student,,26-10-2025
CID_4575,Khushi,43,Female,Aligarh,Software Developer,1402028,05-04-2023
CID_4576,Tanya,69,Female,Kolkata,Teacher,1110259,27-07-2020
CID_4577,Gaurav,19,Male,Mumbai,Intern,193962,06-08-2021
CID_4578,Amit,34,Male,Pune,Business Owner,1035881,08-12-2020
CID_4579,Rituraj,22,Male,Delhi,Sales Executive,1763146,02-11-2018
CID_4580,Tarun,50,Male,Delhi,Manager,1913320,24-05-2021
CID_4581,Harsh,16,Male,Mumbai,Call Center Trainee,128919,27-05-2019
CID_4582,Ankit,25,Male,Delhi,Consultant,987091,24-01-2020
CID_4583,Deepak,45,Male,Kolkata,Designer,1516512,01-12-2025
CID_4584,Payal,53,Female,Mumbai,Doctor,814049,29-05-2021
CID_4585,Aman,64,Male,Noida,Manager,288132,11-05-2025
CID_4586,Aadhya,53,Female,Aligarh,Clerk,679255,07-11-2025
CID_4587,Kabir,21,Male,Kolkata,Call Center Trainee,151198,05-09-2023
CID_4588,Kavya,10,Female,Noida,Student,,11-10-2023
CID_4589,Vikas,70,Male,Kolkata,Driver,637740,29-12-2023
CID_4590,Riya,33,Female,Delhi,Consultant,1678759,24-10-2021
CID_4591,Kiran,14,Other,Noida,Student,,15-04-2025
CID_4592,Ananya,13,Female,Aligarh,Student,,12-10-2020
CID_4593,Aman,18,Male,Lucknow,Office Intern,193118,23-02-2023
CID_4594,Vivaan,24,Male,Mumbai,Driver,1037594,22-07-2025
CID_4595,Manish,28,Male,Aligarh,Doctor,1283286,21-12-2022
CID_4596,Manish,10,Male,Chennai,Student,,18-11-2024
CID_4597,Arjun,46,Male,Delhi,Sales Executive,1655351,27-04-2025
CID_4598,Manish,48,Male,Delhi,Clerk,1338426,23-10-2025
CID_4599,Sneha,72,Female,Lucknow,Consultant,1707649,12-11-2024
CID_4600,Aarti,8,Female,Chennai,Student,,02-02-2025
CID_4601,Pranav,15,Male,Aligarh,Student,,11-05-2019
CID_4602,Aarti,67,Female,Lucknow,Driver,852297,16-10-2023
CID_4603,Atharv,50,Male,Kolkata,Manager,992228,18-06-2025
CID_4604,Sam,50,Other,Chennai,Software Developer,1620538,23-07-2018
CID_4605,Aarav,58,Male,Mumbai,Mechanic,1875815,30-09-2018
CID_4606,Pranav,31,Male,Aligarh,Manager,928028,23-10-2018
CID_4607,Priya,61,Female,Lucknow,Designer,396566,12-02-2024
CID_4608,Siddharth,72,Male,Lucknow,Teacher,667830,18-12-2024
CID_4609,Riya,29,Female,Lucknow,Clerk,1207521,20-01-2023
CID_4610,Jai,30,Other,Kolkata,Clerk,978605,23-04-2020
CID_4611,Gaurav,73,Male,Chennai,Consultant,654324,04-01-2025
CID_4612,Taylor,74,Other,Kolkata,Software Developer,1747683,14-06-2019
CID_4613,Sam,8,Other,Mumbai,Student,,06-01-2021
CID_4614,Amit,61,Male,Chennai,Designer,1814378,01-05-2023
CID_4615,Kabir,32,Male,Lucknow,Consultant,1605577,19-02-2020
CID_4616,Gaurav,44,Male,Chennai,Doctor,1469834,27-02-2025
CID_4617,Neha,45,Female,Lucknow,Manager,1222012,08-06-2025
CID_4618,Alex,51,Other,Lucknow,Clerk,1636604,07-07-2021
CID_4619,Shaurya,19,Male,Chennai,Part-time Tutor,83643,26-11-2021
CID_4620,Adi,37,Other,Mumbai,Business Owner,244129,26-12-2024
CID_4621,Sanjay,30,Male,Aligarh,Clerk,1840477,03-12-2020
CID_4622,Muskan,17,Female,Kolkata,Delivery Assistant,150691,29-11-2024
CID_4623,Ankit,15,Male,Chennai,Student,,14-06-2018
CID_4624,Payal,18,Female,Lucknow,Intern,111739,29-07-2019
CID_4625,Neha,47,Female,Noida,Mechanic,1089465,27-09-2022
CID_4626,Taylor,9,Other,Aligarh,Student,,30-01-2023
CID_4627,Rituraj,72,Male,Noida,Sales Executive,717720,11-12-2020
CID_4628,Ari,62,Other,Aligarh,Accountant,1370344,27-02-2021
CID_4629,Taylor,36,Other,Delhi,Manager,1357296,20-04-2020
CID_4630,Taylor,73,Other,Mumbai,Mechanic,722894,15-11-2020
CID_4631,Dee,58,Other,Pune,Clerk,345386,25-10-2025
CID_4632,Gaurav,24,Male,Noida,Marketing Specialist,1786706,17-03-2024
CID_4633,Kabir,27,Male,Noida,Driver,1868826,05-07-2021
CID_4634,Saanvi,57,Female,Pune,Mechanic,1338408,20-09-2022
CID_4635,Rohan,22,Male,Noida,Doctor,1258724,12-09-2025
CID_4636,Kavya,66,Female,Lucknow,Driver,1990783,16-12-2019
CID_4637,Sanjay,56,Male,Noida,Software Developer,397061,03-04-2024
CID_4638,Aditya,20,Male,Pune,Call Center Trainee,76089,11-02-2018
CID_4639,Aman,65,Male,Noida,Electrician,877428,29-02-2020
CID_4640,Tarun,28,Male,Lucknow,Engineer,801120,11-06-2018
CID_4641,Rajat,61,Male,Chennai,Mechanic,1507267,03-12-2022
CID_4642,Simran,28,Female,Delhi,Consultant,1468682,07-12-2022
CID_4643,Ankit,33,Male,Chennai,Electrician,565039,16-11-2018
CID_4644,Rituraj,10,Male,Aligarh,Student,,26-02-2025
CID_4645,Rajat,35,Male,Kolkata,Clerk,1167816,09-08-2024
CID_4646,Ari,47,Other,Aligarh,Designer,429267,09-07-2020
CID_4647,Harsh,51,Male,Delhi,Engineer,626168,11-07-2021
CID_4648,Nikhil,75,Male,Pune,Marketing Specialist,616988,01-09-2025
CID_4649,Rashmi,21,Female,Lucknow,Intern,179778,31-10-2019
CID_4650,Saanvi,42,Female,Mumbai,Electrician,1778436,30-11-2025
CID_4651,Sneha,24,Female,Mumbai,Software Developer,660245,27-09-2020
CID_4652,Kabir,53,Male,Kolkata,Driver,958516,01-02-2021
CID_4653,Ishaan,56,Male,Aligarh,Engineer,749263,15-07-2019
CID_4654,Manish,35,Male,Kolkata,Clerk,1624538,26-03-2018
CID_4655,Muskan,47,Female,Pune,Teacher,841353,31-01-2024
CID_4656,Arjun,43,Male,Mumbai,Manager,1233862,15-04-2018
CID_4657,Shaurya,67,Male,Lucknow,Mechanic,1378847,09-04-2024
CID_4658,Vikas,74,Male,Lucknow,Designer,782323,20-08-2018
CID_4659,Saanvi,42,Female,Kolkata,Clerk,638839,16-08-2018
CID_4660,Alex,42,Other,Delhi,Teacher,776384,09-05-2021
CID_4661,Sam,69,Other,Chennai,Designer,379532,25-10-2023
CID_4662,Aarav,63,Male,Aligarh,Doctor,377403,10-09-2021
CID_4663,Nikhil,9,Male,Mumbai,Student,,04-12-2024
CID_4664,Harsh,54,Male,Pune,Consultant,660705,02-09-2022
CID_4665,Simran,32,Female,Noida,Teacher,1432463,23-10-2025
CID_4666,Rohan,45,Male,Aligarh,Business Owner,1402531,29-01-2019
CID_4667,Ira,29,Female,Pune,Accountant,1853273,18-11-2022
CID_4668,Nikhil,35,Male,Kolkata,Teacher,817205,09-07-2025
CID_4669,Vivaan,42,Male,Lucknow,Doctor,1152227,30-10-2019
CID_4670,Yash,48,Male,Chennai,Sales Executive,702093,03-10-2023
CID_4671,Ishita,19,Female,Lucknow,Intern,61228,18-11-2023
CID_4672,Varun,65,Male,Chennai,Software Developer,1882629,29-06-2024
CID_4673,Shreya,8,Female,Pune,Student,,08-12-2021
CID_4674,Tanya,36,Female,Noida,Accountant,1129111,04-02-2021
CID_4675,Alex,49,Other,Kolkata,Manager,430582,20-08-2024
CID_4676,Sonali,73,Female,Chennai,Sales Executive,1983306,18-06-2023
CID_4677,Vivaan,15,Male,Chennai,Student,,20-01-2022
CID_4678,Siddharth,61,Male,Delhi,Sales Executive,1274202,18-11-2018
CID_4679,Swati,47,Female,Delhi,Business Owner,923856,21-01-2023
CID_4680,Alex,65,Other,Mumbai,Consultant,1523370,15-01-2023
CID_4681,Nikhil,74,Male,Kolkata,Teacher,1016806,02-11-2023
CID_4682,Pallavi,71,Female,Pune,Driver,251640,28-08-2018
CID_4683,Manish,23,Male,Kolkata,Teacher,1422400,14-02-2023
CID_4684,Priya,21,Female,Delhi,Student,140039,04-12-2021
CID_4685,Vivaan,6,Male,Pune,Student,,15-04-2019
CID_4686,Rohan,38,Male,Delhi,Engineer,1495426,31-01-2018
CID_4687,Sneha,26,Female,Aligarh,Consultant,1849401,25-01-2018
CID_4688,Shreya,66,Female,Lucknow,Teacher,348435,09-06-2023
CID_4689,Ishaan,37,Male,Chennai,Clerk,1131354,13-01-2018
CID_4690,Muskan,42,Female,Delhi,Accountant,384223,15-07-2018
CID_4691,Ishaan,42,Male,Mumbai,Engineer,247355,01-09-2019
CID_4692,Ishita,5,Female,Lucknow,Student,,19-11-2022
CID_4693,Jai,64,Other,Pune,Sales Executive,1172512,21-01-2019
CID_4694,Ishaan,29,Male,Pune,Clerk,1283910,27-10-2021
CID_4695,Simran,14,Female,Kolkata,Student,,25-09-2020
CID_4696,Ira,12,Female,Kolkata,Student,,13-04-2021
CID_4697,Aditya,43,Male,Pune,Clerk,663591,18-10-2020
CID_4698,Manish,52,Male,Kolkata,Business Owner,1549756,08-04-2020
CID_4699,Kavya,24,Female,Noida,Engineer,1249233,26-10-2025
CID_4700,Rajat,34,Male,Noida,Marketing Specialist,1853823,25-10-2024
CID_4701,Rituraj,44,Male,Noida,Marketing Specialist,1552573,07-07-2023
CID_4702,Shreya,42,Female,Kolkata,Sales Executive,942238,04-10-2019
CID_4703,Pranav,15,Male,Delhi,Student,,09-05-2018
CID_4704,Yash,71,Male,Kolkata,Clerk,1571948,02-11-2019
CID_4705,Ritu,24,Female,Delhi,Software Developer,1202036,18-08-2019
CID_4706,Sanjay,17,Male,Pune,Intern,61176,12-04-2024
CID_4707,Simran,17,Female,Pune,Intern,84873,08-03-2023
CID_4708,Shaurya,47,Male,Lucknow,Software Developer,1205999,02-12-2020
CID_4709,Ankit,62,Male,Noida,Engineer,1680315,11-01-2023
CID_4710,Rin,20,Other,Chennai,Call Center Trainee,59752,21-12-2018
CID_4711,Amit,61,Male,Chennai,Doctor,295250,08-06-2021
CID_4712,Taylor,44,Other,Mumbai,Software Developer,972100,27-09-2022
CID_4713,Ritu,67,Female,Noida,Manager,530677,24-10-2021
CID_4714,Sonali,5,Female,Pune,Student,,25-05-2018
CID_4715,Pallavi,20,Female,Chennai,Intern,194063,27-05-2020
CID_4716,Manish,23,Male,Mumbai,Marketing Specialist,955026,02-11-2024
CID_4717,Rajat,21,Male,Lucknow,Call Center Trainee,52563,29-07-2025
CID_4718,Sneha,33,Female,Kolkata,Clerk,623570,08-02-2025
CID_4719,Deepak,11,Male,Pune,Student,,05-08-2021
CID_4720,Aarav,43,Male,Chennai,Engineer,383482,26-04-2021
CID_4721,Simran,64,Female,Kolkata,Manager,561680,04-02-2022
CID_4722,Manish,71,Male,Pune,Accountant,1694068,23-11-2024
CID_4723,Shreya,72,Female,Mumbai,Designer,485810,25-01-2019
CID_4724,Nikhil,20,Male,Mumbai,Intern,187076,22-08-2025
CID_4725,Siddharth,71,Male,Noida,Designer,584980,13-12-2019
CID_4726,Sanjay,17,Male,Delhi,Shop Assistant,64324,01-06-2023
CID_4727,Alex,16,Other,Delhi,Shop Assistant,138495,21-03-2023
CID_4728,Jordan,57,Other,Pune,Engineer,1161726,10-11-2024
CID_4729,Dee,33,Other,Kolkata,Engineer,1201072,30-09-2025
CID_4730,Karan,25,Male,Aligarh,Driver,1426142,20-10-2019
CID_4731,Shaurya,37,Male,Aligarh,Sales Executive,1875047,16-06-2024
CID_4732,Ari,44,Other,Noida,Consultant,1258921,24-04-2020
CID_4733,Rashmi,47,Female,Chennai,Software Developer,1909987,27-01-2025
CID_4734,Dee,23,Other,Lucknow,Accountant,1968851,11-10-2020
CID_4735,Rohan,46,Male,Mumbai,Doctor,1727707,23-12-2020
CID_4736,Aman,51,Male,Delhi,Designer,931480,21-09-2023
CID_4737,Khushi,36,Female,Chennai,Driver,1134543,03-11-2022
CID_4738,Pranav,54,Male,Aligarh,Consultant,1765319,18-02-2020
CID_4739,Sonali,31,Female,Delhi,Engineer,1310625,23-06-2021
CID_4740,Vikas,64,Male,Aligarh,Business Owner,1667109,02-04-2025
CID_4741,Payal,10,Female,Lucknow,Student,,28-09-2018
CID_4742,Ankit,75,Male,Noida,Marketing Specialist,1130702,05-04-2018
CID_4743,Adi,6,Other,Aligarh,Student,,01-01-2019
CID_4744,Sonali,53,Female,Lucknow,Accountant,1811980,02-10-2025
CID_4745,Kabir,45,Male,Aligarh,Teacher,211258,27-11-2018
CID_4746,Tarun,63,Male,Chennai,Doctor,539242,13-02-2022
CID_4747,Rakesh,61,Male,Chennai,Consultant,1060107,06-06-2019
CID_4748,Nikhil,24,Male,Aligarh,Manager,309543,21-09-2020
CID_4749,Rajat,10,Male,Mumbai,Student,,24-11-2023
CID_4750,Saanvi,71,Female,Chennai,Doctor,246879,20-07-2020
CID_4751,Rohan,55,Male,Mumbai,Electrician,1199153,29-01-2020
CID_4752,Priya,10,Female,Lucknow,Student,,16-10-2021
CID_4753,Komal,23,Female,Chennai,Doctor,1477763,05-02-2022
CID_4754,Ananya,5,Female,Mumbai,Student,,16-05-2025
CID_4755,Shaurya,66,Male,Chennai,Driver,587668,30-09-2020
CID_4756,Anjali,53,Female,Mumbai,Doctor,1971264,08-05-2022
CID_4757,Taylor,63,Other,Pune,Clerk,957925,12-08-2018
CID_4758,Preeti,7,Female,Aligarh,Student,,10-01-2020
CID_4759,Anjali,70,Female,Pune,Consultant,624815,26-02-2018
CID_4760,Atharv,57,Male,Noida,Accountant,1456995,25-03-2024
CID_4761,Simran,12,Female,Noida,Student,,14-05-2019
CID_4762,Aman,43,Male,Noida,Driver,1671950,29-12-2019
CID_4763,Anjali,40,Female,Noida,Sales Executive,505488,13-04-2018
CID_4764,Divya,72,Female,Kolkata,Teacher,1449631,04-11-2019
CID_4765,Rakesh,18,Male,Lucknow,Call Center Trainee,70384,07-07-2019
CID_4766,Kavya,74,Female,Delhi,Business Owner,1131209,07-06-2020
CID_4767,Pranav,54,Male,Delhi,Doctor,1886403,16-03-2023
CID_4768,Gaurav,36,Male,Delhi,Sales Executive,311148,16-11-2021
CID_4769,Manish,16,Male,Mumbai,Office Intern,55760,10-05-2018
CID_4770,Nikhil,13,Male,Delhi,Student,,28-03-2024
CID_4771,Karan,37,Male,Chennai,Engineer,1126509,23-04-2022
CID_4772,Rakesh,6,Male,Pune,Student,,22-08-2025
CID_4773,Manish,58,Male,Noida,Consultant,1475441,27-02-2019
CID_4774,Anjali,23,Female,Aligarh,Clerk,305494,21-11-2023
CID_4775,Ankit,10,Male,Lucknow,Student,,06-05-2022
CID_4776,Priya,63,Female,Kolkata,Engineer,1175216,31-12-2025
CID_4777,Diya,43,Female,Kolkata,Accountant,1711926,05-07-2018
CID_4778,Aman,33,Male,Noida,Software Developer,1750886,22-11-2018
CID_4779,Neha,34,Female,Pune,Driver,1432623,30-03-2020
CID_4780,Riya,42,Female,Mumbai,Designer,950216,20-05-2018
CID_4781,Sam,55,Other,Delhi,Software Developer,1460489,23-09-2022
CID_4782,Pranav,27,Male,Lucknow,Software Developer,701736,18-05-2021
CID_4783,Aditya,58,Male,Chennai,Accountant,368758,16-07-2024
CID_4784,Rituraj,49,Male,Pune,Designer,410433,26-08-2025
CID_4785,Karan,32,Male,Chennai,Mechanic,276901,15-05-2019
CID_4786,Shaurya,52,Male,Delhi,Engineer,1617303,22-10-2024
CID_4787,Nikhil,65,Male,Aligarh,Business Owner,1154960,28-12-2024
CID_4788,Nikhil,57,Male,Chennai,Clerk,1991106,27-12-2020
CID_4789,Krishna,32,Male,Noida,Electrician,1302242,26-08-2020
CID_4790,Muskan,11,Female,Lucknow,Student,,11-08-2024
CID_4791,Ishita,25,Female,Kolkata,Electrician,757774,22-12-2020
CID_4792,Rin,9,Other,Mumbai,Student,,05-10-2020
CID_4793,Aditya,11,Male,Aligarh,Student,,20-02-2024
CID_4794,Sanjay,11,Male,Noida,Student,,16-02-2022
CID_4795,Nikhil,10,Male,Noida,Student,,09-06-2023
CID_4796,Vikas,71,Male,Kolkata,Doctor,225741,28-07-2023
CID_4797,Rajat,62,Male,Lucknow,Consultant,1689455,23-09-2020
CID_4798,Aditya,35,Male,Aligarh,Electrician,1213915,02-09-2020
CID_4799,Vivaan,54,Male,Lucknow,Consultant,1017701,14-02-2020
CID_4800,Tanya,43,Female,Noida,Driver,1614060,23-08-2021
CID_4801,Ishita,57,Female,Pune,Engineer,1195393,29-08-2023
CID_4802,Tarun,41,Male,Mumbai,Accountant,1283510,18-01-2021
CID_4803,Rashmi,69,Female,Aligarh,Doctor,1532166,12-08-2023
CID_4804,Yash,25,Male,Chennai,Electrician,1797373,30-10-2023
CID_4805,Tarun,51,Male,Kolkata,Consultant,1582120,02-07-2018
CID_4806,Ankit,25,Male,Chennai,Designer,1697275,14-11-2018
CID_4807,Aarav,74,Male,Lucknow,Accountant,305877,22-10-2018
CID_4808,Vikas,46,Male,Lucknow,Engineer,1679650,15-04-2023
CID_4809,Swati,56,Female,Delhi,Electrician,1184744,16-12-2018
CID_4810,Arjun,70,Male,Lucknow,Sales Executive,1646618,15-11-2022
CID_4811,Ankit,59,Male,Lucknow,Mechanic,885636,24-09-2024
CID_4812,Aadhya,34,Female,Aligarh,Doctor,1761904,03-03-2025
CID_4813,Vikas,36,Male,Lucknow,Marketing Specialist,557644,09-06-2021
CID_4814,Ritu,20,Female,Aligarh,Office Intern,151992,22-08-2023
CID_4815,Harsh,30,Male,Chennai,Business Owner,588792,22-09-2025
CID_4816,Kiran,15,Other,Chennai,Student,,23-02-2024
CID_4817,Rituraj,47,Male,Noida,Mechanic,1711844,04-02-2021
CID_4818,Yash,26,Male,Lucknow,Business Owner,925559,04-08-2020
CID_4819,Ari,66,Other,Lucknow,Electrician,1799280,05-01-2023
CID_4820,Tanya,60,Female,Kolkata,Consultant,1392628,26-03-2025
CID_4821,Aarti,21,Female,Lucknow,Call Center Trainee,159363,17-04-2021
CID_4822,Ankit,32,Male,Kolkata,Sales Executive,201643,02-12-2018
CID_4823,Rohan,40,Male,Pune,Engineer,810760,16-03-2024
CID_4824,Preeti,11,Female,Kolkata,Student,,09-03-2025
CID_4825,Jordan,46,Other,Aligarh,Clerk,1102937,05-02-2021
CID_4826,Karan,32,Male,Noida,Manager,1370287,04-07-2019
CID_4827,Ananya,8,Female,Chennai,Student,,11-06-2019
CID_4828,Priya,15,Female,Noida,Student,,27-11-2023
CID_4829,Sonali,25,Female,Delhi,Sales Executive,464914,23-11-2022
CID_4830,Ritu,30,Female,Aligarh,Sales Executive,1905740,22-03-2025
CID_4831,Shreya,36,Female,Chennai,Designer,1054219,28-12-2022
CID_4832,Pranav,12,Male,Aligarh,Student,,05-06-2025
CID_4833,Adi,40,Other,Lucknow,Consultant,1238746,24-01-2020
CID_4834,Sneha,23,Female,Chennai,Sales Executive,1889188,26-08-2024
CID_4835,Taylor,55,Other,Lucknow,Clerk,780215,12-10-2020
CID_4836,Shaurya,75,Male,Aligarh,Sales Executive,1716378,26-11-2019
CID_4837,Krishna,19,Male,Chennai,Delivery Assistant,130935,13-02-2020
CID_4838,Rituraj,68,Male,Mumbai,Sales Executive,224253,23-06-2021
CID_4839,Aditya,64,Male,Kolkata,Marketing Specialist,1961087,29-06-2020
CID_4840,Varun,67,Male,Delhi,Sales Executive,1201424,20-12-2022
CID_4841,Karan,62,Male,Mumbai,Driver,522752,10-09-2024
CID_4842,Arjun,46,Male,Lucknow,Mechanic,1464801,01-10-2025
CID_4843,Nisha,53,Female,Lucknow,Clerk,1383642,23-10-2022
CID_4844,Aman,9,Male,Delhi,Student,,22-08-2018
CID_4845,Adi,50,Other,Delhi,Marketing Specialist,1053686,19-08-2023
CID_4846,Shaurya,63,Male,Delhi,Business Owner,624970,21-02-2020
CID_4847,Nikhil,59,Male,Delhi,Marketing Specialist,848220,26-10-2022
CID_4848,Tanya,18,Female,Chennai,Intern,190666,01-03-2018
CID_4849,Ankit,28,Male,Chennai,Electrician,841284,07-12-2019
CID_4850,Ira,52,Female,Pune,Manager,1427183,18-06-2021
CID_4851,Vikas,72,Male,Delhi,Sales Executive,1159217,17-10-2020
CID_4852,Khushi,74,Female,Chennai,Engineer,1758741,07-05-2022
CID_4853,Simran,61,Female,Noida,Software Developer,766958,04-09-2018
CID_4854,Tanya,24,Female,Chennai,Mechanic,1428183,16-05-2024
CID_4855,Ishaan,51,Male,Noida,Accountant,929623,08-07-2021
CID_4856,Rohan,32,Male,Delhi,Manager,719853,27-09-2021
CID_4857,Tarun,51,Male,Chennai,Engineer,602462,10-03-2022
CID_4858,Neha,12,Female,Lucknow,Student,,01-07-2023
CID_4859,Rin,8,Other,Lucknow,Student,,04-01-2019
CID_4860,Kiran,74,Other,Noida,Sales Executive,1483495,02-06-2021
CID_4861,Siddharth,11,Male,Mumbai,Student,,09-05-2018
CID_4862,Gaurav,27,Male,Mumbai,Mechanic,1906755,15-07-2021
CID_4863,Aditya,13,Male,Chennai,Student,,28-09-2020
CID_4864,Ritu,40,Female,Kolkata,Driver,1461446,09-09-2018
CID_4865,Rahul,21,Male,Lucknow,Office Intern,72843,08-04-2020
CID_4866,Manish,12,Male,Lucknow,Student,,16-03-2023
CID_4867,Priya,24,Female,Pune,Engineer,1513733,28-08-2021
CID_4868,Harsh,72,Male,Mumbai,Consultant,1850903,02-10-2018
CID_4869,Meera,35,Female,Lucknow,Engineer,1687857,11-10-2018
CID_4870,Krishna,15,Male,Aligarh,Student,,13-01-2021
CID_4871,Jordan,56,Other,Chennai,Doctor,456481,28-12-2024
CID_4872,Rahul,18,Male,Kolkata,Office Intern,101262,09-07-2025
CID_4873,Rituraj,54,Male,Lucknow,Designer,1055772,03-10-2019
CID_4874,Aarti,30,Female,Noida,Mechanic,790274,19-11-2024
CID_4875,Vivaan,41,Male,Delhi,Accountant,1740668,27-11-2019
CID_4876,Ishaan,51,Male,Kolkata,Consultant,1788031,08-01-2022
CID_4877,Amit,27,Male,Pune,Clerk,239775,23-03-2018
CID_4878,Rakesh,51,Male,Chennai,Mechanic,986219,28-05-2018
CID_4879,Nikhil,43,Male,Aligarh,Marketing Specialist,657850,12-09-2022
CID_4880,Rohan,61,Male,Lucknow,Electrician,440675,10-05-2025
CID_4881,Siddharth,62,Male,Pune,Clerk,394110,09-06-2018
CID_4882,Alex,57,Other,Kolkata,Marketing Specialist,1173494,25-08-2024
CID_4883,Vivaan,29,Male,Aligarh,Mechanic,1322651,25-06-2019
CID_4884,Krishna,38,Male,Delhi,Designer,758040,15-12-2018
CID_4885,Varun,67,Male,Kolkata,Mechanic,1602237,16-07-2019
CID_4886,Anjali,9,Female,Mumbai,Student,,04-03-2020
CID_4887,Komal,24,Female,Kolkata,Sales Executive,1472738,06-10-2019
CID_4888,Aadhya,10,Female,Kolkata,Student,,13-10-2018
CID_4889,Aditya,54,Male,Chennai,Manager,1760966,01-09-2021
CID_4890,Aarti,66,Female,Kolkata,Clerk,1196617,02-03-2018
CID_4891,Ira,6,Female,Lucknow,Student,,08-07-2021
CID_4892,Kiran,9,Other,Mumbai,Student,,24-09-2021
CID_4893,Arjun,16,Male,Delhi,Office Intern,155542,26-01-2023
CID_4894,Varun,8,Male,Lucknow,Student,,05-09-2024
CID_4895,Khushi,26,Female,Delhi,Doctor,351088,20-02-2023
CID_4896,Ananya,59,Female,Mumbai,Software Developer,497050,21-10-2020
CID_4897,Ira,8,Female,Pune,Student,,02-06-2021
CID_4898,Sam,26,Other,Mumbai,Clerk,821972,14-06-2021
CID_4899,Kiran,32,Other,Mumbai,Driver,1016567,02-09-2025
CID_4900,Vikas,42,Male,Mumbai,Clerk,1435773,18-07-2022
CID_4901,Komal,34,Female,Mumbai,Business Owner,1531015,25-09-2022
CID_4902,Jordan,34,Other,Pune,Designer,1880847,25-03-2021
CID_4903,Alex,75,Other,Aligarh,Mechanic,1797569,18-05-2023
CID_4904,Amit,7,Male,Kolkata,Student,,14-11-2020
CID_4905,Dee,5,Other,Aligarh,Student,,04-10-2018
CID_4906,Aarav,23,Male,Chennai,Software Developer,883287,01-01-2023
CID_4907,Riya,43,Female,Kolkata,Business Owner,848590,18-10-2024
CID_4908,Komal,66,Female,Lucknow,Mechanic,1951295,20-03-2019
CID_4909,Rituraj,39,Male,Aligarh,Teacher,1291571,05-07-2019
CID_4910,Ishaan,34,Male,Pune,Engineer,1621699,01-06-2023
CID_4911,Aman,45,Male,Pune,Teacher,1934452,07-06-2020
CID_4912,Atharv,50,Male,Kolkata,Electrician,582286,28-01-2019
CID_4913,Ankit,44,Male,Chennai,Clerk,1415305,25-01-2018
CID_4914,Amit,61,Male,Chennai,Accountant,552362,26-03-2022
CID_4915,Preeti,45,Female,Chennai,Software Developer,1963434,16-01-2024
CID_4916,Krishna,40,Male,Kolkata,Marketing Specialist,1114004,27-08-2019
CID_4917,Aarav,44,Male,Lucknow,Doctor,1077747,17-03-2024
CID_4918,Rahul,39,Male,Aligarh,Mechanic,1554683,11-12-2021
CID_4919,Varun,52,Male,Noida,Clerk,522081,15-09-2020
CID_4920,Amit,51,Male,Mumbai,Marketing Specialist,1127677,13-10-2024
CID_4921,Sneha,33,Female,Mumbai,Teacher,1726057,12-02-2025
CID_4922,Meera,54,Female,Mumbai,Sales Executive,789025,22-04-2018
CID_4923,Adi,14,Other,Delhi,Student,,25-10-2018
CID_4924,Gaurav,17,Male,Chennai,Office Intern,145548,18-05-2021
CID_4925,Ananya,33,Female,Lucknow,Sales Executive,1927303,19-04-2022
CID_4926,Ankit,17,Male,Pune,Intern,142530,17-12-2022
CID_4927,Ari,42,Other,Kolkata,Designer,1300271,03-11-2025
CID_4928,Tarun,55,Male,Kolkata,Electrician,1412864,03-08-2022
CID_4929,Ari,45,Other,Chennai,Software Developer,911458,03-12-2024
CID_4930,Vivaan,24,Male,Lucknow,Electrician,562913,26-08-2023
CID_4931,Siddharth,34,Male,Lucknow,Doctor,1037797,15-06-2025
CID_4932,Payal,36,Female,Noida,Manager,768193,11-02-2019
CID_4933,Sanjay,74,Male,Pune,Clerk,1242283,19-01-2025
CID_4934,Vivaan,73,Male,Noida,Engineer,1589183,28-01-2024
CID_4935,Rahul,63,Male,Noida,Marketing Specialist,1761906,08-01-2020
CID_4936,Kiran,16,Other,Delhi,Intern,170266,30-01-2025
CID_4937,Karan,53,Male,Noida,Business Owner,451421,10-11-2021
CID_4938,Nikhil,61,Male,Mumbai,Electrician,1386279,19-09-2021
CID_4939,Siddharth,47,Male,Chennai,Engineer,1045224,24-04-2024
CID_4940,Rahul,46,Male,Aligarh,Driver,596532,30-06-2025
CID_4941,Aarav,54,Male,Noida,Designer,510718,17-07-2024
CID_4942,Adi,67,Other,Delhi,Engineer,1807693,19-01-2021
CID_4943,Sam,31,Other,Delhi,Driver,823367,07-04-2018
CID_4944,Karan,13,Male,Mumbai,Student,,10-03-2020
CID_4945,Jordan,57,Other,Pune,Teacher,1286507,06-11-2018
CID_4946,Siddharth,9,Male,Kolkata,Student,,16-09-2020
CID_4947,Rakesh,75,Male,Delhi,Mechanic,811210,24-11-2022
CID_4948,Alex,44,Other,Lucknow,Business Owner,1567416,20-04-2021
CID_4949,Sonali,45,Female,Noida,Clerk,255207,31-12-2018
CID_4950,Neha,16,Female,Delhi,Call Center Trainee,152956,01-10-2022
CID_4951,Ishita,49,Female,Pune,Engineer,1483178,04-02-2022
CID_4952,Siddharth,56,Male,Chennai,Clerk,1638916,11-11-2025
CID_4953,Kiran,15,Other,Noida,Student,,26-04-2019
CID_4954,Manish,34,Male,Lucknow,Marketing Specialist,1640713,11-04-2020
CID_4955,Rajat,34,Male,Pune,Driver,868555,31-07-2022
CID_4956,Sanjay,16,Male,Pune,Delivery Assistant,76049,19-12-2022
CID_4957,Vikas,43,Male,Lucknow,Software Developer,1584721,07-04-2025
CID_4958,Manish,29,Male,Noida,Doctor,998882,20-06-2022
CID_4959,Rituraj,40,Male,Aligarh,Software Developer,626030,12-12-2020
CID_4960,Karan,40,Male,Pune,Doctor,834034,27-10-2018
CID_4961,Tanya,34,Female,Pune,Driver,1388225,30-11-2018
CID_4962,Sanjay,11,Male,Aligarh,Student,,04-02-2025
CID_4963,Ankit,34,Male,Lucknow,Software Developer,838504,18-10-2024
CID_4964,Aarav,71,Male,Aligarh,Accountant,1555389,22-09-2023
CID_4965,Amit,6,Male,Mumbai,Student,,18-10-2022
CID_4966,Vivaan,31,Male,Kolkata,Clerk,1425293,07-09-2019
CID_4967,Ankit,57,Male,Lucknow,Accountant,988947,22-07-2018
CID_4968,Harsh,16,Male,Lucknow,Student,120900,14-04-2023
CID_4969,Saanvi,74,Female,Pune,Consultant,1254615,24-03-2025
CID_4970,Rajat,6,Male,Delhi,Student,,02-04-2020
CID_4971,Aarti,38,Female,Kolkata,Clerk,1802614,10-04-2024
CID_4972,Anjali,61,Female,Kolkata,Business Owner,547182,16-12-2022
CID_4973,Shreya,72,Female,Chennai,Marketing Specialist,1581906,13-06-2024
CID_4974,Yash,73,Male,Aligarh,Doctor,635188,29-06-2023
CID_4975,Amit,57,Male,Noida,Mechanic,1010690,21-09-2018
CID_4976,Ananya,67,Female,Pune,Consultant,1340235,10-02-2022
CID_4977,Saanvi,67,Female,Kolkata,Marketing Specialist,955957,03-01-2020
CID_4978,Nikhil,16,Male,Noida,Call Center Trainee,59425,04-08-2023
CID_4979,Aarav,75,Male,Mumbai,Consultant,1294297,03-06-2022
CID_4980,Aditya,42,Male,Chennai,Teacher,1242502,08-05-2019
CID_4981,Rituraj,73,Male,Lucknow,Doctor,1494046,24-06-2020
CID_4982,Vivaan,60,Male,Lucknow,Business Owner,1101682,29-08-2025
CID_4983,Amit,74,Male,Delhi,Electrician,1788805,23-11-2018
CID_4984,Rakesh,74,Male,Chennai,Designer,504122,12-03-2019
CID_4985,Nikhil,41,Male,Mumbai,Engineer,850887,30-01-2020
CID_4986,Pranav,58,Male,Noida,Doctor,1116773,17-06-2018
CID_4987,Divya,49,Female,Lucknow,Driver,682740,12-12-2021
CID_4988,Sanjay,13,Male,Pune,Student,,16-10-2020
CID_4989,Rakesh,6,Male,Chennai,Student,,23-02-2018
CID_4990,Nikhil,18,Male,Lucknow,Intern,92229,17-01-2019
CID_4991,Atharv,71,Male,Mumbai,Engineer,1257205,21-10-2022
CID_4992,Saanvi,42,Female,Delhi,Business Owner,335003,28-03-2020
CID_4993,Rajat,63,Male,Aligarh,Electrician,739808,26-09-2020
CID_4994,Ira,5,Female,Lucknow,Student,,25-05-2018
CID_4995,Sanjay,63,Male,Pune,Engineer,707582,29-11-2019
CID_4996,Vivaan,73,Male,Lucknow,Sales Executive,341475,09-04-2024
CID_4997,Aarav,66,Male,Lucknow,Software Developer,748094,17-04-2019
CID_4998,Rakesh,73,Male,Mumbai,Marketing Specialist,427179,26-02-2022
CID_4999,Ritu,74,Female,Noida,Consultant,1667937,20-02-2025
CID_5000,Swati,13,Female,Chennai,Student,,04-01-2020
