loan_id,customer_id,loan_type,loan_amount,interest_rate,loan_status,loan_start_date
LON_001,CID_920,Business Loan,734389.13,9.31,Approved,25-07-2020
LON_002,CID_276,,3755205.17,9.16,Approved,11-05-2019
LON_003,CID_4845,Personal,367025.06,9.13,Approved,25-03-2021
LON_004,CID_1418,Gold,199739.28,9.19,Approved,27-01-2019
LON_005,CID_920,Business Loan,2228549.11,8.96,Approved,10-10-2022
LON_006,CID_377,Personal,600894.59,,Approved,19-12-2021
LON_007,CID_4913,Business Loan,2405239.42,8.84,Rejected,19-11-2019
LON_008,CID_1728,Auto,2099100.96,9.21,Rejected,22-06-2025
LON_009,CID_2093,Business Loan,533864.71,9.25,Approved,
LON_010,CID_1447,Eduction Loan,392904.15,8.96,Approved,03-02-2023
LON_011,CID_1550,Auto,984886.15,9.25,Approved,20-10-2019
LON_012,CID_1992,LAP,5185149.55,8.87,Approved,31-03-2025
LON_013,CID_2867,Business Loan,1756557.13,9.33,Approved,12-05-2019
LON_014,CID_1901,Gold,236160.47,8.91,Rejected,12-07-2022
LON_015,CID_2344,Business Loan,2596310.05,9.41,Approved,
LON_016,CID_3870,Home,2596333.82,9.17,Approved,22-07-2025
LON_017,CID_4390,,2975983.38,,Rejected,18-09-2024
LON_018,CID_3825,Personal,1145884.13,9.4,Approved,17-10-2020
LON_019,CID_2249,LAP,,9.04,,07-12-2024
LON_020,CID_2365,LAP,,8.76,,
LON_021,CID_019,Eduction Loan,1958789.22,8.83,Approved,
LON_022,CID_4522,Business Loan,4404094.11,8.95,Approved,01-01-2021
LON_023,CID_1782,Personal,1312251.93,8.97,Approved,30-10-2025
LON_024,CID_006,Home,3678267.75,8.87,Rejected,12-12-2024
LON_025,CID_2133,LAP,2471845.58,8.76,Rejected,13-06-2022
LON_026,CID_593,,399263.81,9.18,Approved,13-06-2024
LON_027,CID_1474,Eduction Loan,1644847.89,8.84,Approved,01-03-2025
LON_028,CID_1801,Auto,1390033.4,9.2,Rejected,17-01-2025
LON_029,CID_4616,Business Loan,1696238.2,,Approved,30-11-2023
LON_030,CID_4918,Gold,123173.23,8.92,Approved,06-08-2025
LON_031,CID_2066,Home,5501740.97,8.76,Approved,30-08-2019
LON_032,CID_2485,Personal,1362859.02,9.39,Approved,01-09-2021
LON_033,CID_4230,Business Loan,2529989.6,9.15,Approved,27-05-2025
LON_034,CID_3889,Home,7169265.11,9.36,Approved,02-02-2020
LON_035,CID_537,Auto,1145409.76,9.1,Approved,08-02-2020
LON_036,CID_1716,Gold,590724.46,9.35,Approved,23-02-2021
LON_037,CID_668,LAP,3305710.77,9.07,Approved,20-10-2021
LON_038,CID_116,Gold,652177.13,9.39,Approved,23-01-2025
LON_039,CID_4305,Personal,1393232.13,,Approved,12-06-2024
LON_040,CID_3495,Home,,9.43,,09-01-2019
LON_041,CID_4341,Auto,2327317.47,,Approved,26-03-2025
LON_042,CID_537,Home,2114131.87,8.91,Approved,29-01-2025
LON_043,CID_1401,Business Loan,1705303.09,,Approved,15-12-2024
LON_044,CID_589,Personal,1443129.41,8.81,Approved,03-09-2025
LON_045,CID_2194,Business Loan,4336732.17,9.05,Rejected,22-05-2025
LON_046,CID_4659,LAP,4283278.33,9.21,Approved,18-07-2025
LON_047,CID_2351,Auto,2346559.71,8.9,Approved,04-09-2021
LON_048,CID_064,Gold,130776.28,9.23,Approved,25-10-2019
LON_049,CID_1903,Gold,508292.63,9.17,Approved,
LON_050,CID_3315,LAP,2076842.78,9.45,Rejected,27-09-2021
LON_051,CID_4697,Auto,520705.06,9.38,Approved,10-11-2025
LON_052,CID_1186,Personal,1018401.65,9.17,Rejected,29-02-2020
LON_053,CID_2518,Auto,,8.83,,20-01-2022
LON_054,CID_4497,LAP,,9.01,,17-12-2021
LON_055,CID_3834,Gold,223363.36,9.43,Approved,11-02-2026
LON_056,CID_2320,Eduction Loan,902372.65,8.75,Approved,22-02-2026
LON_057,CID_974,Home,6800462.72,9.16,Approved,09-02-2019
LON_058,CID_3315,Personal,1420323.86,9.27,Approved,28-05-2019
LON_059,CID_341,,4001918.15,,Approved,02-02-2023
LON_060,CID_3660,Auto,643679.87,8.94,Approved,12-04-2025
LON_061,CID_1591,LAP,5321499.99,9.44,Approved,27-10-2020
LON_062,CID_2224,Gold,49085.5,9.3,Approved,14-08-2023
LON_063,CID_4210,Auto,524114.93,,Approved,08-06-2019
LON_064,CID_2020,Home,2196369.06,9.44,Approved,21-07-2021
LON_065,CID_2501,Personal,1007048.11,,Approved,12-10-2019
LON_066,CID_2997,Auto,1657482.09,9.05,Rejected,05-01-2025
LON_067,CID_335,Personal,217245.54,9.48,Approved,23-12-2021
LON_068,CID_4560,Personal,915028.32,9.01,Approved,23-11-2023
LON_069,CID_011,Personal,608533.38,9.18,Approved,22-11-2023
LON_070,CID_3264,LAP,6501353.61,9.15,Approved,18-03-2021
LON_071,CID_1091,Gold,83879.83,9.25,Approved,09-07-2022
LON_072,CID_3602,Business Loan,,,,29-08-2022
LON_073,CID_1565,Business Loan,1619144.97,8.85,Approved,02-04-2023
LON_074,CID_2590,LAP,4113005.21,9.05,Approved,29-05-2022
LON_075,CID_3975,Home,4154049.27,9.18,Approved,19-03-2024
LON_076,CID_750,Gold,550232.97,9.13,Approved,26-11-2020
LON_077,CID_2817,Auto,1361312.22,9.22,Approved,20-08-2021
LON_078,CID_650,Home,7355784.6,8.86,Approved,30-04-2024
LON_079,CID_4398,Gold,349119.58,9.22,Approved,22-04-2023
LON_080,CID_3842,,217868.02,9.24,Approved,12-03-2020
LON_081,CID_4948,Home,1995036.79,9.47,Approved,25-07-2019
LON_082,CID_4708,Home,8298495.12,,Approved,18-03-2024
LON_083,CID_4478,LAP,4289530.53,,Rejected,
LON_084,CID_4060,Gold,669538.26,9.16,Rejected,28-04-2024
LON_085,CID_4333,Auto,1916675.45,9.38,Approved,05-11-2024
LON_086,CID_2410,Business Loan,1348380.15,9.08,Approved,18-08-2021
LON_087,CID_3410,Auto,901317.49,9.16,Approved,05-08-2021
LON_088,CID_4823,Business Loan,933465.28,8.91,Approved,17-09-2022
LON_089,CID_159,Gold,350146.16,8.91,Approved,20-07-2025
LON_090,CID_2727,Eduction Loan,2653904.35,9.18,Approved,11-12-2022
LON_091,CID_4869,Eduction Loan,1230961.28,9.42,Approved,13-01-2025
LON_092,CID_4336,Eduction Loan,1849432.51,8.92,Approved,21-11-2023
LON_093,CID_4177,Personal,613842.94,9.25,Approved,07-11-2020
LON_094,CID_4992,Home,8836136.81,9.15,Rejected,
LON_095,CID_1633,Business Loan,330089.82,,Approved,06-03-2024
LON_096,CID_3385,Personal,427226.66,9,Approved,14-10-2022
LON_097,CID_4210,Auto,1917223.09,9.37,Approved,02-12-2019
LON_098,CID_592,Personal,1136085.18,8.79,Rejected,07-07-2021
LON_099,CID_1783,Eduction Loan,2876128.25,,Approved,09-10-2021
LON_100,CID_4992,Eduction Loan,159102.05,8.86,Approved,13-04-2020
LON_101,CID_986,Home,4452788.86,8.94,Approved,17-10-2025
LON_102,CID_2834,Eduction Loan,2475973.41,9.47,Approved,16-04-2019
LON_103,CID_679,LAP,4838226.82,9.47,Approved,23-03-2021
LON_104,CID_1055,LAP,4927116.59,9.22,Approved,
LON_105,CID_3319,Eduction Loan,2953148.62,9.34,Approved,21-10-2023
LON_106,CID_938,Personal,,9.01,,30-06-2024
LON_107,CID_3924,Gold,769806.43,9.23,Approved,18-09-2020
LON_108,CID_4328,Home,6737260.08,9.47,Approved,
LON_109,CID_769,Gold,365392.36,9.3,Approved,
LON_110,CID_3385,Auto,2221833.28,,Approved,04-11-2025
LON_111,CID_3179,Auto,217444.99,9.39,Approved,18-05-2021
LON_112,CID_4932,Eduction Loan,849221.99,8.96,Approved,05-02-2022
LON_113,CID_4356,Personal,799109.51,8.89,Approved,23-07-2023
LON_114,CID_4040,LAP,5379703.18,9.27,Approved,03-07-2024
LON_115,CID_2789,Eduction Loan,150005.45,8.97,Approved,23-09-2021
LON_116,CID_4910,Business Loan,2991466.81,9.1,Approved,09-10-2023
LON_117,CID_1055,Auto,976754.74,9.09,Approved,02-08-2021
LON_118,CID_1726,Business Loan,1124404.61,8.84,Approved,28-01-2021
LON_119,CID_2532,,6778139.55,8.96,Approved,18-11-2024
LON_120,CID_113,Personal,1257311.13,8.97,Approved,23-05-2022
LON_121,CID_2662,Business Loan,2763848.43,8.96,Rejected,16-03-2025
LON_122,CID_102,Business Loan,4731630.15,9.23,Approved,25-02-2020
LON_123,CID_2254,LAP,2205073.49,9.11,Approved,30-07-2019
LON_124,CID_458,Eduction Loan,1485414.64,9.37,Approved,31-10-2019
LON_125,CID_1044,Home,1768179.47,9.17,Approved,13-10-2021
LON_126,CID_4659,LAP,5421771.08,9.2,Approved,13-07-2021
LON_127,CID_2784,Gold,376896.14,9.08,Rejected,
LON_128,CID_1885,,4460883.05,9.21,Approved,01-05-2021
LON_129,CID_1385,Auto,1702006.12,8.87,Approved,04-11-2019
LON_130,CID_2089,Personal,642350.48,9.27,Approved,14-05-2019
LON_131,CID_2338,Auto,1811346.2,9.28,Approved,14-08-2021
LON_132,CID_3842,Eduction Loan,2394618.46,9.19,Approved,21-03-2021
LON_133,CID_631,Personal,839615.45,9.24,Rejected,05-08-2020
LON_134,CID_2617,Personal,290588.04,8.98,Approved,20-05-2025
LON_135,CID_4453,Gold,125752.32,9.27,Approved,20-01-2022
LON_136,CID_2935,LAP,3608427.97,8.81,Approved,05-11-2023
LON_137,CID_166,LAP,1977464.95,8.82,Rejected,14-06-2025
LON_138,CID_4210,Eduction Loan,2049616.59,8.95,Approved,18-12-2020
LON_139,CID_3926,LAP,4665113.58,9.44,Approved,25-07-2025
LON_140,CID_3015,Business Loan,4108375.73,9.48,Approved,31-07-2023
LON_141,CID_2615,,1724813.75,9.39,Approved,22-07-2024
LON_142,CID_794,Business Loan,4736928.99,9.36,Approved,06-02-2024
LON_143,CID_009,Auto,743137.3,8.84,Approved,08-10-2024
LON_144,CID_3251,Business Loan,4372963.92,9.1,Approved,
LON_145,CID_2365,LAP,5368169.13,9.22,Approved,13-04-2021
LON_146,CID_1062,LAP,1177788.63,8.97,Rejected,08-06-2024
LON_147,CID_2818,Personal,1461062.88,9.21,Approved,10-10-2020
LON_148,CID_4137,LAP,391618.91,9.06,Approved,09-04-2020
LON_149,CID_4534,Personal,989179.05,8.87,Rejected,10-04-2022
LON_150,CID_4111,Business Loan,1512439.5,9.38,Rejected,25-09-2021
LON_151,CID_595,LAP,1269101.19,8.89,Approved,13-07-2020
LON_152,CID_2375,Auto,1965786.56,9.39,Approved,10-09-2024
LON_153,CID_4359,Eduction Loan,107439.25,9.29,Approved,03-07-2025
LON_154,CID_4825,Eduction Loan,530926.71,9.15,Approved,10-03-2025
LON_155,CID_3410,Gold,380615.35,8.99,Approved,05-09-2021
LON_156,CID_3401,Home,7776110.3,9.06,Approved,21-04-2024
LON_157,CID_4402,Gold,791078.78,,Approved,15-09-2020
LON_158,CID_3966,Personal,233057.09,9.47,Approved,16-02-2020
LON_159,CID_1354,Personal,,9.09,,07-08-2023
LON_160,CID_719,Personal,730761.37,9.48,Approved,17-06-2023
LON_161,CID_4354,Eduction Loan,1052840.21,9.26,Approved,21-07-2022
LON_162,CID_2057,Eduction Loan,1668946.44,9.21,Approved,23-03-2022
LON_163,CID_3999,Business Loan,633820.79,9.48,Approved,16-02-2020
LON_164,CID_2666,Home,6399009.88,9.43,Approved,18-08-2019
LON_165,CID_1611,Auto,,8.86,,
LON_166,CID_4430,Home,1988089.52,9.21,Approved,13-09-2021
LON_167,CID_064,LAP,1258888.72,9.1,Approved,11-11-2021
LON_168,CID_3975,Eduction Loan,1449234.44,,Approved,30-10-2019
LON_169,CID_4111,Auto,2470981.48,8.97,Rejected,21-10-2021
LON_170,CID_2121,Eduction Loan,976152.84,9.5,Rejected,12-03-2020
LON_171,CID_186,Gold,470380.47,9.18,Rejected,24-04-2022
LON_172,CID_4411,Eduction Loan,2008866.47,,Approved,20-07-2019
LON_173,CID_3158,Eduction Loan,2722050.34,8.96,Approved,22-10-2025
LON_174,CID_875,,5911251.96,9.22,Approved,14-07-2020
LON_175,CID_3284,Business Loan,3302434.92,8.98,Approved,01-07-2025
LON_176,CID_1582,Business Loan,830776.67,9.43,Approved,29-08-2023
LON_177,CID_4466,Home,1623358.28,9.15,Rejected,14-12-2024
LON_178,CID_2682,Auto,2101610.66,8.94,Approved,27-05-2024
LON_179,CID_1249,Business Loan,4377905.4,9.35,Approved,05-11-2019
LON_180,CID_4948,Eduction Loan,2902850.61,9.4,Approved,16-06-2023
LON_181,CID_4103,Auto,362211.76,9.05,Approved,21-05-2020
LON_182,CID_3322,Auto,1731146.7,9.25,Approved,28-02-2026
LON_183,CID_2964,Personal,1028513.01,9.1,Approved,18-04-2025
LON_184,CID_3682,LAP,1783160.24,8.8,Approved,22-05-2022
LON_185,CID_1023,Personal,252676.67,9.46,Approved,10-07-2024
LON_186,CID_4802,Personal,390460.05,9.15,Approved,28-02-2023
LON_187,CID_4359,Gold,482252.07,9.29,Rejected,
LON_188,CID_1966,LAP,3034376.43,9.46,Approved,26-02-2023
LON_189,CID_4842,Gold,,8.93,,13-02-2023
LON_190,CID_4103,,1921634.44,9.05,Approved,15-05-2020
LON_191,CID_434,Personal,1011014.67,9.23,Approved,29-03-2019
LON_192,CID_592,Eduction Loan,1067176.55,9.49,Approved,20-04-2021
LON_193,CID_2968,Eduction Loan,2318956.39,8.91,Approved,12-08-2021
LON_194,CID_1149,Eduction Loan,527907.12,9.43,Approved,15-08-2020
LON_195,CID_1157,LAP,1979383.12,8.88,Approved,16-04-2019
LON_196,CID_1565,Personal,569451.3,9.34,Approved,06-03-2019
LON_197,CID_4262,Auto,273137.69,9.31,Approved,18-09-2019
LON_198,CID_2006,Gold,629073.12,9.13,Approved,25-08-2024
LON_199,CID_2748,LAP,590545.75,9.34,Rejected,05-11-2024
LON_200,CID_3854,Gold,525372.33,8.77,Rejected,04-07-2023
LON_201,CID_2931,Business Loan,718216.78,,Approved,27-11-2019
LON_202,CID_4901,LAP,1293836.63,8.84,Approved,25-07-2025
LON_203,CID_4497,Business Loan,1760890.13,,Approved,02-02-2024
LON_204,CID_1929,LAP,3182335.48,9.34,Approved,08-03-2025
LON_205,CID_3581,Gold,377697.29,8.92,Approved,01-02-2024
LON_206,CID_3341,Gold,591801.63,8.98,Approved,10-11-2021
LON_207,CID_834,Home,6337978.8,,Approved,16-12-2019
LON_208,CID_528,Gold,104354.61,9.3,Approved,28-03-2025
LON_209,CID_3174,LAP,6709384.98,9.17,Approved,10-08-2023
LON_210,CID_2612,Eduction Loan,2029487.51,9.31,Rejected,30-07-2019
LON_211,CID_4311,,2393407.62,8.83,Approved,25-09-2020
LON_212,CID_2485,Home,7701836.21,9.01,Approved,
LON_213,CID_4940,LAP,1815265.93,9.07,Approved,21-12-2025
LON_214,CID_1612,Personal,933042.63,,Approved,29-04-2019
LON_215,CID_1622,Auto,1801342.12,8.98,Approved,26-01-2019
LON_216,CID_278,Eduction Loan,515429.32,9.24,Approved,06-02-2026
LON_217,CID_1401,Personal,1131862.05,8.91,Approved,28-10-2022
LON_218,CID_750,Auto,882347.82,8.99,Rejected,08-09-2025
LON_219,CID_2412,Personal,275590.86,9.32,Approved,01-12-2019
LON_220,CID_1930,Gold,539692.79,9.11,Approved,23-01-2022
LON_221,CID_4341,Eduction Loan,1585804.29,9.01,Approved,26-08-2025
LON_222,CID_479,LAP,4769788.14,8.78,Approved,20-09-2025
LON_223,CID_2622,Personal,346413.53,9.46,Approved,12-11-2021
LON_224,CID_3390,Auto,431963.21,9.12,Approved,13-06-2020
LON_225,CID_632,LAP,5014597.46,9.13,Approved,21-12-2022
LON_226,CID_2847,Gold,693558.56,,Approved,15-11-2019
LON_227,CID_995,LAP,3176204.72,9.05,Approved,
LON_228,CID_4129,Gold,46059.55,8.99,Approved,06-12-2025
LON_229,CID_2165,Eduction Loan,2099869.12,9.02,Approved,09-03-2020
LON_230,CID_3059,Gold,483430.89,9.14,Approved,24-06-2022
LON_231,CID_4702,Home,3331083.29,8.88,Approved,
LON_232,CID_2118,,1599154.83,9.33,Approved,27-08-2020
LON_233,CID_1591,Personal,262344.12,8.9,Approved,05-11-2019
LON_234,CID_4050,Eduction Loan,1921051.44,9.1,Approved,01-07-2025
LON_235,CID_2937,Business Loan,4635940.44,9.17,Approved,02-01-2026
LON_236,CID_3982,Eduction Loan,2915821.89,,Approved,04-04-2024
LON_237,CID_654,Business Loan,,8.96,,09-09-2024
LON_238,CID_692,Auto,1235094.84,8.78,Approved,21-03-2022
LON_239,CID_3434,Business Loan,4348400.16,9.39,Approved,07-09-2024
LON_240,CID_4060,Gold,476853.64,9.47,Approved,18-06-2019
LON_241,CID_1318,Eduction Loan,1757804.39,8.89,Approved,15-08-2024
LON_242,CID_4478,Personal,703258.51,9.36,Approved,12-12-2019
LON_243,CID_4668,Business Loan,1028282.77,8.94,Approved,05-12-2023
LON_244,CID_3683,LAP,4385696.22,9.02,Rejected,06-05-2023
LON_245,CID_571,Eduction Loan,1081264.73,9.2,Approved,02-10-2022
LON_246,CID_1317,Auto,372088.98,9.26,Approved,04-10-2025
LON_247,CID_3504,Auto,341529.67,9.25,Rejected,24-06-2022
LON_248,CID_2968,Home,5557850.44,9.45,Approved,23-03-2023
LON_249,CID_835,Eduction Loan,470601.92,9.28,Rejected,26-11-2024
LON_250,CID_1612,Business Loan,,9.13,,19-06-2022
LON_251,CID_1355,Home,3404724.93,,Approved,17-07-2020
LON_252,CID_4679,Personal,478898.55,9.34,Approved,19-01-2025
LON_253,CID_3354,Personal,1009797.39,9.41,Approved,12-09-2025
LON_254,CID_3942,Home,1879101.3,9.37,Approved,09-11-2020
LON_255,CID_2548,Personal,645744.99,9.26,Approved,25-12-2023
LON_256,CID_4196,Eduction Loan,,9.09,,21-06-2022
LON_257,CID_4137,Eduction Loan,662646.91,9.26,Approved,10-12-2023
LON_258,CID_1783,Eduction Loan,917138.02,9.04,Approved,25-10-2020
LON_259,CID_3322,Eduction Loan,1853524,9.4,Approved,22-05-2024
LON_260,CID_2548,LAP,6559766.81,9.28,Approved,25-05-2020
LON_261,CID_3940,Personal,1156519.4,8.95,Rejected,26-08-2020
LON_262,CID_247,Personal,1422299.23,8.92,Approved,02-12-2022
LON_263,CID_3343,Gold,71007.8,9.13,Approved,01-12-2019
LON_264,CID_1290,,739594.14,9.45,Approved,05-10-2022
LON_265,CID_4196,Home,825577.12,9.44,Approved,22-07-2020
LON_266,CID_1312,Gold,503818.16,9.43,Approved,02-06-2021
LON_267,CID_2125,LAP,6599513.86,,Approved,26-03-2022
LON_268,CID_4113,Auto,436343.61,8.93,Approved,26-12-2025
LON_269,CID_4597,Personal,210743.95,9.43,Approved,09-03-2019
LON_270,CID_3163,LAP,1920985.5,,Approved,23-11-2025
LON_271,CID_3233,Home,5350641.59,8.89,Approved,14-11-2024
LON_272,CID_4918,Personal,1432435.33,9.16,Approved,10-09-2024
LON_273,CID_2259,Personal,616157.91,9.1,Approved,10-03-2023
LON_274,CID_925,Business Loan,277962.71,9.34,Approved,17-01-2026
LON_275,CID_4869,Eduction Loan,1787519.63,9.32,Approved,14-12-2022
LON_276,CID_4282,Auto,2061745.83,8.88,Approved,18-03-2024
LON_277,CID_328,Business Loan,1074934.39,8.85,Approved,18-02-2024
LON_278,CID_2817,Auto,623738.83,9.34,Rejected,16-07-2022
LON_279,CID_1724,LAP,,9.36,,
LON_280,CID_2430,Auto,988889.31,9.34,Rejected,21-09-2022
LON_281,CID_3462,Personal,1209046.5,9.08,Approved,07-12-2023
LON_282,CID_2365,Auto,2438250.42,9.12,Approved,27-10-2024
LON_283,CID_4864,Eduction Loan,339573.37,9.07,Approved,09-01-2021
LON_284,CID_4023,Auto,904846.86,8.81,Approved,09-06-2022
LON_285,CID_373,LAP,5108341.51,8.87,Approved,06-01-2024
LON_286,CID_501,Business Loan,4376178.44,9.01,Rejected,
LON_287,CID_279,Personal,1023216.64,9.05,Approved,17-10-2020
LON_288,CID_579,Home,7713689.13,9.26,Approved,01-06-2020
LON_289,CID_286,Home,7117380.67,9.02,Approved,12-05-2025
LON_290,CID_692,LAP,1328035.69,9.09,Approved,24-12-2023
LON_291,CID_2237,LAP,1222557.22,9.03,Approved,15-02-2022
LON_292,CID_1038,Personal,87574.34,8.89,Approved,19-04-2025
LON_293,CID_2570,Auto,1971166.54,9.28,Approved,11-11-2025
LON_294,CID_4071,,4599098.77,9.12,Approved,31-10-2019
LON_295,CID_3120,Home,8138771.76,9.08,Approved,02-08-2022
LON_296,CID_1565,Business Loan,511707.58,9.16,Rejected,07-10-2020
LON_297,CID_2119,Eduction Loan,1148327.33,8.92,Rejected,22-07-2020
LON_298,CID_4912,Eduction Loan,1532663.62,9.02,Approved,29-03-2024
LON_299,CID_4674,Home,5701561.08,8.81,Approved,14-05-2024
LON_300,CID_654,Gold,622256.7,9.37,Approved,22-07-2022
LON_301,CID_1633,Gold,388691.56,9.14,Approved,08-03-2025
LON_302,CID_1090,,2902167.38,9.07,Rejected,15-08-2019
LON_303,CID_3110,LAP,1325203.63,8.87,Approved,12-07-2021
LON_304,CID_4911,LAP,6296003.64,9.38,Approved,14-02-2026
LON_305,CID_1530,Auto,444150.19,8.98,Approved,20-08-2024
LON_306,CID_3044,LAP,6608766.82,8.87,Approved,14-10-2025
LON_307,CID_410,Eduction Loan,2779396.2,8.78,Rejected,29-11-2019
LON_308,CID_3743,Business Loan,3900907.37,8.95,Approved,01-06-2025
LON_309,CID_2752,LAP,4581240.99,9.12,Approved,01-04-2022
LON_310,CID_650,Gold,218555.99,9.36,Approved,01-02-2024
LON_311,CID_3064,Business Loan,487582.56,9.08,Approved,15-04-2021
LON_312,CID_3581,LAP,1262580.23,9.4,Approved,15-11-2022
LON_313,CID_4171,Home,6965652.46,9.14,Approved,17-09-2021
LON_314,CID_3417,Personal,437833.93,,Approved,03-04-2022
LON_315,CID_2963,Eduction Loan,1884594.59,8.94,Rejected,16-10-2020
LON_316,CID_4174,LAP,5131560.47,8.89,Approved,09-10-2024
LON_317,CID_4497,Gold,706888.26,9.12,Approved,30-05-2023
LON_318,CID_2514,Gold,774348.71,8.91,Approved,27-07-2019
LON_319,CID_4771,Gold,490089.45,,Approved,16-03-2022
LON_320,CID_3606,Personal,1278399.93,9.07,Rejected,07-02-2023
LON_321,CID_4917,Auto,,8.79,,24-01-2023
LON_322,CID_1046,Auto,322799.61,9.13,Approved,19-02-2022
LON_323,CID_4949,Home,8788203.93,9.05,Approved,20-10-2022
LON_324,CID_347,Auto,,8.9,,10-08-2024
LON_325,CID_4111,Personal,106425.25,9.29,Approved,28-10-2024
LON_326,CID_2895,,5653214.44,9.14,Approved,16-11-2025
LON_327,CID_3034,Home,3840114,,Rejected,28-08-2025
LON_328,CID_4245,LAP,5849538.89,9.15,Approved,12-05-2022
LON_329,CID_2795,Eduction Loan,148247.17,9,Approved,03-09-2023
LON_330,CID_4239,Eduction Loan,2706424.6,9.4,Approved,10-09-2025
LON_331,CID_2058,Auto,2422616.14,9.34,Approved,23-06-2025
LON_332,CID_3390,Business Loan,446504.79,9.11,Approved,13-12-2025
LON_333,CID_1717,Home,7484120.97,8.93,Approved,26-03-2020
LON_334,CID_3696,Personal,689505.92,9.06,Approved,15-04-2021
LON_335,CID_1210,LAP,5492314.42,9.44,Rejected,13-09-2019
LON_336,CID_3354,LAP,1689189.42,8.99,Approved,22-11-2024
LON_337,CID_3176,Auto,2398210.91,9.09,Approved,15-02-2025
LON_338,CID_4329,Business Loan,3905550.96,,Approved,18-12-2021
LON_339,CID_2617,Home,8637367.87,,Approved,04-05-2022
LON_340,CID_4959,Business Loan,1194933.42,9.28,Approved,29-11-2022
LON_341,CID_3388,Eduction Loan,2192826.7,8.97,Approved,02-02-2025
LON_342,CID_373,Gold,660150.64,,Approved,04-04-2022
LON_343,CID_4284,Auto,2394987.24,8.81,Rejected,16-11-2021
LON_344,CID_1207,Home,2217578.06,9.15,Rejected,17-01-2022
LON_345,CID_2042,Personal,942731.7,9.19,Approved,15-12-2024
LON_346,CID_904,Business Loan,1317615.49,8.83,Approved,18-04-2024
LON_347,CID_3664,Business Loan,3899677.08,8.75,Approved,
LON_348,CID_2594,Business Loan,4688154.07,9.41,Approved,27-03-2021
LON_349,CID_2092,Auto,820726.05,8.79,Approved,09-06-2025
LON_350,CID_3745,LAP,5249199.7,9.39,Approved,18-12-2020
LON_351,CID_4402,Eduction Loan,609787.25,9.44,Rejected,15-06-2023
LON_352,CID_063,Home,8461174.33,9.47,Rejected,03-06-2019
LON_353,CID_4100,Auto,1484710.39,8.83,Rejected,11-03-2022
LON_354,CID_4178,Business Loan,2807842.32,9.12,Rejected,27-08-2024
LON_355,CID_2279,Auto,603106.79,,Approved,23-02-2024
LON_356,CID_1738,Business Loan,1093755.53,9.3,Approved,14-05-2025
LON_357,CID_4597,,5693113.25,9.23,Approved,18-10-2023
LON_358,CID_4272,Auto,353833.76,9.25,Approved,29-07-2020
LON_359,CID_2365,Auto,2349189.66,8.76,Approved,04-01-2024
LON_360,CID_2118,Auto,859572.72,9.29,Approved,
LON_361,CID_2818,Personal,,9.1,,20-08-2024
LON_362,CID_2005,Business Loan,763595.58,9.44,Approved,22-11-2025
LON_363,CID_3336,Home,8637564.56,9.11,Approved,17-10-2025
LON_364,CID_2203,Gold,570494.36,9.43,Approved,13-06-2021
LON_365,CID_4690,Business Loan,3822749.84,,Approved,04-01-2024
LON_366,CID_4497,Business Loan,1936567.37,9.44,Approved,21-02-2025
LON_367,CID_3975,Home,5367964.23,8.86,Approved,01-11-2024
LON_368,CID_4018,Personal,1036428.1,9.29,Approved,
LON_369,CID_502,Eduction Loan,261343.84,8.85,Approved,28-04-2025
LON_370,CID_2267,LAP,3397934.65,9.36,Approved,10-06-2023
LON_371,CID_3102,Eduction Loan,108744.87,8.91,Approved,02-10-2023
LON_372,CID_4220,Business Loan,506047.58,9.5,Rejected,10-10-2019
LON_373,CID_3341,Personal,466281.52,8.88,Approved,18-09-2023
LON_374,CID_4798,Gold,375373.59,9.44,Approved,25-11-2019
LON_375,CID_3515,Home,6055039.84,9.01,Approved,09-01-2025
LON_376,CID_2727,LAP,1153225.49,9.48,Approved,04-04-2019
LON_377,CID_2203,Gold,548594.89,9.16,Approved,29-07-2021
LON_378,CID_282,Gold,296543,8.96,Rejected,07-04-2020
LON_379,CID_2135,Eduction Loan,2014573.29,9.21,Rejected,06-03-2019
LON_380,CID_2181,Home,1071972.67,9.2,Approved,19-07-2019
LON_381,CID_1227,Business Loan,412336.3,9.08,Approved,20-08-2019
LON_382,CID_2896,LAP,6956339.06,8.93,Rejected,17-06-2025
LON_383,CID_1264,LAP,4306048.42,9.25,Approved,21-05-2022
LON_384,CID_1579,Business Loan,2702005.06,9.06,Approved,30-03-2025
LON_385,CID_3401,Business Loan,,9.17,,11-11-2022
LON_386,CID_3351,Eduction Loan,,9.27,,13-05-2022
LON_387,CID_1270,Home,6912536.83,9.11,Rejected,16-05-2022
LON_388,CID_4948,Eduction Loan,1442772.96,8.79,Approved,03-09-2023
LON_389,CID_4060,LAP,1198421.43,8.93,Approved,20-11-2019
LON_390,CID_2379,Eduction Loan,1176124.73,9.15,Approved,31-07-2019
LON_391,CID_4954,Gold,548727.38,9.2,Rejected,09-02-2021
LON_392,CID_1888,Home,4574850.76,9.4,Approved,04-03-2019
LON_393,CID_2152,Home,8677659.23,8.84,Rejected,15-05-2024
LON_394,CID_2927,Business Loan,,8.9,,11-03-2025
LON_395,CID_2319,Eduction Loan,920871.67,9.1,Approved,17-06-2022
LON_396,CID_2909,Auto,1355118.87,9.12,Approved,07-04-2024
LON_397,CID_1275,,3650991.83,,Approved,25-06-2021
LON_398,CID_2682,Personal,428122.46,9.45,Approved,07-09-2023
LON_399,CID_4447,Home,2167630.15,8.92,Approved,03-10-2021
LON_400,CID_4371,LAP,4685873.37,9.26,Approved,24-06-2024
LON_401,CID_4356,Gold,159539.91,9.35,Approved,16-02-2025
LON_402,CID_4668,,8293644.81,9.16,Approved,29-08-2019
LON_403,CID_048,Personal,1266649.32,,Approved,18-07-2019
LON_404,CID_063,Gold,135868.48,9.22,Approved,10-09-2020
LON_405,CID_4324,Home,4798729.82,9.03,Approved,30-11-2025
LON_406,CID_131,Business Loan,2541701.04,8.75,Approved,18-02-2019
LON_407,CID_3888,LAP,5138691.23,9.15,Approved,19-08-2024
LON_408,CID_1306,Eduction Loan,2825164.55,8.88,Rejected,17-11-2024
LON_409,CID_3572,Home,,9.14,,30-12-2021
LON_410,CID_2737,Personal,590924.8,9.05,Approved,14-07-2021
LON_411,CID_835,Business Loan,4174697.98,8.81,Rejected,10-05-2019
LON_412,CID_1550,Gold,322033.3,9.16,Approved,08-02-2019
LON_413,CID_854,Personal,774794.67,9.08,Approved,06-05-2025
LON_414,CID_4248,LAP,,8.92,,10-05-2025
LON_415,CID_4987,,259420.63,8.81,Rejected,02-02-2025
LON_416,CID_1270,Business Loan,357928.54,9.45,Approved,28-04-2021
LON_417,CID_1446,Eduction Loan,2480003.15,9.37,Rejected,10-05-2022
LON_418,CID_2999,LAP,1911163.7,9.38,Approved,23-01-2025
LON_419,CID_4457,Gold,611819.13,8.85,Rejected,18-11-2019
LON_420,CID_3066,Business Loan,4876751.97,8.79,Approved,08-11-2019
LON_421,CID_274,LAP,5452337.88,9.47,Approved,29-08-2022
LON_422,CID_4916,Business Loan,1511969.74,,Approved,28-12-2022
LON_423,CID_2682,Gold,362522.92,9.26,Approved,18-12-2019
LON_424,CID_1350,Eduction Loan,814704.37,8.81,Approved,06-04-2023
LON_425,CID_4001,Business Loan,2070185.48,,Approved,
LON_426,CID_4050,Auto,1939164.25,8.83,Approved,01-11-2023
LON_427,CID_4927,LAP,4016758,9.06,Approved,20-12-2022
LON_428,CID_2660,Personal,915540.61,9.34,Rejected,
LON_429,CID_4654,,328605.66,8.81,Rejected,21-09-2021
LON_430,CID_4389,Home,6325185.93,8.88,Approved,04-01-2022
LON_431,CID_692,Home,1037770.78,9.08,Approved,06-06-2024
LON_432,CID_1755,,741494.38,8.93,Approved,
LON_433,CID_3390,Gold,112368.72,8.98,Rejected,
LON_434,CID_1191,Eduction Loan,2600375.1,9.08,Approved,31-08-2025
LON_435,CID_1596,Auto,903563.12,9.46,Approved,
LON_436,CID_2152,Gold,775918.42,8.97,Approved,04-07-2024
LON_437,CID_4987,Auto,1033729.96,9.36,Approved,11-04-2020
LON_438,CID_253,Home,5533929.79,9.16,Approved,03-03-2025
LON_439,CID_593,Business Loan,2415786.67,9.28,Approved,08-04-2022
LON_440,CID_2757,Eduction Loan,2558585,9.35,Approved,24-07-2020
LON_441,CID_654,Home,2647794.32,8.87,Approved,25-03-2023
LON_442,CID_3755,Gold,792839.47,9.11,Approved,06-09-2024
LON_443,CID_765,LAP,546326.6,,Approved,08-01-2025
LON_444,CID_380,Personal,1164983.37,9.24,Approved,14-11-2025
LON_445,CID_3888,LAP,6890174.98,9.26,Approved,20-09-2022
LON_446,CID_4949,Personal,65294.27,8.94,Approved,
LON_447,CID_4453,LAP,4907351.54,8.92,Approved,11-03-2024
LON_448,CID_767,Home,3432222.79,,Approved,31-08-2023
LON_449,CID_4104,Personal,1255410.73,9.3,Approved,06-11-2022
LON_450,CID_4080,Eduction Loan,699915.25,9.11,Approved,30-11-2023
LON_451,CID_3082,Auto,307859.7,8.78,Approved,03-04-2019
LON_452,CID_4598,Business Loan,724940.87,9.35,Rejected,26-09-2021
LON_453,CID_2089,Home,,,,07-03-2024
LON_454,CID_3562,Eduction Loan,1274637.57,8.89,Approved,06-11-2023
LON_455,CID_3490,Personal,1119213.14,9.41,Approved,
LON_456,CID_919,Personal,1071866.64,8.9,Approved,14-09-2019
LON_457,CID_984,Eduction Loan,2628740.06,8.89,Approved,
LON_458,CID_3489,Auto,1726148.36,9.12,Rejected,07-07-2022
LON_459,CID_1553,LAP,2930044.84,8.84,Approved,19-02-2024
LON_460,CID_750,Eduction Loan,2053407.7,9.35,Rejected,14-08-2025
LON_461,CID_3335,Business Loan,842949.29,,Approved,19-01-2021
LON_462,CID_3415,Business Loan,,9.04,,12-06-2025
LON_463,CID_4929,Gold,173030.35,9.23,Approved,10-12-2020
LON_464,CID_458,Home,4661957.22,8.86,Approved,22-01-2024
LON_465,CID_4963,Eduction Loan,1141213.6,8.76,Approved,22-04-2023
LON_466,CID_4356,LAP,4675567.4,9.06,Approved,24-12-2023
LON_467,CID_286,Home,1202700.32,8.77,Approved,11-04-2022
LON_468,CID_4402,Auto,678382.03,8.97,Approved,05-05-2025
LON_469,CID_3300,LAP,3722400.07,9.18,Approved,02-02-2025
LON_470,CID_1981,LAP,5811493.22,8.78,Approved,15-02-2025
LON_471,CID_286,Gold,108860.66,9.37,Approved,04-05-2022
LON_472,CID_2121,Gold,232367.72,9.4,Approved,25-04-2020
LON_473,CID_3858,Home,7390973.09,9.19,Approved,04-11-2025
LON_474,CID_3140,Home,5737285.2,9.34,Approved,01-09-2019
LON_475,CID_2622,LAP,2183269.63,9.15,Approved,13-04-2022
LON_476,CID_1190,LAP,2091198.54,9.39,Rejected,26-01-2020
LON_477,CID_1173,Eduction Loan,2378504.04,9.44,Rejected,03-06-2020
LON_478,CID_4359,Home,1743069.27,8.99,Approved,28-05-2023
LON_479,CID_668,Home,5408117,8.95,Approved,26-01-2024
LON_480,CID_3314,Business Loan,4014073.43,9.33,Approved,13-02-2022
LON_481,CID_4121,Gold,761695.64,9,Approved,17-01-2020
LON_482,CID_3579,Business Loan,3387890.34,9.02,Approved,29-12-2024
LON_483,CID_2536,Home,8729092.93,9.37,Approved,15-08-2022
LON_484,CID_424,Auto,1436179.76,,Rejected,08-11-2022
LON_485,CID_1403,Personal,194383.38,9.34,Approved,23-05-2020
LON_486,CID_2752,Gold,381518.96,9.49,Approved,24-06-2020
LON_487,CID_2238,Home,7932598.64,9.41,Approved,16-01-2023
LON_488,CID_2784,Personal,589173.46,9.43,Approved,12-06-2023
LON_489,CID_009,Business Loan,,8.93,,25-01-2020
LON_490,CID_064,Home,4552857.02,8.85,Approved,28-12-2023
LON_491,CID_1171,Personal,1058615.81,9.36,Rejected,26-09-2023
LON_492,CID_924,Gold,84537.8,9.04,Approved,24-02-2020
LON_493,CID_1262,,1013769.97,8.97,Approved,29-06-2020
LON_494,CID_3146,Personal,819237,8.76,Approved,08-12-2023
LON_495,CID_3987,Business Loan,1222666.17,9.31,Rejected,28-11-2025
LON_496,CID_3417,Eduction Loan,730009.57,9.42,Approved,19-05-2020
LON_497,CID_748,Auto,2413634.47,8.99,Approved,08-02-2022
LON_498,CID_2748,,5203871.37,9.2,Approved,20-04-2019
LON_499,CID_464,Home,4900867.59,9.13,Approved,25-04-2022
LON_500,CID_2138,Eduction Loan,2703946.43,9.47,Approved,06-04-2020
LON_501,CID_3248,Gold,521323.39,8.8,Rejected,19-02-2019
LON_502,CID_4869,Auto,460159.77,9.4,Approved,05-02-2023
LON_503,CID_131,Business Loan,1029297.5,9.1,Rejected,26-10-2019
LON_504,CID_3580,LAP,752468.21,8.95,Approved,05-09-2019
LON_505,CID_3601,LAP,2219468.26,9.28,Approved,01-10-2023
LON_506,CID_2812,Personal,978779.07,9.15,Approved,09-12-2019
LON_507,CID_2959,,791391.81,8.9,Approved,06-01-2025
LON_508,CID_2817,Gold,481556.62,9.32,Approved,28-09-2019
LON_509,CID_768,,2299933.01,9.47,Approved,28-09-2021
LON_510,CID_1047,Gold,119309.67,9.21,Approved,
LON_511,CID_4660,Personal,1076455.88,9.28,Approved,21-11-2022
LON_512,CID_2382,LAP,5546013.58,9.29,Approved,03-06-2020
LON_513,CID_2412,Business Loan,4454790.85,9.33,Approved,25-10-2023
LON_514,CID_4410,LAP,727942.33,9.28,Approved,12-11-2019
LON_515,CID_3308,Gold,423302.05,8.79,Rejected,14-11-2020
LON_516,CID_2062,Home,2668486.69,8.83,Approved,17-04-2020
LON_517,CID_414,Business Loan,2642359.45,8.78,Rejected,28-09-2021
LON_518,CID_4916,Gold,310261.9,9.44,Approved,25-05-2019
LON_519,CID_2224,Eduction Loan,2750448.24,9.31,Approved,11-08-2022
LON_520,CID_3330,Gold,735208.17,8.99,Approved,30-05-2025
LON_521,CID_414,Personal,777959.37,9.43,Approved,13-10-2024
LON_522,CID_2963,Gold,83073.36,,Approved,26-06-2022
LON_523,CID_2771,Personal,851982.52,8.76,Approved,28-04-2025
LON_524,CID_1755,Business Loan,3189044.11,9.1,Approved,13-07-2024
LON_525,CID_3690,Business Loan,4522127.83,9.32,Approved,27-01-2019
LON_526,CID_3024,Personal,387846.73,9.01,Approved,09-02-2019
LON_527,CID_925,Personal,1150447.27,9.03,Approved,13-06-2022
LON_528,CID_1261,Home,5003423.16,8.93,Approved,03-09-2019
LON_529,CID_3719,Business Loan,1543161.3,8.78,Approved,29-10-2024
LON_530,CID_854,Business Loan,4498774.11,9.09,Approved,06-07-2025
LON_531,CID_547,LAP,1194542.8,9.36,Approved,14-05-2025
LON_532,CID_3515,Gold,540081.82,8.85,Approved,14-07-2022
LON_533,CID_655,Business Loan,4193119.21,8.99,Approved,14-08-2021
LON_534,CID_1466,Home,1656950.69,9.33,Approved,08-03-2020
LON_535,CID_4071,Gold,388862.44,9.05,Approved,
LON_536,CID_347,Auto,,9.39,,31-05-2022
LON_537,CID_3197,Home,7605360.38,9,Approved,13-10-2021
LON_538,CID_279,Gold,425363.95,9.26,Approved,13-12-2020
LON_539,CID_4141,Gold,,9.17,,23-01-2020
LON_540,CID_1152,Personal,1215650.29,8.85,Approved,29-06-2021
LON_541,CID_2294,Home,7501224.03,9.03,Approved,11-12-2019
LON_542,CID_1130,Eduction Loan,317462.82,,Approved,22-12-2023
LON_543,CID_4136,,1362363.06,9.37,Approved,24-06-2019
LON_544,CID_4410,Personal,293584.35,9.18,Approved,06-06-2023
LON_545,CID_2457,Personal,604957.69,,Approved,
LON_546,CID_2183,Auto,1198126.86,8.86,Approved,02-12-2025
LON_547,CID_789,Business Loan,1616504.78,9.06,Approved,07-09-2019
LON_548,CID_2234,Auto,1050085.9,9.06,Approved,23-11-2024
LON_549,CID_3220,Business Loan,4971618.93,9.16,Approved,16-04-2023
LON_550,CID_2927,Gold,449278.71,9.11,Rejected,19-08-2024
LON_551,CID_2512,Gold,238235.48,8.77,Approved,01-05-2019
LON_552,CID_2093,Personal,,9.1,,
LON_553,CID_1992,Home,1351141.87,9.24,Approved,18-08-2019
LON_554,CID_1589,LAP,5971584.11,9.35,Approved,12-12-2020
LON_555,CID_257,Home,5536415.83,9.35,Approved,20-08-2025
LON_556,CID_1697,Business Loan,3562691.86,9.46,Approved,25-04-2025
LON_557,CID_1582,Eduction Loan,2965218.01,9.41,Approved,19-06-2022
LON_558,CID_4679,Gold,59232.08,8.79,Approved,23-03-2019
LON_559,CID_3066,Gold,30526.29,9.44,Approved,18-06-2020
LON_560,CID_186,Business Loan,,9.35,,01-09-2019
LON_561,CID_3284,Home,5486177.99,9.44,Approved,25-11-2024
LON_562,CID_3037,Personal,591706.63,9.46,Approved,18-02-2020
LON_563,CID_4345,Auto,908117.53,9.48,Approved,25-11-2023
LON_564,CID_3205,Business Loan,1722960.29,9.28,Approved,18-11-2025
LON_565,CID_1116,Home,6157019.19,9.36,Approved,21-04-2022
LON_566,CID_286,Home,6695063.13,9.46,Rejected,23-05-2023
LON_567,CID_931,Home,5620303.67,9.44,Rejected,23-06-2021
LON_568,CID_1509,Gold,138295.39,9.31,Approved,01-08-2022
LON_569,CID_4027,Business Loan,4449537.22,8.82,Approved,07-10-2022
LON_570,CID_957,Personal,434558.04,8.94,Approved,17-11-2021
LON_571,CID_3728,Business Loan,206149.56,9.04,Approved,12-11-2020
LON_572,CID_2040,Gold,708963.41,9.01,Approved,17-05-2024
LON_573,CID_2895,Home,4335943.06,9.35,Approved,24-03-2019
LON_574,CID_1437,Auto,2386406.01,8.81,Approved,18-03-2023
LON_575,CID_4321,Business Loan,560011.62,9.46,Rejected,16-10-2022
LON_576,CID_1396,Business Loan,348767.38,9.46,Approved,14-11-2023
LON_577,CID_4802,Personal,196823.83,8.9,Approved,19-03-2025
LON_578,CID_4907,Auto,1702405.05,,Approved,29-05-2023
LON_579,CID_2679,Eduction Loan,1523750,8.79,Approved,25-12-2019
LON_580,CID_1853,Eduction Loan,2019858.66,9.2,Approved,16-04-2019
LON_581,CID_2796,Home,5924620.6,9.48,Approved,18-04-2020
LON_582,CID_4833,Eduction Loan,1252655.31,9.12,Approved,09-01-2020
LON_583,CID_382,Gold,172358.54,9.41,Approved,31-12-2023
LON_584,CID_543,Auto,1183389.99,8.95,Approved,30-04-2025
LON_585,CID_4812,Home,6893998.71,9.25,Approved,09-11-2022
LON_586,CID_4659,Gold,777443.26,9.19,Approved,05-05-2023
LON_587,CID_2114,Gold,773533.33,9.27,Rejected,03-06-2025
LON_588,CID_4467,Gold,260116.12,,Rejected,
LON_589,CID_1298,LAP,6333048.91,9.35,Approved,15-12-2025
LON_590,CID_1888,Personal,1426419.48,9.09,Rejected,15-11-2020
LON_591,CID_1807,Eduction Loan,658905.64,8.78,Approved,19-11-2023
LON_592,CID_772,Eduction Loan,1918956.02,9.38,Approved,02-10-2019
LON_593,CID_4121,Gold,458400.44,9.16,Rejected,29-10-2024
LON_594,CID_976,,135855.01,9.28,Approved,15-09-2023
LON_595,CID_938,Gold,145224.59,9.17,Approved,15-02-2020
LON_596,CID_3710,LAP,5522949.47,9.34,Rejected,09-11-2022
LON_597,CID_1552,Auto,1050152.16,9.11,Approved,
LON_598,CID_336,,1096988.8,9.21,Approved,04-07-2023
LON_599,CID_2382,Gold,714972.14,,Approved,30-04-2024
LON_600,CID_4377,Auto,197547.29,9.36,Approved,22-02-2022
LON_601,CID_2738,Eduction Loan,2118930.25,,Rejected,04-07-2020
LON_602,CID_800,,2326930.94,9.37,Approved,04-09-2023
LON_603,CID_4603,Home,4254591.08,9.44,Approved,07-06-2024
LON_604,CID_2823,Eduction Loan,1184339.61,8.79,Approved,
LON_605,CID_263,Business Loan,2632617.32,8.85,Rejected,18-05-2025
LON_606,CID_289,Home,2138489.3,9.37,Approved,18-10-2021
LON_607,CID_4156,Gold,,9.02,,17-02-2023
LON_608,CID_3324,LAP,2959513.26,9.44,Approved,17-09-2021
LON_609,CID_4912,Gold,487413.57,8.88,Rejected,31-07-2025
LON_610,CID_2548,Auto,958985.16,9.38,Approved,
LON_611,CID_2006,Personal,610520.22,8.87,Approved,27-05-2021
LON_612,CID_164,Business Loan,1280537.8,8.91,Approved,03-10-2024
LON_613,CID_1555,Eduction Loan,2362880.63,9.33,Approved,25-06-2020
LON_614,CID_2457,,5665794.22,8.92,Approved,05-06-2022
LON_615,CID_4171,Gold,719521.89,9.39,Approved,12-06-2021
LON_616,CID_059,Auto,1741410.97,9.37,Approved,24-02-2020
LON_617,CID_2530,,6996176.85,9.47,Approved,18-04-2025
LON_618,CID_2952,Auto,1758370.87,9.11,Approved,
LON_619,CID_1697,Eduction Loan,902966.3,9.24,Rejected,08-05-2022
LON_620,CID_3620,Home,4896995.48,8.93,Approved,23-09-2025
LON_621,CID_2687,Business Loan,1734011.54,8.85,Approved,30-07-2024
LON_622,CID_1715,Auto,2281242.17,9.05,Approved,16-07-2025
LON_623,CID_3218,Auto,1857392.21,8.92,Approved,02-05-2024
LON_624,CID_1620,LAP,2311305.35,8.88,Approved,05-04-2025
LON_625,CID_1652,Auto,379367.2,8.85,Approved,08-04-2025
LON_626,CID_2790,Business Loan,4518037.56,9.24,Approved,03-07-2021
LON_627,CID_4153,Gold,636829.64,9,Approved,19-04-2022
LON_628,CID_628,Eduction Loan,441566.27,8.79,Approved,
LON_629,CID_4701,Gold,714858.07,9.13,Rejected,13-04-2023
LON_630,CID_3080,Auto,1120802.05,9.4,Approved,31-03-2021
LON_631,CID_2869,Gold,790137.53,9.42,Rejected,09-08-2020
LON_632,CID_1591,Eduction Loan,2175438.52,9.33,Approved,28-01-2026
LON_633,CID_1405,Auto,1641072.58,8.75,Approved,21-11-2020
LON_634,CID_3878,Gold,,9.33,,12-11-2023
LON_635,CID_1783,Gold,360349.6,9.11,Approved,26-12-2024
LON_636,CID_1717,Business Loan,,8.76,,15-12-2024
LON_637,CID_2835,Personal,1031284.81,9.22,Approved,
LON_638,CID_410,Home,1373019.9,,Approved,25-09-2019
LON_639,CID_3044,Auto,2378888.93,9.09,Approved,16-11-2024
LON_640,CID_3220,Gold,713740.01,9.5,Approved,30-06-2024
LON_641,CID_146,Eduction Loan,646435.5,9.46,Rejected,11-07-2023
LON_642,CID_4478,Home,2406731.59,9.49,Approved,31-03-2019
LON_643,CID_2272,Home,1546876.84,9.28,Approved,17-03-2023
LON_644,CID_159,Eduction Loan,1650726.96,8.79,Rejected,18-03-2020
LON_645,CID_2254,Personal,,9.06,,19-02-2025
LON_646,CID_2746,Gold,570438.53,8.9,Approved,08-02-2019
LON_647,CID_1198,Gold,539481.72,9.25,Approved,16-10-2025
LON_648,CID_2530,Gold,669602.59,8.83,Approved,27-04-2020
LON_649,CID_4660,Personal,1187902.1,9.12,Approved,13-12-2021
LON_650,CID_4410,Home,3542335.61,9.06,Approved,23-02-2025
LON_651,CID_800,Home,6349733.28,9.11,Approved,22-02-2019
LON_652,CID_4560,Personal,1261086.64,9.25,Approved,04-01-2020
LON_653,CID_4111,Personal,1099167.24,8.83,Approved,04-08-2021
LON_654,CID_2636,Auto,770693.8,8.79,Approved,
LON_655,CID_410,Auto,2033750.84,8.98,Approved,25-01-2020
LON_656,CID_3942,Personal,1285398.15,9.25,Approved,04-01-2023
LON_657,CID_1652,LAP,2097672.97,9.3,Approved,04-11-2022
LON_658,CID_4281,Personal,,9.47,,29-04-2023
LON_659,CID_524,Eduction Loan,,9.41,,26-06-2020
LON_660,CID_3944,Eduction Loan,562246.65,9.06,Approved,19-05-2025
LON_661,CID_4324,Home,5696246.85,9.33,Approved,19-06-2020
LON_662,CID_2861,Gold,116961.86,9.06,Approved,07-12-2021
LON_663,CID_2025,Personal,1071623.86,9.26,Approved,19-06-2025
LON_664,CID_854,,4391089.11,9.14,Approved,07-12-2025
LON_665,CID_1306,Gold,539519.21,8.94,Approved,26-04-2023
LON_666,CID_1396,Eduction Loan,2496669.68,9.42,Approved,17-02-2019
LON_667,CID_4377,,5987265.35,9.39,Rejected,03-11-2019
LON_668,CID_4910,Auto,716095.77,9.48,Approved,01-07-2021
LON_669,CID_4040,Business Loan,2017460.44,9.36,Approved,25-12-2023
LON_670,CID_141,Personal,1292054.38,9.09,Approved,30-07-2024
LON_671,CID_2778,,634987.51,8.78,Approved,08-01-2020
LON_672,CID_3263,LAP,4067628.23,9.24,Approved,
LON_673,CID_4230,Eduction Loan,257398.12,8.92,Approved,13-04-2025
LON_674,CID_012,Business Loan,3354402.59,9.29,Approved,27-06-2021
LON_675,CID_4656,Auto,984576.6,9.23,Approved,21-02-2025
LON_676,CID_3687,Auto,1799925.73,8.78,Approved,29-07-2020
LON_677,CID_1930,Personal,418719.5,8.9,Approved,29-05-2023
LON_678,CID_416,Gold,664906.69,8.89,Approved,25-08-2023
LON_679,CID_4113,Business Loan,4219837.94,9.19,Approved,20-01-2024
LON_680,CID_4702,Business Loan,3028717.6,9.13,Rejected,18-01-2019
LON_681,CID_4532,Business Loan,433143.71,9.45,Approved,01-06-2024
LON_682,CID_925,Eduction Loan,2771370.71,,Approved,09-06-2020
LON_683,CID_3756,Gold,536291.79,9.2,Approved,25-04-2023
LON_684,CID_2677,LAP,6436598.62,9.32,Approved,05-11-2022
LON_685,CID_2732,Gold,649693.56,8.85,Approved,29-09-2024
LON_686,CID_1974,Eduction Loan,2134333.5,9.4,Approved,17-03-2025
LON_687,CID_1597,Home,,9.29,,27-06-2020
LON_688,CID_4971,,3934692.91,9.23,Approved,13-12-2022
LON_689,CID_2571,Gold,478760.83,9.46,Approved,26-12-2024
LON_690,CID_1274,Eduction Loan,1324920.47,8.76,Approved,10-04-2023
LON_691,CID_2575,,1021868.56,8.9,Approved,21-10-2020
LON_692,CID_1827,Business Loan,1402692.84,9.38,Approved,23-04-2022
LON_693,CID_4963,,1669399.05,9.02,Approved,28-11-2025
LON_694,CID_2612,Eduction Loan,750491.42,9.24,Approved,23-09-2024
LON_695,CID_4913,Business Loan,3389569.13,9.44,Approved,04-07-2022
LON_696,CID_2040,Personal,68799.59,8.94,Approved,20-12-2023
LON_697,CID_1766,Business Loan,3582219.53,9.24,Approved,16-02-2025
LON_698,CID_1688,Eduction Loan,2202252.11,,Approved,02-11-2019
LON_699,CID_4939,,6748175.63,8.84,Approved,17-02-2022
LON_700,CID_4171,Auto,455656.35,9.19,Approved,
LON_701,CID_436,Business Loan,4699973.36,8.78,Rejected,10-09-2025
LON_702,CID_4909,Eduction Loan,2803907.41,9.21,Approved,02-07-2024
LON_703,CID_4650,Auto,321269.87,9.28,Approved,23-01-2021
LON_704,CID_827,Personal,1190074.45,,Approved,11-07-2023
LON_705,CID_2670,Auto,669815.49,8.91,Approved,17-01-2023
LON_706,CID_063,Home,8577620.35,9.21,Approved,18-04-2025
LON_707,CID_2167,Personal,1019960.78,9.08,Rejected,18-11-2025
LON_708,CID_3456,Personal,1039699.47,8.99,Rejected,09-04-2020
LON_709,CID_4580,Auto,1419557.69,8.96,Rejected,16-03-2023
LON_710,CID_2923,Eduction Loan,1575333.22,9.12,Approved,27-02-2021
LON_711,CID_4733,LAP,851714.5,8.82,Rejected,12-01-2025
LON_712,CID_3839,Personal,959052.96,,Approved,23-05-2021
LON_713,CID_632,Eduction Loan,401387.75,9.15,Approved,18-11-2023
LON_714,CID_789,Business Loan,3493008.99,8.77,Approved,05-06-2019
LON_715,CID_2058,Personal,128688.7,9.35,Approved,13-06-2025
LON_716,CID_131,Auto,1107937.03,9.09,Approved,19-07-2022
LON_717,CID_559,Gold,548440.02,9.15,Approved,07-12-2025
LON_718,CID_4472,Eduction Loan,2263257.99,8.78,Rejected,05-01-2023
LON_719,CID_3942,Personal,470263.07,9.26,Approved,27-02-2022
LON_720,CID_1995,Gold,334237.21,9.25,Approved,25-12-2024
LON_721,CID_1270,Home,6847408.25,9.35,Rejected,23-04-2022
LON_722,CID_087,Auto,1741629.26,9.44,Approved,09-03-2023
LON_723,CID_3530,,6160938.42,8.86,Approved,03-06-2025
LON_724,CID_1888,LAP,3968420.52,8.81,Approved,09-11-2022
LON_725,CID_2005,Gold,727333.58,9.39,Approved,23-01-2021
LON_726,CID_464,LAP,5892814.06,8.9,Approved,12-05-2025
LON_727,CID_650,Eduction Loan,2278021.26,9.49,Approved,01-03-2025
LON_728,CID_4345,,1728460.34,8.94,Approved,06-07-2025
LON_729,CID_595,Auto,989275.14,9.25,Approved,13-03-2022
LON_730,CID_1339,Home,3201180.47,9.09,Approved,06-06-2022
LON_731,CID_031,LAP,4097974.68,9.36,Rejected,21-11-2020
LON_732,CID_2463,Auto,728511.58,,Approved,22-11-2023
LON_733,CID_4145,Eduction Loan,1142509.4,9.26,Approved,19-05-2024
LON_734,CID_737,Gold,306231.03,8.98,Approved,20-12-2020
LON_735,CID_2330,Eduction Loan,913786.22,9.37,Rejected,15-03-2021
LON_736,CID_4513,Business Loan,4454411.99,8.81,Approved,18-03-2019
LON_737,CID_1901,Business Loan,349732.31,9.19,Approved,13-08-2025
LON_738,CID_1306,,849811.3,9.16,Rejected,17-04-2024
LON_739,CID_1185,Auto,1072371.11,9.42,Approved,06-04-2022
LON_740,CID_2132,Gold,415864.84,8.82,Approved,13-02-2019
LON_741,CID_1231,Eduction Loan,2895600.78,9.49,Approved,
LON_742,CID_4328,Gold,152601.26,9.17,Approved,21-08-2020
LON_743,CID_3315,Auto,244986.59,9.32,Approved,18-12-2021
LON_744,CID_3487,Home,863871.75,8.91,Rejected,19-01-2023
LON_745,CID_924,Gold,736784.5,9.41,Approved,20-08-2022
LON_746,CID_4833,Business Loan,4848518.72,,Approved,14-12-2021
LON_747,CID_4604,LAP,1464793.77,9.24,Approved,15-11-2019
LON_748,CID_3106,Auto,1034372.64,9.43,Approved,16-12-2022
LON_749,CID_3963,Gold,640346.24,9.42,Approved,23-07-2020
LON_750,CID_1688,Home,2454921.51,9.14,Approved,07-09-2020
LON_751,CID_3730,Home,3578895.03,9.29,Approved,01-08-2021
LON_752,CID_1884,Eduction Loan,1057651.82,8.84,Approved,16-05-2024
LON_753,CID_1123,LAP,1380349.94,9.38,Approved,26-06-2019
LON_754,CID_1294,LAP,4268729.32,8.85,Approved,02-06-2025
LON_755,CID_4987,Personal,291194.98,9.44,Approved,19-07-2023
LON_756,CID_767,Business Loan,289376.17,9.29,Approved,07-03-2022
LON_757,CID_1992,Home,4318228.57,9.49,Rejected,29-11-2020
LON_758,CID_4556,Eduction Loan,1291223.87,8.86,Approved,14-01-2021
LON_759,CID_592,Auto,544146,9.26,Rejected,09-09-2025
LON_760,CID_4477,,3714796.49,8.85,Approved,11-11-2024
LON_761,CID_336,Business Loan,2215016.06,8.86,Approved,03-05-2024
LON_762,CID_4798,Eduction Loan,1641146.86,9.31,Approved,17-06-2020
LON_763,CID_4656,Eduction Loan,103480.6,9.45,Approved,03-11-2023
LON_764,CID_4311,Gold,315190.64,8.78,Approved,28-07-2021
LON_765,CID_879,Eduction Loan,2329147.85,9.01,Approved,
LON_766,CID_2536,Gold,133089.99,9.11,Approved,10-12-2019
LON_767,CID_4659,LAP,6174334.3,9.06,Approved,30-01-2019
LON_768,CID_3683,Personal,803654.68,9.03,Approved,17-07-2022
LON_769,CID_4763,Auto,400470.56,9.07,Approved,06-12-2021
LON_770,CID_1827,Gold,464796.08,9.21,Rejected,16-06-2023
LON_771,CID_4929,Gold,,9.17,,09-04-2025
LON_772,CID_1210,Gold,225408.79,8.98,Approved,19-06-2023
LON_773,CID_904,Eduction Loan,2605108.53,8.84,Approved,24-10-2020
LON_774,CID_446,Home,4820920.12,9.34,Approved,20-11-2025
LON_775,CID_4218,Home,3807381.28,9.23,Approved,18-08-2020
LON_776,CID_332,LAP,3217028.81,8.8,Approved,24-11-2019
LON_777,CID_2575,Business Loan,2044764.85,9.49,Approved,04-11-2024
LON_778,CID_4398,Business Loan,4824943.15,8.79,Approved,18-12-2020
LON_779,CID_2571,Gold,38247.01,9.39,Rejected,23-10-2024
LON_780,CID_1545,Home,785679.49,9.2,Approved,06-08-2021
LON_781,CID_769,Business Loan,373093.44,8.93,Approved,06-10-2020
LON_782,CID_1800,Auto,1982231.27,9.01,Approved,28-07-2025
LON_783,CID_2544,LAP,402955.7,9.28,Rejected,01-03-2025
LON_784,CID_2043,Business Loan,4182871.05,9.44,Approved,06-02-2022
LON_785,CID_2316,LAP,6752482.83,9.09,Approved,20-01-2019
LON_786,CID_3064,Home,3960644.32,8.83,Approved,20-04-2022
LON_787,CID_2238,Personal,1214266.25,9.47,Rejected,12-06-2025
LON_788,CID_3059,Business Loan,2325289.47,9.03,Approved,23-09-2021
LON_789,CID_4311,Eduction Loan,1430660.45,9.1,Approved,23-04-2019
LON_790,CID_2071,Personal,423838.66,9.04,Approved,21-06-2021
LON_791,CID_2330,,1015619.01,9.47,Approved,09-02-2019
LON_792,CID_679,,2941961.45,9.05,Approved,01-11-2022
LON_793,CID_2383,,,9.11,,07-06-2025
LON_794,CID_1783,,8550503.93,9.26,Rejected,05-08-2024
LON_795,CID_2237,Home,6751147.05,9.4,Approved,
LON_796,CID_4387,Eduction Loan,1893931.01,8.87,Approved,18-11-2019
LON_797,CID_3322,LAP,344378.63,9.39,Rejected,29-05-2024
LON_798,CID_2448,LAP,2413293.27,9.42,Rejected,11-06-2025
LON_799,CID_2008,Gold,170811.33,9.32,Approved,18-06-2023
LON_800,CID_4808,Eduction Loan,1772329.04,8.79,Approved,13-05-2024
LON_801,CID_4113,,778589.06,9.05,Approved,16-12-2020
LON_802,CID_1884,Personal,1062454.62,9.1,Approved,18-02-2019
LON_803,CID_1691,Gold,,8.99,,29-11-2021
LON_804,CID_3287,LAP,2061088.53,8.95,Rejected,
LON_805,CID_3284,Home,4739545.14,,Approved,05-03-2023
LON_806,CID_2066,Eduction Loan,1261718.53,9.09,Approved,16-06-2025
LON_807,CID_3401,Eduction Loan,389622.25,8.95,Approved,06-11-2023
LON_808,CID_1590,Home,1739671.75,9.47,Approved,09-02-2019
LON_809,CID_4735,Gold,414690.33,9.5,Rejected,18-10-2024
LON_810,CID_420,Business Loan,1715490.79,9.11,Approved,14-05-2025
LON_811,CID_4262,Gold,106210.6,,Approved,07-11-2021
LON_812,CID_3225,Eduction Loan,1926600.42,9.09,Approved,18-01-2023
LON_813,CID_1062,LAP,4035192.97,9.36,Approved,14-08-2023
LON_814,CID_4780,Auto,,9.47,,16-06-2025
LON_815,CID_4347,Home,8824671.63,8.96,Approved,21-09-2024
LON_816,CID_4153,Eduction Loan,,9.42,,19-03-2022
LON_817,CID_3823,Business Loan,4791653.27,9.4,Approved,13-10-2022
LON_818,CID_1442,Business Loan,,9.05,,21-11-2019
LON_819,CID_3554,Auto,686312.16,8.99,Approved,31-12-2021
LON_820,CID_4650,Auto,,9.34,,01-08-2025
LON_821,CID_2252,Gold,,8.89,,19-08-2021
LON_822,CID_854,Business Loan,3563345.26,8.81,Approved,26-02-2020
LON_823,CID_4668,Personal,1408350.81,9.1,Approved,15-06-2023
LON_824,CID_3493,Eduction Loan,2988439.82,8.83,Approved,12-12-2019
LON_825,CID_1155,Auto,688986.5,9.3,Approved,01-06-2020
LON_826,CID_4262,,5918069.12,8.77,Approved,
LON_827,CID_1187,Gold,780735.79,9.16,Approved,28-12-2023
LON_828,CID_4992,Business Loan,2788580.33,9.19,Approved,
LON_829,CID_4306,Gold,433064.05,9.23,Approved,23-11-2022
LON_830,CID_2302,LAP,1821760.58,8.82,Approved,16-08-2023
LON_831,CID_3093,Home,3080369.78,8.75,Approved,12-07-2020
LON_832,CID_2735,Auto,1252615.19,8.76,Rejected,08-05-2024
LON_833,CID_4900,Personal,1160510.34,9.35,Approved,30-01-2019
LON_834,CID_1449,Auto,593141.8,9.41,Approved,20-10-2021
LON_835,CID_706,Business Loan,3738165.7,9.04,Approved,13-12-2021
LON_836,CID_2410,Gold,511498.72,9.14,Approved,16-11-2025
LON_837,CID_592,Auto,1673874.05,9.15,Approved,09-02-2021
LON_838,CID_2412,Home,1661304.28,,Approved,29-01-2024
LON_839,CID_4745,Business Loan,3189218.15,8.89,Approved,23-07-2019
LON_840,CID_060,Personal,319609.52,8.83,Approved,01-12-2023
LON_841,CID_2834,,1266674.36,8.76,Approved,18-09-2023
LON_842,CID_2989,,2418440.82,9.5,Approved,10-05-2019
LON_843,CID_631,Personal,1273142.13,9.46,Approved,27-05-2023
LON_844,CID_102,LAP,3449983.4,8.89,Rejected,12-04-2023
LON_845,CID_2203,Personal,1463167.83,9.29,Approved,20-12-2023
LON_846,CID_4654,Business Loan,4973769.96,8.9,Approved,20-01-2020
LON_847,CID_2937,Business Loan,4914156.09,9.1,Approved,02-07-2022
LON_848,CID_1071,Home,5847896.16,8.78,Rejected,03-11-2024
LON_849,CID_1975,Auto,1280889.54,8.97,Approved,02-08-2019
LON_850,CID_1051,,392150.46,9.08,Approved,04-02-2022
LON_851,CID_1355,Gold,637640.71,8.76,Approved,30-04-2024
LON_852,CID_3047,Auto,1961372.95,8.94,Approved,08-12-2025
LON_853,CID_950,Eduction Loan,1912883.76,8.79,Approved,05-01-2025
LON_854,CID_3954,Home,4646664.5,8.99,Approved,
LON_855,CID_2243,Business Loan,1126233.44,,Approved,05-07-2020
LON_856,CID_1715,Personal,753688.09,9.08,Approved,30-06-2024
LON_857,CID_4927,LAP,1550399.08,,Approved,01-02-2022
LON_858,CID_4813,Home,,8.87,,14-12-2021
LON_859,CID_143,Auto,1217085.6,9.33,Approved,29-01-2021
LON_860,CID_4784,LAP,6040756.23,9.33,Approved,17-09-2019
LON_861,CID_1350,Eduction Loan,1223723.44,9.14,Approved,08-03-2025
LON_862,CID_4660,LAP,2196964.86,,Approved,30-01-2020
LON_863,CID_1807,Business Loan,520063.25,9.38,Approved,09-05-2019
LON_864,CID_4368,Personal,753786.92,8.82,Approved,11-05-2023
LON_865,CID_628,LAP,4480602.24,9.19,Approved,23-06-2021
LON_866,CID_4178,Personal,,8.91,,24-11-2019
LON_867,CID_3314,Eduction Loan,1952858.48,9.02,Approved,31-08-2023
LON_868,CID_612,Eduction Loan,2154457.98,9.37,Approved,16-06-2019
LON_869,CID_913,Eduction Loan,981323.19,9.46,Rejected,02-02-2020
LON_870,CID_1603,Business Loan,1308886.42,9.04,Approved,15-10-2021
LON_871,CID_3215,LAP,5319602.2,9.06,Approved,28-02-2026
LON_872,CID_1612,Business Loan,2401858.84,9.25,Rejected,14-11-2020
LON_873,CID_3992,LAP,2990433.06,9,Approved,23-09-2025
LON_874,CID_3717,Auto,2270839.68,9.16,Rejected,03-03-2023
LON_875,CID_4985,Eduction Loan,1936398.38,9.37,Approved,12-09-2021
LON_876,CID_3225,LAP,1733318.51,9.32,Rejected,06-11-2021
LON_877,CID_125,Gold,374574.84,9.05,Approved,11-03-2022
LON_878,CID_1928,LAP,1205074.25,9.42,Approved,27-06-2021
LON_879,CID_4917,Eduction Loan,1013223.56,9.33,Rejected,04-02-2022
LON_880,CID_4129,LAP,4027364.67,9.44,Approved,04-06-2019
LON_881,CID_2098,Auto,516851.7,8.95,Rejected,20-10-2021
LON_882,CID_693,Auto,2056024.46,,Approved,09-06-2021
LON_883,CID_854,,1758521.86,9.11,Approved,18-06-2025
LON_884,CID_700,LAP,4603105.97,8.78,Approved,12-04-2023
LON_885,CID_3743,Eduction Loan,262175.86,9.33,Approved,14-11-2023
LON_886,CID_090,Eduction Loan,449567.53,9.33,Approved,03-10-2025
LON_887,CID_2896,Business Loan,,9.04,,18-06-2019
LON_888,CID_434,LAP,4084916.39,9,Approved,19-09-2020
LON_889,CID_4478,Business Loan,3711577.15,9.04,Approved,03-09-2025
LON_890,CID_3034,Personal,372024.16,8.97,Approved,25-06-2020
LON_891,CID_765,Personal,739989.25,9.31,Approved,11-12-2021
LON_892,CID_4303,Gold,416403.8,9.33,Approved,06-07-2020
LON_893,CID_4668,LAP,1627327.14,9.05,Approved,17-04-2025
LON_894,CID_810,Home,2559678.28,8.95,Approved,17-06-2025
LON_895,CID_3102,Personal,1024033.95,9.07,Approved,06-08-2022
LON_896,CID_3982,LAP,4691246.05,9.33,Approved,03-12-2022
LON_897,CID_3336,LAP,,8.78,,
LON_898,CID_2154,Home,6940737.15,9.39,Approved,
LON_899,CID_3084,LAP,6509088.96,9.4,Approved,26-02-2019
LON_900,CID_1873,Business Loan,4060547.71,8.98,Approved,21-09-2022
LON_901,CID_4901,Business Loan,2782426.2,8.9,Approved,25-11-2021
LON_902,CID_3354,Gold,509742.33,9.49,Approved,17-03-2019
LON_903,CID_2538,LAP,6370469.92,9.15,Approved,04-09-2019
LON_904,CID_576,Home,7208102.2,9.21,Approved,04-02-2019
LON_905,CID_951,Gold,538487.08,9.25,Rejected,15-01-2023
LON_906,CID_4532,Personal,474118.59,9.41,Approved,09-04-2023
LON_907,CID_794,Business Loan,678097.82,8.99,Rejected,17-12-2024
LON_908,CID_341,Home,2190439.2,9.48,Approved,30-03-2019
LON_909,CID_142,Home,8339295.98,8.98,Approved,05-10-2020
LON_910,CID_2461,Auto,1758131.68,9.02,Approved,15-08-2024
LON_911,CID_4929,Eduction Loan,,8.94,,01-05-2019
LON_912,CID_789,Auto,680119.34,9.01,Approved,16-07-2020
LON_913,CID_2057,Business Loan,2034594.18,9.47,Approved,06-01-2026
LON_914,CID_2979,Gold,215077.82,8.86,Rejected,15-10-2025
LON_915,CID_1810,Gold,447519.99,8.91,Approved,26-01-2025
LON_916,CID_3882,,500517.96,9.27,Rejected,07-07-2020
LON_917,CID_582,Eduction Loan,520941.95,9.45,Rejected,24-07-2022
LON_918,CID_274,LAP,3870842.36,9.29,Approved,19-08-2020
LON_919,CID_3992,Eduction Loan,1024193.59,9.48,Rejected,27-05-2022
LON_920,CID_1333,Business Loan,4682088.92,9.42,Rejected,26-01-2022
LON_921,CID_2365,Eduction Loan,645007.45,8.85,Approved,11-11-2025
LON_922,CID_3220,,4099188.72,8.92,Approved,17-04-2019
LON_923,CID_4196,,1047804.86,9.11,Approved,12-10-2025
LON_924,CID_1207,Business Loan,3317929.05,8.89,Approved,24-04-2024
LON_925,CID_2388,Home,2142708.55,8.77,Approved,03-03-2019
LON_926,CID_575,Gold,201366.74,,Approved,17-04-2021
LON_927,CID_2952,Home,,9.49,,29-06-2024
LON_928,CID_3398,Eduction Loan,1426880.3,8.94,Approved,21-06-2019
LON_929,CID_4768,Business Loan,1701907.96,9.21,Approved,29-08-2025
LON_930,CID_4068,LAP,4597338.62,9.28,Approved,23-03-2020
LON_931,CID_4779,Gold,666797.78,8.78,Rejected,25-10-2024
LON_932,CID_428,Gold,787549.6,8.78,Approved,27-01-2026
LON_933,CID_4136,Home,2975024.58,9.05,Approved,17-03-2022
LON_934,CID_1261,Home,4090928.55,9.21,Approved,18-10-2024
LON_935,CID_1611,Gold,669018,9.09,Approved,08-04-2020
LON_936,CID_3724,Eduction Loan,1797798.39,9.42,Approved,30-05-2023
LON_937,CID_4103,Auto,1209581.76,8.88,Approved,07-04-2021
LON_938,CID_1082,Personal,412619.33,9.27,Rejected,02-11-2020
LON_939,CID_3417,,215539.16,9.09,Approved,15-11-2024
LON_940,CID_4910,Business Loan,3997119.65,9.13,Rejected,01-04-2023
LON_941,CID_1446,Gold,63807.68,8.88,Approved,06-09-2020
LON_942,CID_2808,Eduction Loan,519361.38,9.33,Approved,15-06-2022
LON_943,CID_1157,Business Loan,3889426.03,9.08,Approved,26-04-2020
LON_944,CID_4435,Home,530029.64,9.32,Approved,31-07-2024
LON_945,CID_4254,LAP,5709945.58,9.21,Approved,07-06-2021
LON_946,CID_4879,,345816.55,,Approved,29-09-2021
LON_947,CID_1669,,1606450.19,9.17,Approved,20-07-2019
LON_948,CID_2727,Home,968043.47,9.01,Approved,13-05-2019
LON_949,CID_1438,Auto,2312904.04,8.79,Approved,31-12-2020
LON_950,CID_4971,,1565026.62,9.25,Approved,02-06-2025
LON_951,CID_834,Home,8713492.74,9.31,Approved,27-05-2019
LON_952,CID_3857,Eduction Loan,967954,9.03,Approved,05-10-2019
LON_953,CID_2979,Eduction Loan,1696366.14,8.97,Approved,29-01-2022
LON_954,CID_960,LAP,3072177.99,8.91,Approved,27-08-2019
LON_955,CID_2594,LAP,5189181.08,9.22,Rejected,04-06-2024
LON_956,CID_3174,Gold,498810.35,8.99,Approved,27-12-2025
LON_957,CID_4387,Home,5721464.84,9.12,Approved,31-07-2024
LON_958,CID_011,Eduction Loan,621730.97,9.21,Approved,03-03-2021
LON_959,CID_3730,Personal,84780.86,9.22,Approved,29-04-2021
LON_960,CID_090,Gold,,9.01,,19-05-2021
LON_961,CID_2737,Business Loan,1165698.27,8.96,Approved,
LON_962,CID_3071,LAP,3984957.12,9.33,Approved,27-09-2022
LON_963,CID_1745,,587785.41,9.21,Approved,20-12-2020
LON_964,CID_318,Auto,2109489.46,,Approved,27-04-2024
LON_965,CID_3024,Business Loan,,8.87,,08-01-2025
LON_966,CID_2735,,633671.56,9.06,Approved,04-11-2024
LON_967,CID_2999,,5157259.83,8.99,Approved,03-05-2021
LON_968,CID_2510,Eduction Loan,2756940.71,9.35,Approved,03-09-2020
LON_969,CID_3492,Eduction Loan,190402.18,9.49,Approved,10-11-2020
LON_970,CID_280,Home,5559130.87,9.4,Approved,
LON_971,CID_2754,Auto,1122593.48,9.12,Approved,26-01-2024
LON_972,CID_1807,Home,,8.88,,03-06-2019
LON_973,CID_1350,Personal,693472.43,8.77,Approved,
LON_974,CID_2963,Home,3390985.19,9.11,Rejected,25-06-2022
LON_975,CID_1173,Home,7040591.88,8.82,Rejected,15-10-2024
LON_976,CID_1023,Home,6658850.37,9.09,Approved,09-11-2024
LON_977,CID_3015,,500922.91,8.78,Rejected,23-12-2019
LON_978,CID_188,Gold,714673.12,8.83,Approved,03-07-2022
LON_979,CID_1732,LAP,5381908.6,9.23,Approved,01-04-2021
LON_980,CID_2424,Auto,800126.42,8.99,Approved,26-04-2020
LON_981,CID_4578,Home,1838716.13,8.84,Rejected,11-04-2025
LON_982,CID_2536,Personal,349537.2,9.01,Approved,02-08-2020
LON_983,CID_4808,LAP,1940327.99,8.8,Approved,19-10-2022
LON_984,CID_938,Gold,69059.16,8.77,Rejected,26-07-2019
LON_985,CID_4023,Gold,71425.9,9.07,Approved,07-09-2025
LON_986,CID_700,LAP,2682682.9,9,Approved,25-12-2024
LON_987,CID_877,Eduction Loan,2316842.02,9.18,Approved,02-04-2024
LON_988,CID_2089,Gold,269001.6,9.23,Approved,11-04-2024
LON_989,CID_3504,Home,1721634.31,9.42,Approved,28-01-2023
LON_990,CID_4094,Home,,9.25,,23-08-2022
LON_991,CID_1549,Gold,53303.38,9.11,Approved,04-03-2024
LON_992,CID_3632,Auto,1954662.56,9.2,Approved,26-02-2020
LON_993,CID_2752,Eduction Loan,2171391.95,8.83,Approved,18-10-2019
LON_994,CID_4900,LAP,3388531.51,9.19,Approved,25-09-2021
LON_995,CID_3889,Home,8778079.72,9.04,Approved,17-08-2025
LON_996,CID_1555,Eduction Loan,2942595.16,9.18,Approved,25-08-2021
LON_997,CID_986,Business Loan,3414104.94,9.3,Approved,16-06-2024
LON_998,CID_1589,LAP,4293705.81,8.99,Approved,29-12-2023
LON_999,CID_3385,Auto,2396326.1,,Approved,08-09-2025
LON_1000,CID_001,Auto,1311593.6,9.25,Approved,23-07-2020
LON_1001,CID_4030,Eduction Loan,525503.53,8.86,Approved,17-05-2023
LON_1002,CID_3923,Home,2248124.3,9.41,Approved,01-06-2022
LON_1003,CID_4550,Business Loan,4916385.46,9.01,Approved,03-02-2019
LON_1004,CID_452,Gold,682680.29,9.39,Approved,26-02-2025
LON_1005,CID_279,Personal,,9.37,,01-03-2022
LON_1006,CID_3659,Home,4169581.76,9.19,Approved,17-04-2023
LON_1007,CID_1697,Gold,365096.34,8.91,Approved,23-07-2020
LON_1008,CID_2615,LAP,2876786.89,9.44,Approved,
LON_1009,CID_1265,Eduction Loan,2043191.64,8.85,Approved,
LON_1010,CID_750,Business Loan,4447465.68,9.24,Rejected,10-07-2020
LON_1011,CID_3850,Home,5959064.65,9.06,Approved,11-10-2025
LON_1012,CID_3434,LAP,1504642.43,9.13,Approved,
LON_1013,CID_2119,Auto,680491.16,9.07,Approved,02-08-2024
LON_1014,CID_292,,2608298.26,9.06,Approved,12-02-2023
LON_1015,CID_718,Personal,873816.89,9.28,Approved,26-05-2024
LON_1016,CID_4165,Home,6706576.49,9.14,Rejected,18-02-2022
LON_1017,CID_698,LAP,824171.83,9.42,Approved,19-04-2024
LON_1018,CID_3084,Business Loan,3241700.79,9.35,Approved,05-08-2019
LON_1019,CID_2997,LAP,5516131.79,9.1,Approved,05-04-2024
LON_1020,CID_318,Gold,301744.2,9.48,Approved,17-11-2020
LON_1021,CID_2306,Business Loan,4629749.68,9.31,Approved,27-04-2025
LON_1022,CID_253,Personal,962485.08,9.18,Approved,10-04-2022
LON_1023,CID_2253,Auto,,8.85,,12-02-2022
LON_1024,CID_1569,Home,,8.96,,01-04-2020
LON_1025,CID_2319,LAP,5251080.46,9.24,Approved,19-12-2020
LON_1026,CID_3082,,,9.11,,16-05-2019
LON_1027,CID_3719,Personal,1452651.17,9.2,Approved,24-07-2024
LON_1028,CID_1884,Eduction Loan,1211184.28,9.25,Approved,16-11-2020
LON_1029,CID_449,LAP,5220219.44,9.01,Approved,20-04-2020
LON_1030,CID_2099,Home,4444126.89,9.11,Approved,21-12-2024
LON_1031,CID_3923,Gold,556302.67,9.04,Approved,12-12-2024
LON_1032,CID_4701,Personal,468748.72,9.35,Approved,17-07-2022
LON_1033,CID_3896,Business Loan,4788179.59,8.82,Approved,20-12-2022
LON_1034,CID_881,LAP,6450881.51,9.39,Approved,29-12-2021
LON_1035,CID_1753,Auto,1687706.71,9.04,Approved,17-09-2021
LON_1036,CID_084,LAP,2560624.24,9.27,Approved,21-02-2025
LON_1037,CID_925,Business Loan,240685.6,,Approved,21-11-2024
LON_1038,CID_296,Business Loan,2340522.58,8.91,Approved,01-03-2021
LON_1039,CID_1070,Personal,948125.97,8.79,Approved,07-06-2021
LON_1040,CID_1669,,4797417.62,,Approved,20-03-2023
LON_1041,CID_4094,,1058697.77,8.94,Approved,07-11-2019
LON_1042,CID_2283,Auto,1957993.96,9.27,Approved,17-08-2022
LON_1043,CID_3013,Home,7136216.04,8.96,Approved,11-05-2023
LON_1044,CID_4381,Personal,424445.98,9.36,Approved,12-10-2019
LON_1045,CID_4808,Home,5687566.02,8.88,Approved,
LON_1046,CID_2294,Eduction Loan,1350635.37,9.21,Approved,14-12-2023
LON_1047,CID_143,Personal,100548.3,,Approved,01-01-2024
LON_1048,CID_2360,Gold,144617.79,9.23,Rejected,
LON_1049,CID_4371,Home,6450469.19,9.43,Approved,
LON_1050,CID_4802,Gold,365764.4,9.38,Approved,15-10-2019
LON_1051,CID_1062,Home,528112.56,9.47,Approved,28-05-2024
LON_1052,CID_3593,LAP,3886537.31,9.49,Approved,25-05-2022
LON_1053,CID_3064,Personal,966795.16,9.47,Approved,29-12-2024
LON_1054,CID_1590,,1269713.3,9.32,Approved,11-04-2021
LON_1055,CID_945,LAP,,,,17-05-2023
LON_1056,CID_1715,Business Loan,3506444.4,9.11,Rejected,29-11-2023
LON_1057,CID_4358,Home,803435.45,8.77,Rejected,03-09-2021
LON_1058,CID_4052,Gold,78504.33,9.16,Approved,27-12-2024
LON_1059,CID_3632,Personal,,,,25-06-2019
LON_1060,CID_1310,Personal,356933.35,9.24,Approved,06-01-2025
LON_1061,CID_4358,Business Loan,2980859.42,9.44,Approved,02-08-2020
LON_1062,CID_1152,Business Loan,291502.43,9.43,Approved,21-09-2021
LON_1063,CID_4109,Personal,299761.06,8.79,Approved,03-02-2020
LON_1064,CID_984,LAP,1443618.9,9.19,Approved,11-03-2020
LON_1065,CID_3851,Gold,488132.6,9.21,Approved,10-04-2021
LON_1066,CID_1055,Auto,2057074.42,9.49,Approved,21-08-2022
LON_1067,CID_410,Business Loan,2964641.65,8.85,Approved,23-05-2021
LON_1068,CID_1511,LAP,1462099.25,8.8,Approved,28-08-2023
LON_1069,CID_356,Business Loan,1975651.25,8.87,Approved,11-07-2025
LON_1070,CID_121,,1349726.73,9.39,Approved,08-10-2020
LON_1071,CID_2538,Gold,92156.41,8.76,Rejected,
LON_1072,CID_1847,Gold,563997.72,9.34,Approved,03-06-2020
LON_1073,CID_332,Home,5938518.48,9.14,Approved,
LON_1074,CID_2746,LAP,,9.12,,12-01-2026
LON_1075,CID_854,Auto,1134146.79,9.17,Approved,11-12-2024
LON_1076,CID_4156,LAP,2724738.74,9.32,Approved,17-06-2021
LON_1077,CID_1310,Eduction Loan,1916746.31,8.91,Approved,06-04-2020
LON_1078,CID_377,Business Loan,,9.43,,16-10-2020
LON_1079,CID_4094,Personal,985048.21,8.96,Approved,01-10-2022
LON_1080,CID_263,,201410.59,8.79,Approved,09-10-2020
LON_1081,CID_2954,Gold,426475.86,8.8,Approved,27-12-2023
LON_1082,CID_2954,Gold,183038.57,9.26,Approved,27-03-2020
LON_1083,CID_2000,Home,1333545.14,9.3,Rejected,19-03-2023
LON_1084,CID_1952,Personal,,9.11,,16-08-2020
LON_1085,CID_3218,LAP,3348438.85,9.04,Approved,06-03-2021
LON_1086,CID_2510,Auto,625195.59,8.85,Approved,02-09-2019
LON_1087,CID_1995,Home,1444428.8,9.1,Approved,08-11-2022
LON_1088,CID_1546,Auto,1568544.56,9.34,Approved,09-11-2025
LON_1089,CID_4358,LAP,6799910.14,9.39,Approved,07-11-2024
LON_1090,CID_114,Eduction Loan,2987426.58,9.19,Approved,17-02-2022
LON_1091,CID_2017,Business Loan,2254929.76,9.4,Approved,14-11-2023
LON_1092,CID_380,LAP,6639890.78,9.44,Rejected,08-09-2023
LON_1093,CID_4708,Personal,1487346.58,9.3,Approved,10-10-2023
LON_1094,CID_4402,Gold,399037.39,9.35,Approved,28-01-2024
LON_1095,CID_1975,Home,1206277.95,9.31,Approved,24-07-2023
LON_1096,CID_4289,Home,3546448.29,8.93,Rejected,07-03-2019
LON_1097,CID_230,Business Loan,1663215.69,9.28,Rejected,18-07-2025
LON_1098,CID_3319,Gold,387095.69,8.85,Approved,27-01-2021
LON_1099,CID_3451,Business Loan,2428619.78,9.23,Rejected,17-10-2019
LON_1100,CID_4817,Business Loan,1797949.46,8.77,Approved,10-01-2022
LON_1101,CID_479,LAP,5623007.65,9.34,Approved,07-10-2022
LON_1102,CID_3410,LAP,6633658.94,9.26,Rejected,30-03-2020
LON_1103,CID_579,Auto,1243579.26,8.78,Approved,07-04-2025
LON_1104,CID_4800,LAP,5052558.81,8.9,Rejected,04-09-2021
LON_1105,CID_2040,Personal,991105.68,9.3,Approved,09-05-2021
LON_1106,CID_464,Auto,978872.42,8.95,Approved,09-02-2022
LON_1107,CID_4203,Personal,590579.98,9.09,Approved,17-05-2020
LON_1108,CID_3308,Business Loan,2753141.5,9.37,Rejected,26-01-2024
LON_1109,CID_1697,Eduction Loan,2052588.79,9.27,Rejected,26-09-2019
LON_1110,CID_960,Gold,97227.74,9.04,Approved,12-11-2019
LON_1111,CID_4650,Home,2845513.26,9.27,Approved,16-04-2021
LON_1112,CID_4237,Business Loan,,9.06,,24-06-2020
LON_1113,CID_555,Auto,1137305.44,9.3,Approved,
LON_1114,CID_3716,Personal,1314100.87,8.92,Rejected,07-10-2022
LON_1115,CID_4701,LAP,2596709.61,9.23,Approved,27-08-2025
LON_1116,CID_1551,Eduction Loan,1690559.27,,Approved,09-06-2022
LON_1117,CID_1305,,854021.63,9.11,Rejected,13-07-2019
LON_1118,CID_4762,Auto,818297.78,9.47,Approved,20-10-2020
LON_1119,CID_1438,Auto,578359.2,8.88,Approved,20-09-2020
LON_1120,CID_2306,Home,,9.5,,11-12-2023
LON_1121,CID_3093,Auto,583566.97,9.17,Approved,22-07-2022
LON_1122,CID_1062,Home,3669776.96,9.15,Approved,20-05-2022
LON_1123,CID_2909,Personal,636615.38,9.12,Approved,20-02-2024
LON_1124,CID_2687,Home,536501.6,9.3,Rejected,18-09-2022
LON_1125,CID_1298,Gold,719902.64,9.48,Approved,
LON_1126,CID_4282,Eduction Loan,1739171.39,9.43,Approved,
LON_1127,CID_2000,Personal,252163.78,9.16,Approved,
LON_1128,CID_4679,Gold,305193.03,,Approved,10-03-2021
LON_1129,CID_4780,Home,,9.33,,09-12-2019
LON_1130,CID_3530,Eduction Loan,1391828.44,9.25,Approved,27-09-2024
LON_1131,CID_3248,Home,,9.2,,18-08-2019
LON_1132,CID_100,Gold,143918.37,9.39,Approved,08-03-2023
LON_1133,CID_789,Auto,960562.5,8.98,Approved,16-04-2025
LON_1134,CID_2617,Home,6686753.53,9.08,Rejected,18-12-2023
LON_1135,CID_1226,Home,7348218.67,9.48,Approved,24-08-2023
LON_1136,CID_4670,Eduction Loan,1802822.2,8.81,Approved,28-04-2024
LON_1137,CID_048,Auto,305372.09,9.47,Approved,
LON_1138,CID_1198,Gold,,8.95,,07-03-2024
LON_1139,CID_2752,Home,2081054.55,9.04,Approved,22-06-2019
LON_1140,CID_247,Eduction Loan,1797103.94,9.12,Approved,08-07-2021
LON_1141,CID_4222,Eduction Loan,107095.36,8.95,Rejected,20-02-2026
LON_1142,CID_2181,Personal,998028.81,9.42,Approved,
LON_1143,CID_3251,Personal,223064.26,8.96,Rejected,01-10-2019
LON_1144,CID_1047,LAP,3519255.57,9.08,Approved,03-05-2024
LON_1145,CID_509,Auto,1354435.79,9.18,Rejected,29-10-2020
LON_1146,CID_452,Home,3217289.45,9.41,Approved,30-10-2020
LON_1147,CID_2623,Auto,998734.1,9.23,Rejected,19-07-2019
LON_1148,CID_1658,Auto,1394588.98,9.45,Approved,16-01-2026
LON_1149,CID_2746,Eduction Loan,374075.09,9.31,Approved,19-07-2022
LON_1150,CID_3156,,1760792.74,9.27,Approved,03-07-2025
LON_1151,CID_3716,Eduction Loan,,8.85,,09-06-2024
LON_1152,CID_2005,Auto,2314132.34,8.87,Approved,23-08-2024
LON_1153,CID_4720,Eduction Loan,646408.68,9.42,Approved,23-11-2024
LON_1154,CID_687,Business Loan,2845341.58,9.32,Approved,01-03-2024
LON_1155,CID_3261,Personal,1237324.88,9.44,Approved,30-06-2022
LON_1156,CID_1552,Home,7444828.98,9.42,Approved,02-11-2022
LON_1157,CID_1261,Business Loan,1662484.44,,Approved,11-06-2020
LON_1158,CID_3842,Business Loan,1287557.27,8.84,Approved,18-11-2019
LON_1159,CID_3895,Business Loan,3862513.7,8.83,Approved,06-06-2024
LON_1160,CID_527,Personal,334708.94,8.77,Approved,
LON_1161,CID_869,Gold,121570.11,8.94,Approved,12-02-2019
LON_1162,CID_1669,Eduction Loan,459001.31,9.2,Approved,30-03-2021
LON_1163,CID_3121,Business Loan,1887361.6,8.82,Rejected,10-02-2022
LON_1164,CID_4481,Auto,527309.74,9.13,Approved,17-09-2021
LON_1165,CID_1966,LAP,757858.16,9.36,Approved,06-12-2024
LON_1166,CID_026,Business Loan,1119428.1,,Rejected,09-01-2025
LON_1167,CID_3293,Business Loan,673691.45,8.91,Approved,28-04-2024
LON_1168,CID_3179,Business Loan,3029026.74,9.08,Rejected,10-01-2021
LON_1169,CID_1082,Gold,356550.72,9.14,Approved,11-07-2022
LON_1170,CID_4948,Gold,114943.44,8.85,Approved,26-03-2022
LON_1171,CID_4111,Business Loan,394921.1,9,Approved,07-03-2022
LON_1172,CID_4918,LAP,5232368.63,9.27,Rejected,14-07-2021
LON_1173,CID_4254,Gold,253753.78,9.39,Approved,13-10-2019
LON_1174,CID_3569,Business Loan,1963718.69,8.76,Approved,06-03-2020
LON_1175,CID_3593,Gold,432450.03,9.26,Approved,06-06-2023
LON_1176,CID_568,Business Loan,3034674.72,8.83,Rejected,22-11-2020
LON_1177,CID_1073,Auto,2441737.61,9,Approved,14-07-2023
LON_1178,CID_2430,Home,7623927.62,9.29,Approved,11-07-2025
LON_1179,CID_3625,Eduction Loan,,9.23,,02-05-2024
LON_1180,CID_2243,Gold,423789.18,8.86,Approved,15-05-2020
LON_1181,CID_452,Gold,412900.81,9.22,Approved,12-02-2020
LON_1182,CID_2959,Eduction Loan,297863.15,9.26,Rejected,17-04-2023
LON_1183,CID_4387,Home,3073397.2,9.22,Approved,30-10-2024
LON_1184,CID_2319,Eduction Loan,1451463.31,8.97,Approved,29-08-2024
LON_1185,CID_3888,LAP,2602224.85,9.39,Approved,10-05-2019
LON_1186,CID_320,Personal,606263.32,8.99,Approved,26-02-2024
LON_1187,CID_4377,Personal,306460.3,,Approved,03-11-2020
LON_1188,CID_4371,Gold,133555.95,9.29,Approved,24-03-2020
LON_1189,CID_1385,Business Loan,2858162.71,9.15,Approved,21-04-2025
LON_1190,CID_3163,LAP,673438.74,8.95,Approved,28-03-2023
LON_1191,CID_1127,Eduction Loan,2935570.54,8.99,Approved,04-07-2019
LON_1192,CID_3067,Eduction Loan,1162589.27,9.36,Approved,04-01-2026
LON_1193,CID_498,Gold,104959.54,9.01,Approved,09-12-2022
LON_1194,CID_571,Business Loan,1372298.65,8.93,Approved,14-12-2019
LON_1195,CID_331,,984246.12,9,Approved,28-08-2022
LON_1196,CID_2365,Gold,536481.2,9.07,Approved,22-09-2023
LON_1197,CID_3495,Personal,1059139.79,9.19,Rejected,28-03-2023
LON_1198,CID_3034,Auto,1495465.82,9.36,Approved,23-04-2021
LON_1199,CID_2735,,417131.76,,Approved,
LON_1200,CID_4763,Auto,,8.9,,05-11-2019
LON_1201,CID_2042,Home,2942522.25,8.79,Rejected,05-07-2023
LON_1202,CID_3037,LAP,5277349.77,8.82,Rejected,24-01-2020
LON_1203,CID_3120,Auto,,9.35,,09-05-2021
LON_1204,CID_3902,Eduction Loan,322318.62,9.37,Approved,13-05-2022
LON_1205,CID_4597,,2791748.38,8.9,Approved,03-01-2026
LON_1206,CID_4603,Gold,547101.39,9.16,Rejected,15-01-2026
LON_1207,CID_2377,Eduction Loan,,9.12,,29-03-2024
LON_1208,CID_528,Business Loan,,9.21,,12-11-2023
LON_1209,CID_3924,LAP,1644341.78,9.1,Approved,14-05-2022
LON_1210,CID_3717,Gold,275362.95,9.37,Approved,13-04-2021
LON_1211,CID_2118,Auto,2085720.16,9.23,Approved,28-09-2025
LON_1212,CID_4156,Gold,213632.24,,Approved,25-06-2022
LON_1213,CID_1807,Gold,461065.26,9.08,Approved,01-06-2019
LON_1214,CID_4910,Home,2818051.69,8.77,Approved,11-02-2022
LON_1215,CID_484,Home,5976497.48,8.78,Approved,
LON_1216,CID_3664,Eduction Loan,2699865.88,8.99,Approved,18-09-2019
LON_1217,CID_2118,Auto,1728429.37,9.41,Approved,29-07-2020
LON_1218,CID_4670,Personal,877911.4,9.13,Approved,05-07-2025
LON_1219,CID_2979,Auto,1316660.09,8.82,Approved,07-07-2022
LON_1220,CID_3833,,1794546.04,9.04,Approved,24-08-2021
LON_1221,CID_3682,Home,1726362.22,8.88,Rejected,06-12-2023
LON_1222,CID_2878,Auto,2177814.84,8.79,Approved,07-04-2020
LON_1223,CID_3262,LAP,3139334.82,9.26,Rejected,16-08-2020
LON_1224,CID_317,Gold,581066.85,9.37,Approved,17-10-2025
LON_1225,CID_2255,Eduction Loan,2244404.17,9.35,Approved,08-09-2021
LON_1226,CID_4745,LAP,2877424.42,9.23,Approved,14-05-2020
LON_1227,CID_2272,Eduction Loan,785507.49,9.08,Approved,29-05-2023
LON_1228,CID_1423,Auto,362088.27,9.37,Approved,11-05-2021
LON_1229,CID_296,Gold,516141.58,9.41,Approved,23-07-2023
LON_1230,CID_3719,Auto,,9.37,,13-04-2024
LON_1231,CID_1423,Eduction Loan,1064894.42,9.07,Rejected,16-02-2020
LON_1232,CID_2959,Business Loan,1452656.36,8.8,Approved,21-02-2025
LON_1233,CID_3999,Gold,565311.78,9.32,Approved,22-01-2021
LON_1234,CID_2851,Eduction Loan,1959186.54,8.75,Approved,05-06-2022
LON_1235,CID_3696,LAP,850954.74,8.87,Approved,16-06-2020
LON_1236,CID_2306,Eduction Loan,2824312.84,9.09,Rejected,30-06-2020
LON_1237,CID_748,Home,6343468.41,9.37,Approved,24-03-2021
LON_1238,CID_2028,Gold,313051.66,9.05,Approved,25-05-2025
LON_1239,CID_2066,Personal,1424758.36,9.44,Approved,10-01-2026
LON_1240,CID_432,Personal,1462484.98,8.9,Approved,22-11-2020
LON_1241,CID_1546,Gold,505863.12,,Approved,16-02-2023
LON_1242,CID_4398,LAP,1086248.48,9.29,Approved,02-02-2024
LON_1243,CID_2612,Personal,375501.73,8.9,Rejected,26-12-2021
LON_1244,CID_1930,Business Loan,2572007.16,8.85,Rejected,23-09-2025
LON_1245,CID_1275,Eduction Loan,920605.01,9.26,Approved,01-08-2023
LON_1246,CID_3317,Personal,470779.79,8.95,Approved,14-10-2021
LON_1247,CID_2940,LAP,4884589.48,,Approved,29-06-2020
LON_1248,CID_2275,Business Loan,,8.91,,30-09-2023
LON_1249,CID_4213,Personal,188155.16,8.79,Approved,
LON_1250,CID_410,Auto,2492337.68,9.45,Rejected,16-09-2025
LON_1251,CID_3320,Personal,417802.48,9.21,Approved,05-06-2023
LON_1252,CID_1545,Home,8728491.39,,Approved,02-12-2021
LON_1253,CID_2884,LAP,3602026.85,9,Approved,03-01-2020
LON_1254,CID_1123,Business Loan,2746034.24,8.86,Approved,
LON_1255,CID_2532,Gold,701193.26,9.38,Approved,28-10-2023
LON_1256,CID_3926,Auto,1590389.19,9.32,Approved,06-07-2022
LON_1257,CID_4932,Home,3182114.82,9.5,Approved,11-09-2020
LON_1258,CID_1306,Eduction Loan,2776273.13,9.23,Approved,12-02-2021
LON_1259,CID_3933,Personal,383297.79,8.78,Approved,28-03-2024
LON_1260,CID_4960,Personal,1493042.53,9.45,Approved,31-12-2022
LON_1261,CID_1082,Gold,382474.97,8.83,Approved,29-08-2020
LON_1262,CID_4532,,369908.01,9.4,Approved,20-11-2020
LON_1263,CID_026,,891095.51,9.42,Approved,18-07-2025
LON_1264,CID_4431,LAP,5437879.12,8.89,Rejected,05-10-2021
LON_1265,CID_3530,Business Loan,,9,,14-05-2020
LON_1266,CID_263,Auto,1537295.47,9.46,Approved,21-09-2020
LON_1267,CID_2383,Personal,717338.11,9.28,Approved,17-01-2026
LON_1268,CID_4084,LAP,4708642.23,9,Approved,24-12-2025
LON_1269,CID_1143,Auto,2376433.23,9.5,Rejected,20-05-2025
LON_1270,CID_612,Home,7837870.17,9.35,Approved,16-08-2019
LON_1271,CID_2134,LAP,6677731.26,9.04,Approved,30-12-2020
LON_1272,CID_3489,Eduction Loan,2609994.98,8.82,Rejected,29-10-2020
LON_1273,CID_1054,Eduction Loan,1266949.08,9.24,Rejected,23-09-2020
LON_1274,CID_1155,Auto,,9.07,,24-06-2022
LON_1275,CID_4018,Auto,1713972.7,9.37,Approved,28-06-2024
LON_1276,CID_3310,Gold,396858.56,9.17,Approved,27-09-2023
LON_1277,CID_3071,LAP,1548584.08,9.22,Approved,03-10-2024
LON_1278,CID_4686,Gold,,9.24,,21-07-2024
LON_1279,CID_4280,Business Loan,3306681.88,8.81,Approved,21-11-2019
LON_1280,CID_4660,Auto,499225.37,8.85,Rejected,15-10-2021
LON_1281,CID_4575,Gold,257520.86,8.79,Approved,
LON_1282,CID_2255,Personal,790444.8,9.06,Approved,17-05-2025
LON_1283,CID_4145,Auto,748921.48,8.81,Approved,11-04-2020
LON_1284,CID_2713,Home,7182505.29,9.38,Approved,01-09-2023
LON_1285,CID_2344,Auto,1529939.71,9.09,Approved,30-12-2025
LON_1286,CID_700,Auto,2421791.12,9.4,Approved,28-01-2021
LON_1287,CID_4737,Business Loan,4914493.7,8.94,Approved,12-11-2023
LON_1288,CID_4129,Personal,58478.25,8.84,Approved,
LON_1289,CID_2757,Business Loan,2144439.67,9.24,Approved,16-06-2024
LON_1290,CID_2754,LAP,5747987.61,9.21,Approved,06-06-2023
LON_1291,CID_1697,Personal,231379.76,8.76,Approved,07-03-2019
LON_1292,CID_3926,Eduction Loan,177764.36,9.11,Approved,
LON_1293,CID_4153,Eduction Loan,1915571.54,9.34,Approved,17-05-2022
LON_1294,CID_4013,Home,4528907.24,8.77,Approved,
LON_1295,CID_2679,Gold,393046.68,9.39,Approved,04-04-2021
LON_1296,CID_3896,LAP,,9.04,,25-02-2020
LON_1297,CID_2636,Gold,683434.52,9.3,Approved,20-03-2025
LON_1298,CID_4354,Personal,756869.94,9.11,Approved,09-11-2025
LON_1299,CID_4917,Home,6571467.79,9.15,Approved,
LON_1300,CID_4401,Personal,438380.86,9.24,Rejected,23-04-2020
LON_1301,CID_1438,LAP,6591061.99,9.01,Approved,27-03-2019
LON_1302,CID_1992,Auto,1856591.47,9.1,Approved,10-09-2024
LON_1303,CID_1155,LAP,6390770.03,9,Approved,02-04-2024
LON_1304,CID_4222,Auto,1849038.26,,Approved,15-01-2023
LON_1305,CID_4321,Eduction Loan,,8.87,,20-12-2019
LON_1306,CID_4391,Home,1972974.38,8.87,Approved,31-08-2023
LON_1307,CID_2316,Auto,701589.43,9.17,Rejected,09-01-2023
LON_1308,CID_282,Auto,1740780.47,8.88,Rejected,24-08-2024
LON_1309,CID_4963,Eduction Loan,284630.2,9.07,Approved,09-05-2020
LON_1310,CID_4940,Home,4634105.03,9.5,Approved,11-07-2019
LON_1311,CID_931,Auto,2256346.59,9.39,Rejected,11-10-2025
LON_1312,CID_938,Business Loan,442025.8,9.46,Approved,30-03-2020
LON_1313,CID_366,Eduction Loan,1870660.38,9.34,Rejected,22-04-2025
LON_1314,CID_1396,LAP,1006254.26,9.22,Rejected,21-01-2023
LON_1315,CID_1350,Business Loan,1602190.34,9.08,Approved,11-02-2020
LON_1316,CID_3961,Business Loan,1945937.16,9.36,Approved,06-04-2021
LON_1317,CID_3071,Gold,622298.86,8.75,Approved,24-04-2024
LON_1318,CID_3233,Auto,1336803.41,8.81,Approved,27-08-2023
LON_1319,CID_2062,Business Loan,3391977.22,8.86,Approved,24-09-2023
LON_1320,CID_4603,Home,,9.06,,23-02-2024
LON_1321,CID_4616,Eduction Loan,2078376.05,9.46,Approved,10-02-2019
LON_1322,CID_3910,Personal,172928.41,8.99,Rejected,04-11-2020
LON_1323,CID_502,,,8.78,,10-09-2020
LON_1324,CID_3766,Business Loan,4904225.96,9.35,Rejected,26-04-2022
LON_1325,CID_3093,Gold,712052.79,9.28,Rejected,08-07-2022
LON_1326,CID_3620,Personal,1249155.16,9.43,Approved,24-08-2020
LON_1327,CID_3982,Gold,525787.1,9.42,Approved,07-12-2025
LON_1328,CID_2748,Business Loan,1857202.94,9.36,Approved,19-03-2021
LON_1329,CID_4646,Personal,103606.75,9,Approved,31-05-2020
LON_1330,CID_3066,LAP,2202316.66,8.82,Approved,05-11-2024
LON_1331,CID_2289,,1943487.96,8.77,Rejected,20-01-2025
LON_1332,CID_965,,7573946.39,8.98,Approved,
LON_1333,CID_1082,Business Loan,487739.55,9.03,Approved,22-12-2022
LON_1334,CID_032,Personal,1147011.92,9.46,Approved,02-06-2025
LON_1335,CID_4733,Gold,291014.83,8.93,Approved,10-07-2025
LON_1336,CID_1227,Eduction Loan,1827091.85,9.01,Approved,04-06-2025
LON_1337,CID_1732,Business Loan,2012795.48,9.3,Approved,16-10-2024
LON_1338,CID_3716,Eduction Loan,2357793.58,9.09,Approved,10-10-2023
LON_1339,CID_4023,Personal,183760.49,9.07,Approved,29-05-2021
LON_1340,CID_3532,,585476.61,9.14,Approved,26-10-2024
LON_1341,CID_4359,Eduction Loan,864711.76,9.12,Approved,08-12-2023
LON_1342,CID_4333,Business Loan,4871707.92,9.37,Approved,04-06-2020
LON_1343,CID_1038,Business Loan,2397021.44,9.48,Approved,07-12-2024
LON_1344,CID_3315,Business Loan,1220684.19,9.11,Approved,08-04-2025
LON_1345,CID_2623,Personal,922320.31,9.06,Approved,30-05-2025
LON_1346,CID_2760,Personal,808027.37,8.84,Approved,14-03-2023
LON_1347,CID_3823,Auto,1291925.02,9.34,Approved,12-08-2025
LON_1348,CID_4358,Personal,1408389.95,8.98,Approved,19-01-2021
LON_1349,CID_4305,Personal,227375.46,9.01,Rejected,07-09-2023
LON_1350,CID_4248,LAP,2375002.59,9.09,Approved,26-03-2023
LON_1351,CID_4132,Eduction Loan,2188097.14,9.2,Approved,29-08-2024
LON_1352,CID_800,Eduction Loan,1404795.23,9.09,Rejected,25-08-2022
LON_1353,CID_3058,Eduction Loan,1911834.25,9.22,Approved,08-06-2023
LON_1354,CID_798,LAP,606992.09,9.25,Approved,10-02-2022
LON_1355,CID_4961,,580282.87,8.77,Approved,19-06-2022
LON_1356,CID_4813,Business Loan,794151.73,9.17,Approved,09-12-2025
LON_1357,CID_4472,,5376021.6,9.47,Approved,03-05-2024
LON_1358,CID_2457,,224410.61,9.45,Approved,19-03-2019
LON_1359,CID_4000,Eduction Loan,696834.49,9.37,Approved,01-07-2025
LON_1360,CID_4377,Personal,1220035.48,9.21,Approved,04-07-2019
LON_1361,CID_4690,Eduction Loan,2808161.47,9,Approved,09-04-2019
LON_1362,CID_1511,Auto,1047725.81,8.82,Rejected,28-01-2025
LON_1363,CID_3666,Auto,488480.49,8.94,Approved,10-06-2022
LON_1364,CID_509,Business Loan,1012117.03,9.21,Approved,22-04-2019
LON_1365,CID_2284,Auto,,8.99,,20-08-2022
LON_1366,CID_2119,Gold,755014.69,9.42,Approved,08-09-2021
LON_1367,CID_537,Gold,421638.38,9.13,Rejected,08-01-2022
LON_1368,CID_2099,Auto,1242335.3,9.06,Approved,28-07-2023
LON_1369,CID_4929,Personal,440281.62,9.47,Approved,05-10-2021
LON_1370,CID_4453,Business Loan,3969028.1,8.98,Approved,10-12-2019
LON_1371,CID_2182,Home,7154493.49,8.86,Approved,19-11-2020
LON_1372,CID_009,LAP,6682504.6,9.47,Approved,21-06-2019
LON_1373,CID_006,Eduction Loan,1447490.96,9.37,Approved,16-11-2020
LON_1374,CID_3146,Personal,1403584.88,9.11,Approved,07-04-2023
LON_1375,CID_1438,Eduction Loan,1933400.13,9.19,Approved,06-07-2019
LON_1376,CID_1227,Business Loan,2763628.57,8.8,Approved,18-05-2020
LON_1377,CID_4478,Business Loan,2871099.59,,Approved,05-11-2025
LON_1378,CID_4084,Eduction Loan,1023081.43,9.26,Approved,06-12-2021
LON_1379,CID_2968,Auto,727931.47,,Approved,27-02-2024
LON_1380,CID_4262,Personal,1375326.45,8.85,Rejected,29-10-2025
LON_1381,CID_3515,Personal,1357095.24,9.25,Approved,25-06-2024
LON_1382,CID_279,LAP,843696.87,9.41,Approved,15-01-2025
LON_1383,CID_3215,Eduction Loan,2466564.14,9.08,Approved,22-03-2023
LON_1384,CID_1091,Gold,166433.71,9.33,Approved,04-02-2019
LON_1385,CID_2512,Gold,315270.09,8.89,Approved,23-03-2019
LON_1386,CID_2757,,4622713.71,9.02,Approved,17-11-2025
LON_1387,CID_328,Eduction Loan,2181647.64,8.93,Approved,26-01-2023
LON_1388,CID_1764,Auto,1308169.01,9.28,Approved,30-01-2019
LON_1389,CID_4391,Eduction Loan,1951464.7,8.83,Approved,11-08-2024
LON_1390,CID_1582,Home,5190174.09,9.24,Approved,05-10-2025
LON_1391,CID_2058,Personal,902838.65,9.31,Approved,23-05-2025
LON_1392,CID_4732,LAP,5183622.4,8.96,Rejected,05-04-2019
LON_1393,CID_446,LAP,1994571.18,9.17,Approved,16-10-2023
LON_1394,CID_1070,Eduction Loan,2822402.06,9.07,Rejected,27-01-2022
LON_1395,CID_2028,Business Loan,2687817.29,9.12,Approved,28-06-2019
LON_1396,CID_3504,Personal,453002.89,9.07,Approved,22-01-2019
LON_1397,CID_3834,Home,3344999.43,9.41,Approved,13-07-2021
LON_1398,CID_875,Personal,1379643.07,8.9,Approved,15-09-2019
LON_1399,CID_3020,Personal,745951.31,9.36,Approved,09-01-2026
LON_1400,CID_464,Eduction Loan,826187.47,8.83,Approved,27-10-2022
LON_1401,CID_3954,Eduction Loan,1067406.52,9.35,Rejected,23-09-2025
LON_1402,CID_292,Eduction Loan,377445.17,9.08,Approved,06-09-2019
LON_1403,CID_543,Gold,271225.16,9.39,Approved,06-06-2020
LON_1404,CID_919,Eduction Loan,1381563.37,,Approved,27-09-2019
LON_1405,CID_857,Business Loan,467791.8,8.79,Rejected,04-07-2023
LON_1406,CID_084,LAP,5338154.5,8.92,Approved,30-12-2025
LON_1407,CID_913,Gold,325618.42,9.35,Rejected,11-12-2025
LON_1408,CID_2968,Auto,1679665.35,9.26,Approved,19-10-2024
LON_1409,CID_1743,LAP,,8.83,,04-10-2019
LON_1410,CID_4001,LAP,1144076.9,9.13,Approved,25-05-2024
LON_1411,CID_3926,Home,2566796.06,9.35,Approved,30-06-2022
LON_1412,CID_1275,LAP,6730267.05,9.32,Approved,25-01-2025
LON_1413,CID_4617,Home,4490951.96,9.2,Approved,03-02-2019
LON_1414,CID_464,LAP,4706434.6,8.86,Approved,
LON_1415,CID_592,Gold,294738.4,9.48,Approved,04-04-2021
LON_1416,CID_2997,Auto,594985.59,9.11,Approved,29-03-2024
LON_1417,CID_2976,Eduction Loan,1777391.17,9.47,Approved,11-09-2023
LON_1418,CID_1992,Home,1391207.12,9.41,Rejected,24-07-2024
LON_1419,CID_2132,Personal,976212.22,9.27,Approved,23-05-2021
LON_1420,CID_1830,Gold,595631.36,9.46,Approved,20-03-2023
LON_1421,CID_3210,Gold,171868.27,9.49,Approved,
LON_1422,CID_3225,Personal,854302.83,8.86,Approved,29-01-2026
LON_1423,CID_2320,Personal,,,,15-06-2021
LON_1424,CID_186,Business Loan,1036565.7,9.39,Approved,13-03-2021
LON_1425,CID_3385,Home,7664492.08,9.43,Approved,16-07-2020
LON_1426,CID_4109,Business Loan,3979587.59,8.83,Rejected,03-06-2022
LON_1427,CID_3910,Home,3641945.56,9.03,Approved,
LON_1428,CID_1726,Business Loan,513812.09,8.86,Rejected,15-02-2021
LON_1429,CID_2177,LAP,2833910.05,9.03,Approved,18-02-2026
LON_1430,CID_1306,Personal,1156469.44,9.19,Rejected,19-04-2022
LON_1431,CID_4530,Auto,730853.37,9.22,Approved,01-06-2020
LON_1432,CID_568,LAP,6235089.73,8.91,Approved,11-04-2024
LON_1433,CID_3341,Home,4823217.35,9.31,Approved,16-09-2024
LON_1434,CID_4324,Gold,429547.12,8.88,Approved,22-11-2024
LON_1435,CID_322,Business Loan,4787609.08,9.11,Approved,26-02-2026
LON_1436,CID_1981,Home,2365973.4,8.9,Rejected,10-06-2023
LON_1437,CID_2267,Auto,1148803.71,9.03,Approved,
LON_1438,CID_3156,LAP,867884.74,9.31,Approved,26-10-2024
LON_1439,CID_4063,Home,5463678.91,9.1,Approved,12-10-2023
LON_1440,CID_3409,Gold,363029.36,9.03,Approved,23-01-2022
LON_1441,CID_738,Personal,310370.31,8.93,Approved,10-01-2023
LON_1442,CID_2058,Auto,2130117.96,9.13,Approved,06-02-2022
LON_1443,CID_1766,Personal,,9.02,,29-09-2022
LON_1444,CID_1717,Business Loan,1780358.2,8.98,Approved,29-01-2022
LON_1445,CID_2316,Business Loan,3099363.41,8.85,Rejected,02-02-2025
LON_1446,CID_3632,,1166610.33,8.96,Approved,13-07-2023
LON_1447,CID_1310,Eduction Loan,,9.24,,30-09-2024
LON_1448,CID_2099,Eduction Loan,1252765.33,8.92,Approved,27-04-2024
LON_1449,CID_3066,LAP,4232924.38,9.16,Approved,04-03-2024
LON_1450,CID_1876,Eduction Loan,349039.98,9.38,Approved,07-09-2023
LON_1451,CID_1127,Gold,376478.39,9.17,Approved,23-06-2025
LON_1452,CID_3059,,2366881.9,8.76,Approved,23-12-2022
LON_1453,CID_2735,Home,4062752.18,9.26,Approved,11-01-2025
LON_1454,CID_1349,Auto,1529344.45,9.18,Approved,23-07-2020
LON_1455,CID_3497,Auto,1485248.58,9.35,Rejected,08-06-2025
LON_1456,CID_4245,Gold,187237.56,9.04,Approved,10-02-2021
LON_1457,CID_834,,526819.98,9.47,Approved,01-06-2022
LON_1458,CID_4356,Home,1386662.01,9.16,Approved,07-10-2025
LON_1459,CID_1834,Personal,320703.55,8.8,Rejected,08-03-2022
LON_1460,CID_4620,Home,2974396.99,9.14,Approved,18-02-2023
LON_1461,CID_965,Personal,299147.29,,Approved,05-10-2020
LON_1462,CID_1149,Home,5059850.66,9.11,Approved,25-04-2021
LON_1463,CID_1409,Eduction Loan,696463.31,9.07,Approved,28-04-2024
LON_1464,CID_2461,LAP,,8.98,,23-02-2024
LON_1465,CID_2198,,563268.12,8.86,Approved,24-06-2023
LON_1466,CID_337,LAP,2503572.8,9.18,Approved,10-03-2024
LON_1467,CID_2713,Business Loan,637292.85,,Rejected,21-11-2022
LON_1468,CID_1610,,502031.18,9.36,Approved,17-10-2021
LON_1469,CID_854,LAP,5212734.48,9.09,Rejected,21-01-2021
LON_1470,CID_2431,Gold,,8.78,,08-10-2020
LON_1471,CID_4390,Business Loan,2781140.21,9.25,Approved,08-06-2021
LON_1472,CID_937,Gold,794140.09,9.16,Rejected,10-11-2019
LON_1473,CID_1856,LAP,5435811.84,8.99,Approved,01-11-2021
LON_1474,CID_3401,LAP,599055.61,8.77,Approved,06-03-2024
LON_1475,CID_2243,Auto,1902999.98,9.39,Approved,13-02-2019
LON_1476,CID_4333,,1078194.43,8.85,Approved,16-03-2024
LON_1477,CID_1231,Gold,82542.62,9.16,Approved,28-11-2023
LON_1478,CID_904,Gold,661728.55,9.38,Approved,15-03-2019
LON_1479,CID_087,Home,3000229.56,9.15,Approved,14-11-2019
LON_1480,CID_4731,,1511610.87,9.08,Approved,22-05-2019
LON_1481,CID_922,Home,,8.79,,11-11-2024
LON_1482,CID_3360,Gold,,9.08,,
LON_1483,CID_826,Eduction Loan,685040.35,8.94,Rejected,
LON_1484,CID_559,Personal,661439.96,9.49,Approved,26-02-2021
LON_1485,CID_1507,Home,8649334.67,8.82,Approved,18-11-2020
LON_1486,CID_1715,Personal,652736.01,8.83,Approved,
LON_1487,CID_2092,LAP,1687699.41,9.16,Rejected,09-05-2020
LON_1488,CID_100,Home,1400025.17,8.99,Approved,19-07-2022
LON_1489,CID_3314,Gold,193831.31,8.92,Approved,14-02-2022
LON_1490,CID_4452,,147630.34,8.91,Approved,18-09-2025
LON_1491,CID_1551,Personal,1083170.11,9.34,Rejected,20-05-2025
LON_1492,CID_1181,Auto,2403731.56,9.2,Rejected,11-05-2023
LON_1493,CID_582,Auto,562027.96,9.32,Approved,28-05-2024
LON_1494,CID_2093,Auto,191474.68,9.43,Approved,24-09-2024
LON_1495,CID_1090,LAP,4236039.27,,Approved,29-11-2025
LON_1496,CID_528,Auto,705531.37,9.07,Approved,22-11-2019
LON_1497,CID_332,Home,3683450.84,8.97,Approved,
LON_1498,CID_1185,Home,8348977.69,9.2,Rejected,08-09-2022
LON_1499,CID_2615,,896215.85,9.34,Approved,27-08-2023
LON_1500,CID_1834,,168710.66,9.39,Approved,19-09-2021
LON_1501,CID_3404,LAP,662295.67,9.44,Rejected,30-06-2021
LON_1502,CID_608,LAP,2454967.84,9.08,Approved,06-07-2024
LON_1503,CID_826,Home,942908.33,9.49,Rejected,29-05-2020
LON_1504,CID_4522,Home,5537360.54,9.37,Rejected,25-08-2021
LON_1505,CID_2181,Personal,668047.73,9.1,Approved,20-03-2021
LON_1506,CID_1802,Gold,,,,11-01-2024
LON_1507,CID_3580,Auto,2176699.99,9.11,Rejected,12-01-2023
LON_1508,CID_1363,Gold,159179.85,9.08,Approved,11-11-2023
LON_1509,CID_743,,2865896.82,9.11,Approved,17-10-2023
LON_1510,CID_1582,Eduction Loan,2728725.4,8.98,Approved,14-03-2025
LON_1511,CID_4303,Auto,1044058.06,8.98,Approved,21-04-2025
LON_1512,CID_026,Personal,533189.5,9.29,Approved,15-02-2021
LON_1513,CID_3736,Personal,1299399.93,9.3,Approved,
LON_1514,CID_628,Gold,777279.33,,Approved,06-08-2025
LON_1515,CID_1446,Gold,711449.68,9.49,Approved,05-05-2025
LON_1516,CID_4537,Home,6985082.27,9.47,Approved,28-11-2022
LON_1517,CID_3839,Business Loan,2545384.85,9.27,Approved,28-04-2023
LON_1518,CID_257,Business Loan,1384600.7,9.11,Rejected,20-01-2023
LON_1519,CID_2264,Business Loan,3395243.06,8.86,Approved,26-08-2020
LON_1520,CID_1028,Home,5618269.28,9.46,Rejected,20-02-2019
LON_1521,CID_719,Eduction Loan,367686.84,9.28,Approved,28-07-2025
LON_1522,CID_2254,LAP,6396659.29,9.41,Approved,15-10-2023
LON_1523,CID_2795,Business Loan,1650653.92,9.48,Approved,17-04-2023
LON_1524,CID_960,,2175723.16,9.41,Approved,31-12-2019
LON_1525,CID_1876,,2948536.14,9.35,Approved,06-01-2022
LON_1526,CID_011,Business Loan,2110257.05,8.98,Rejected,07-07-2024
LON_1527,CID_3889,Personal,151270.17,9.27,Approved,27-03-2022
LON_1528,CID_1633,Home,1999411.03,8.89,Approved,15-06-2024
LON_1529,CID_1801,LAP,6654838.19,9.09,Approved,30-01-2021
LON_1530,CID_3968,Personal,1137377.82,9.36,Approved,02-08-2023
LON_1531,CID_2666,Business Loan,4582262.74,8.83,Approved,23-11-2019
LON_1532,CID_2110,Personal,,8.96,,26-07-2025
LON_1533,CID_056,Gold,403599.65,9.32,Approved,25-12-2021
LON_1534,CID_056,Business Loan,2995738.15,9.49,Approved,09-11-2024
LON_1535,CID_4232,Gold,494298.35,9.49,Approved,13-06-2024
LON_1536,CID_2865,Eduction Loan,1077386.91,9.07,Approved,06-11-2022
LON_1537,CID_501,,794831.39,9.02,Approved,06-11-2025
LON_1538,CID_1219,Auto,2201731.97,9.35,Approved,04-07-2023
LON_1539,CID_3310,Personal,922768.31,9.4,Approved,15-10-2021
LON_1540,CID_1693,Gold,506130.81,9.24,Approved,20-08-2023
LON_1541,CID_3225,Personal,1479963.04,,Approved,10-03-2019
LON_1542,CID_2099,,232687.42,9.36,Approved,25-12-2023
LON_1543,CID_3858,LAP,3546392.17,9.3,Approved,27-11-2022
LON_1544,CID_2670,Gold,789891.03,9.39,Rejected,26-04-2023
LON_1545,CID_4478,LAP,1607015.6,8.86,Approved,31-05-2025
LON_1546,CID_4174,Personal,235398.96,9.35,Approved,25-02-2025
LON_1547,CID_2138,Home,8119472.9,9.47,Approved,23-01-2025
LON_1548,CID_938,Home,2298946.98,9.31,Approved,02-01-2020
LON_1549,CID_3415,Gold,794888.33,8.77,Rejected,30-08-2022
LON_1550,CID_1191,Eduction Loan,913037.76,9.29,Approved,19-05-2020
LON_1551,CID_2025,LAP,4544772.88,9.12,Approved,25-09-2022
LON_1552,CID_3404,LAP,5434460.49,,Approved,25-03-2023
LON_1553,CID_2022,Business Loan,3282090.57,9.17,Rejected,13-08-2021
LON_1554,CID_1697,Auto,421871.42,8.82,Approved,22-08-2025
LON_1555,CID_3390,Business Loan,4721636.85,9.18,Approved,07-07-2022
LON_1556,CID_3487,LAP,5237349.87,8.98,Approved,16-02-2021
LON_1557,CID_4645,Gold,276125.1,9.02,Approved,01-06-2020
LON_1558,CID_4132,Business Loan,3087764.67,8.92,Approved,13-01-2025
LON_1559,CID_4107,Auto,490046.85,9.46,Approved,09-08-2024
LON_1560,CID_2909,Home,,8.86,,21-05-2019
LON_1561,CID_4281,,1330588.29,9.27,Approved,08-06-2025
LON_1562,CID_524,Business Loan,4177699.06,9.12,Approved,23-03-2023
LON_1563,CID_449,Eduction Loan,1066119.19,9.37,Approved,10-07-2021
LON_1564,CID_1418,Eduction Loan,2350512.34,9.39,Approved,10-05-2022
LON_1565,CID_3498,Personal,844517.22,9,Approved,27-11-2022
LON_1566,CID_4900,Gold,85303.88,9.3,Approved,10-03-2021
LON_1567,CID_2771,Gold,104936.07,8.99,Approved,10-08-2019
LON_1568,CID_2653,Gold,534068.17,9.18,Approved,30-05-2024
LON_1569,CID_3256,Home,2283013.93,9.35,Approved,07-02-2019
LON_1570,CID_3354,,4309478.22,8.83,Approved,27-08-2020
LON_1571,CID_4237,,553172.85,8.88,Approved,
LON_1572,CID_3910,Home,8533037.17,8.84,Approved,18-10-2022
LON_1573,CID_3572,Home,5829266.65,9.05,Approved,13-09-2021
LON_1574,CID_810,Gold,263071,9.2,Approved,18-03-2023
LON_1575,CID_4013,Eduction Loan,,9.36,,03-02-2026
LON_1576,CID_2038,Auto,177265.68,8.84,Approved,18-09-2024
LON_1577,CID_1620,Personal,900933.21,9.49,Approved,23-01-2020
LON_1578,CID_1092,Gold,402827.44,9.23,Approved,29-05-2025
LON_1579,CID_1669,,521582.01,9.29,Rejected,10-01-2025
LON_1580,CID_4701,Gold,655908.31,8.76,Approved,06-01-2025
LON_1581,CID_1856,Gold,79227.38,9.38,Approved,23-05-2020
LON_1582,CID_032,Business Loan,4508491.03,8.89,Approved,07-01-2021
LON_1583,CID_1847,LAP,3296460.28,8.99,Approved,
LON_1584,CID_750,Business Loan,973809.26,9.17,Rejected,24-05-2019
LON_1585,CID_001,Personal,783915.05,9.02,Approved,29-09-2023
LON_1586,CID_4735,Home,3055099.81,9.46,Approved,16-04-2022
LON_1587,CID_4780,Gold,137688.39,9.12,Approved,13-12-2022
LON_1588,CID_328,LAP,1705924.69,8.82,Approved,29-08-2021
LON_1589,CID_4913,Home,1704172.31,9.39,Approved,03-07-2020
LON_1590,CID_655,Home,5530156.68,,Approved,25-09-2023
LON_1591,CID_4109,LAP,2008281.39,9.04,Rejected,
LON_1592,CID_4763,Personal,1419873.7,9.26,Rejected,09-08-2020
LON_1593,CID_3324,Home,1099743.39,9.3,Rejected,
LON_1594,CID_1349,LAP,4704030.96,9.37,Approved,16-09-2023
LON_1595,CID_2203,Auto,2482255.13,9.08,Approved,08-10-2025
LON_1596,CID_575,Personal,441681.59,9.15,Approved,25-07-2023
LON_1597,CID_1290,Auto,1654417.1,9.02,Approved,24-01-2022
LON_1598,CID_3379,,2414482.36,8.96,Approved,29-06-2021
LON_1599,CID_4359,Personal,1184963.75,8.84,Approved,09-06-2022
LON_1600,CID_2403,Personal,816992.17,9.28,Rejected,09-03-2025
LON_1601,CID_1620,LAP,963743.22,8.79,Approved,15-05-2023
LON_1602,CID_3602,Auto,2044299.74,9.26,Approved,09-03-2025
LON_1603,CID_1103,Gold,486078.8,8.94,Approved,28-09-2020
LON_1604,CID_2234,Home,3719805.65,9.3,Approved,25-02-2023
LON_1605,CID_4190,Business Loan,3121774.35,9.28,Approved,20-12-2022
LON_1606,CID_2784,LAP,2221691.73,9.46,Approved,26-07-2021
LON_1607,CID_812,Business Loan,4318023.08,9.46,Approved,04-07-2022
LON_1608,CID_501,Business Loan,581479.36,9.3,Rejected,07-11-2020
LON_1609,CID_3839,Personal,1127943.71,9.17,Approved,13-02-2019
LON_1610,CID_4731,Business Loan,2641675.34,9.3,Approved,10-10-2024
LON_1611,CID_3842,Business Loan,798519.61,8.76,Approved,30-01-2019
LON_1612,CID_373,Business Loan,2764759.15,9.01,Rejected,
LON_1613,CID_2038,LAP,3305968.69,8.88,Rejected,14-11-2024
LON_1614,CID_3826,Home,1138540.18,9.38,Approved,28-07-2019
LON_1615,CID_4798,Gold,321902.97,9.03,Approved,20-10-2021
LON_1616,CID_2344,Eduction Loan,2322600.34,8.84,Approved,17-04-2022
LON_1617,CID_4597,Home,518991.62,9.22,Approved,02-06-2022
LON_1618,CID_501,Eduction Loan,2690911.79,9.45,Rejected,22-06-2024
LON_1619,CID_032,Auto,163844.09,9.1,Approved,14-03-2020
LON_1620,CID_3889,Auto,2241961.25,8.89,Approved,20-02-2020
LON_1621,CID_1082,Gold,182109.21,9.15,Rejected,10-08-2023
LON_1622,CID_3554,Gold,35321.05,9.33,Approved,11-04-2024
LON_1623,CID_959,Auto,853319.64,9.07,Approved,08-01-2022
LON_1624,CID_033,Gold,535335.33,9.08,Approved,13-11-2023
LON_1625,CID_347,Auto,2226404.22,9.28,Approved,12-03-2022
LON_1626,CID_1782,Home,3853641.04,9.31,Rejected,18-10-2020
LON_1627,CID_4909,Gold,768968.12,,Approved,26-06-2024
LON_1628,CID_4466,Gold,645861.47,9.29,Approved,26-06-2023
LON_1629,CID_951,Business Loan,4633094,9.38,Approved,25-03-2020
LON_1630,CID_446,Eduction Loan,161341.4,8.87,Approved,26-08-2021
LON_1631,CID_3918,Business Loan,4183211.65,9.07,Approved,02-02-2019
LON_1632,CID_1339,Gold,252889.3,9.11,Approved,11-10-2021
LON_1633,CID_2203,Business Loan,2653951.21,8.94,Approved,15-12-2021
LON_1634,CID_4467,Business Loan,4138925.2,,Approved,27-02-2020
LON_1635,CID_1306,LAP,1513961.27,9.49,Approved,11-02-2026
LON_1636,CID_1290,Home,1523920.11,9.05,Approved,26-02-2021
LON_1637,CID_3666,Gold,43599.24,8.9,Rejected,07-04-2023
LON_1638,CID_3851,LAP,2353187.84,9.22,Approved,08-10-2022
LON_1639,CID_2383,Gold,77239.29,9.07,Approved,26-03-2020
LON_1640,CID_420,Auto,809306.46,9.01,Approved,03-08-2022
LON_1641,CID_2570,Home,847557.6,8.79,Approved,18-05-2021
LON_1642,CID_4377,Gold,245722.7,9.2,Approved,30-10-2021
LON_1643,CID_1149,Auto,935563.05,8.83,Approved,10-03-2025
LON_1644,CID_4697,Auto,997336.46,9.36,Approved,09-08-2025
LON_1645,CID_772,LAP,2789668.31,9.24,Approved,23-04-2023
LON_1646,CID_1717,Personal,,9.31,,30-07-2025
LON_1647,CID_3082,Home,6489610.46,9.44,Approved,16-02-2025
LON_1648,CID_379,Auto,1854574.05,9.49,Approved,21-09-2020
LON_1649,CID_3120,,2129507.18,9.16,Approved,14-04-2025
LON_1650,CID_4321,Auto,1203933.22,9.29,Rejected,05-10-2019
LON_1651,CID_2444,Gold,,,,14-11-2020
LON_1652,CID_1716,Business Loan,4843937.32,8.97,Rejected,07-09-2019
LON_1653,CID_662,Business Loan,4109760.82,9.12,Approved,04-10-2024
LON_1654,CID_3593,Home,4220832.02,9.13,Approved,
LON_1655,CID_063,LAP,2119011.07,8.89,Approved,11-06-2021
LON_1656,CID_2760,Eduction Loan,1587107.46,9.13,Approved,
LON_1657,CID_2025,Eduction Loan,738975.35,9.28,Approved,01-12-2020
LON_1658,CID_1181,,823670.4,8.97,Approved,11-02-2022
LON_1659,CID_4737,Auto,2202449.68,8.79,Rejected,10-05-2021
LON_1660,CID_2951,Personal,,9.01,,20-02-2023
LON_1661,CID_3682,Personal,,9.41,,01-07-2020
LON_1662,CID_3197,LAP,2275798.77,,Approved,12-02-2019
LON_1663,CID_4777,Home,6709051.76,8.96,Approved,06-03-2019
LON_1664,CID_3407,Business Loan,4898059.46,9.33,Approved,11-03-2020
LON_1665,CID_3982,,1435256.81,9.22,Approved,24-04-2021
LON_1666,CID_1356,Home,3256235.76,8.9,Approved,08-06-2023
LON_1667,CID_835,Gold,208426.82,9.29,Approved,16-05-2024
LON_1668,CID_4371,Gold,169765.43,8.89,Rejected,12-02-2021
LON_1669,CID_3530,Business Loan,1065951.88,8.96,Approved,28-12-2020
LON_1670,CID_4103,Business Loan,3117545.97,8.8,Approved,01-10-2021
LON_1671,CID_901,Business Loan,4857850.23,8.83,Approved,18-02-2019
LON_1672,CID_1171,Gold,325672.72,8.83,Approved,29-06-2019
LON_1673,CID_112,Home,7045999.82,8.95,Rejected,22-09-2025
LON_1674,CID_765,Eduction Loan,2902446.21,9.47,Approved,18-10-2022
LON_1675,CID_2793,Home,1683455.84,9.32,Rejected,30-10-2020
LON_1676,CID_4831,Auto,1275434.7,8.93,Approved,31-12-2021
LON_1677,CID_4560,Personal,80751.46,8.78,Approved,25-02-2020
LON_1678,CID_3856,Eduction Loan,1304325.55,8.75,Approved,17-07-2021
LON_1679,CID_976,Gold,143479.91,,Approved,
LON_1680,CID_3207,Gold,160560.48,,Approved,28-02-2022
LON_1681,CID_377,Personal,942760.31,8.84,Rejected,14-12-2019
LON_1682,CID_3842,LAP,1312389.89,9.07,Approved,12-01-2021
LON_1683,CID_3122,Home,8091499.19,9.27,Approved,21-03-2022
LON_1684,CID_687,Personal,443085.25,9.12,Approved,23-12-2021
LON_1685,CID_2909,Eduction Loan,106318.42,9.45,Approved,23-08-2020
LON_1686,CID_579,Home,3820096.38,9.29,Approved,13-05-2024
LON_1687,CID_2937,Personal,887872.18,9.47,Approved,06-01-2020
LON_1688,CID_4305,Home,2045914.86,9.04,Approved,03-10-2023
LON_1689,CID_2183,Business Loan,4869674.55,9.2,Approved,20-07-2020
LON_1690,CID_4768,Gold,352367.92,9.12,Approved,21-12-2024
LON_1691,CID_1992,Eduction Loan,767332.09,8.81,Approved,28-11-2024
LON_1692,CID_3261,Business Loan,618801.05,9.02,Approved,12-03-2019
LON_1693,CID_3248,LAP,3475306.55,8.85,Approved,01-12-2022
LON_1694,CID_1270,Eduction Loan,2563054.45,9.33,Approved,29-02-2024
LON_1695,CID_1884,Eduction Loan,2574605.4,,Rejected,20-09-2021
LON_1696,CID_3376,Eduction Loan,751302.87,9.31,Approved,09-08-2020
LON_1697,CID_654,Business Loan,326465.04,9.47,Approved,10-03-2020
LON_1698,CID_1251,Gold,674826.64,9.4,Approved,05-02-2023
LON_1699,CID_1312,Personal,405316.42,8.76,Approved,02-09-2023
LON_1700,CID_4203,Eduction Loan,629031.08,9.31,Approved,11-05-2022
LON_1701,CID_2590,Gold,586369.21,9.08,Approved,24-02-2019
LON_1702,CID_4475,Personal,,9.41,,11-12-2020
LON_1703,CID_4918,Home,592374.4,9.37,Approved,04-02-2024
LON_1704,CID_3834,Business Loan,4181687.51,9.44,Approved,20-07-2021
LON_1705,CID_1888,Home,2810534.67,8.82,Approved,27-05-2020
LON_1706,CID_693,Gold,506663.7,8.91,Approved,09-04-2025
LON_1707,CID_3398,Eduction Loan,2108037.13,9.11,Approved,18-07-2023
LON_1708,CID_959,Home,964709.1,9.03,Approved,10-01-2022
LON_1709,CID_2133,Personal,162822.44,9.2,Rejected,25-04-2019
LON_1710,CID_2808,Auto,532486.95,8.83,Approved,14-02-2019
LON_1711,CID_765,Home,5189376.71,,Approved,07-01-2022
LON_1712,CID_421,LAP,4084138.65,9.17,Approved,07-07-2019
LON_1713,CID_3580,Auto,369045.7,8.98,Rejected,02-03-2022
LON_1714,CID_877,,1605720.83,9.31,Approved,14-06-2020
LON_1715,CID_199,Auto,1107123.42,9.31,Approved,07-09-2020
LON_1716,CID_2630,LAP,,9.11,,03-06-2019
LON_1717,CID_2089,Home,1788071.39,,Rejected,18-01-2020
LON_1718,CID_4466,Home,7363546.29,9.24,Approved,21-10-2020
LON_1719,CID_4039,LAP,6948268.44,9.21,Approved,30-10-2022
LON_1720,CID_341,Eduction Loan,480472.97,8.97,Approved,31-10-2023
LON_1721,CID_662,Business Loan,3916040,9.04,Approved,05-11-2025
LON_1722,CID_1262,Home,5318657.32,9.5,Approved,03-03-2019
LON_1723,CID_4435,Eduction Loan,2624326.69,9.16,Rejected,24-12-2019
LON_1724,CID_2507,Personal,709471.39,8.88,Approved,07-10-2019
LON_1725,CID_2284,LAP,2734299.38,8.82,Approved,02-03-2024
LON_1726,CID_1082,Gold,783432.5,9.32,Approved,29-07-2020
LON_1727,CID_1143,LAP,,9.02,,03-08-2023
LON_1728,CID_743,Gold,312383.84,9.38,Rejected,11-03-2023
LON_1729,CID_499,Business Loan,2183332.33,9.09,Rejected,24-06-2019
LON_1730,CID_937,Business Loan,3994835.06,9.27,Approved,25-09-2020
LON_1731,CID_3489,Auto,1033180.97,9.18,Rejected,02-07-2021
LON_1732,CID_4165,Eduction Loan,1440607.86,8.82,Approved,31-12-2024
LON_1733,CID_3909,Personal,174442.69,9.3,Rejected,
LON_1734,CID_4337,Home,3912924,8.8,Approved,11-10-2025
LON_1735,CID_4845,Home,6469472.13,9.11,Approved,06-06-2019
LON_1736,CID_280,Home,8562536.28,8.86,Approved,16-05-2025
LON_1737,CID_4232,LAP,5487177.01,8.8,Approved,28-10-2023
LON_1738,CID_2388,,959658.88,9.4,Rejected,29-09-2023
LON_1739,CID_737,Auto,1643865.14,,Approved,18-07-2023
LON_1740,CID_2295,Auto,2203373.34,9.09,Approved,26-05-2021
LON_1741,CID_2710,Home,7559667.28,8.82,Rejected,01-11-2022
LON_1742,CID_1437,Home,2188145.13,9.46,Approved,02-01-2025
LON_1743,CID_4960,Business Loan,2296563.14,9.43,Approved,10-02-2019
LON_1744,CID_1273,Eduction Loan,2691959.94,8.9,Approved,27-06-2025
LON_1745,CID_114,Auto,1710547.91,,Approved,20-07-2022
LON_1746,CID_983,Home,8120259.46,9.45,Approved,20-07-2022
LON_1747,CID_4061,Eduction Loan,2912930.76,9.05,Approved,16-01-2019
LON_1748,CID_877,Eduction Loan,2586074.5,9.23,Approved,27-06-2025
LON_1749,CID_1490,,367003.02,9.48,Approved,14-02-2025
LON_1750,CID_114,LAP,2829629.03,9.01,Rejected,20-06-2025
LON_1751,CID_1091,Auto,2062381.47,8.76,Rejected,18-08-2024
LON_1752,CID_3158,Business Loan,2595827.19,9.5,Approved,11-12-2022
LON_1753,CID_1589,Eduction Loan,1673154.35,9.14,Approved,09-04-2020
LON_1754,CID_3926,Gold,359855.38,8.88,Approved,01-02-2025
LON_1755,CID_2536,Gold,249471.51,9.24,Approved,10-02-2026
LON_1756,CID_925,Business Loan,3177807.15,9.44,Rejected,25-12-2019
LON_1757,CID_4842,Personal,991955.65,9.21,Approved,26-07-2024
LON_1758,CID_3801,Personal,968611.47,9.13,Approved,02-04-2022
LON_1759,CID_4202,Home,2394474.65,9.09,Approved,12-03-2021
LON_1760,CID_059,Personal,558389.84,9.35,Approved,10-06-2023
LON_1761,CID_2793,Auto,1988160.73,9.13,Approved,19-12-2021
LON_1762,CID_3730,Eduction Loan,2717751.89,9.43,Approved,18-01-2019
LON_1763,CID_2888,Personal,72518.59,8.87,Approved,26-10-2024
LON_1764,CID_3498,Auto,550465.27,9.18,Approved,26-03-2025
LON_1765,CID_3877,Home,5738277.29,9.04,Approved,24-06-2025
LON_1766,CID_2892,Home,8484829.57,9.04,Approved,10-07-2023
LON_1767,CID_4477,LAP,1361572.49,8.92,Approved,01-06-2020
LON_1768,CID_2302,Personal,965589.55,9.34,Rejected,13-01-2026
LON_1769,CID_243,Eduction Loan,1703425.97,9.46,Approved,18-01-2020
LON_1770,CID_4831,Gold,38884.35,9.33,Approved,06-12-2025
LON_1771,CID_3215,Personal,879101.06,8.77,Approved,02-02-2024
LON_1772,CID_2182,Home,2537636.02,,Approved,02-01-2025
LON_1773,CID_2457,Business Loan,3944138.97,9.34,Approved,31-07-2019
LON_1774,CID_924,Personal,1405715.05,9.22,Approved,01-07-2025
LON_1775,CID_2320,Personal,715735.2,9.2,Approved,02-03-2022
LON_1776,CID_3497,Home,1288605.7,9.12,Approved,01-05-2021
LON_1777,CID_687,Personal,762003.59,8.77,Approved,06-01-2026
LON_1778,CID_1437,Home,6342359.49,9.03,Approved,21-01-2024
LON_1779,CID_280,Home,3039417.35,9.43,Approved,29-01-2026
LON_1780,CID_4875,Personal,1465078.02,9.5,Approved,19-11-2025
LON_1781,CID_274,Personal,279662.99,9.31,Rejected,28-02-2021
LON_1782,CID_995,LAP,454355.77,9.13,Approved,03-02-2023
LON_1783,CID_2377,Home,750729.76,8.85,Approved,
LON_1784,CID_2677,Auto,1281700.95,9.46,Approved,08-03-2025
LON_1785,CID_1738,Gold,603799.73,9.12,Approved,27-06-2023
LON_1786,CID_3515,Auto,556454.86,9.27,Rejected,25-02-2022
LON_1787,CID_4354,Personal,896289.97,9.32,Approved,23-04-2021
LON_1788,CID_951,Gold,709800.15,9.07,Approved,29-07-2022
LON_1789,CID_565,LAP,2866407.18,8.9,Approved,04-02-2026
LON_1790,CID_3690,Gold,,8.78,,31-07-2025
LON_1791,CID_3158,Auto,1569122.92,9.41,Rejected,
LON_1792,CID_3210,Gold,53053.76,8.88,Approved,31-01-2021
LON_1793,CID_1071,Home,1117442.82,9.24,Approved,11-07-2022
LON_1794,CID_2927,Personal,511954.25,8.76,Approved,21-03-2024
LON_1795,CID_1974,Home,5273944.96,9.04,Approved,29-11-2024
LON_1796,CID_3823,Personal,863390.12,9.29,Rejected,03-11-2019
LON_1797,CID_432,Business Loan,3829765.78,8.99,Approved,18-03-2021
LON_1798,CID_1090,Eduction Loan,1532409.36,8.79,Approved,03-05-2020
LON_1799,CID_171,,161777.59,9,Approved,18-06-2025
LON_1800,CID_4137,Auto,191915.3,9.34,Approved,20-01-2019
LON_1801,CID_4689,Auto,457986.42,9.48,Approved,25-12-2024
LON_1802,CID_2746,Personal,539215.31,8.76,Approved,28-08-2023
LON_1803,CID_4391,Auto,895395.71,9.01,Approved,06-07-2022
LON_1804,CID_1062,LAP,615387.57,8.97,Rejected,13-07-2024
LON_1805,CID_084,Eduction Loan,1184327.64,9.21,Approved,15-07-2019
LON_1806,CID_2043,Home,1393653.4,8.99,Approved,20-11-2023
LON_1807,CID_032,Home,1248142.12,9.29,Approved,
LON_1808,CID_421,Business Loan,4366471.39,8.94,Approved,29-03-2020
LON_1809,CID_2388,Auto,326349.11,9,Approved,04-04-2023
LON_1810,CID_2896,Business Loan,1017625.42,,Approved,01-06-2020
LON_1811,CID_4030,,529204.3,9.19,Rejected,20-08-2023
LON_1812,CID_2510,Business Loan,787391.88,9.15,Approved,30-06-2024
LON_1813,CID_739,Auto,1965713.34,9.11,Approved,
LON_1814,CID_698,Auto,1462510.8,9.4,Approved,23-04-2021
LON_1815,CID_4178,Personal,1459059.55,8.8,Approved,
LON_1816,CID_4689,Eduction Loan,,9.12,,15-08-2025
LON_1817,CID_1350,LAP,6051674.19,9.32,Approved,03-02-2024
LON_1818,CID_3453,Eduction Loan,1563083.09,9.44,Approved,29-01-2023
LON_1819,CID_592,Gold,698251.27,9.14,Approved,08-02-2021
LON_1820,CID_920,Auto,1144270.86,9.26,Rejected,22-06-2025
LON_1821,CID_4132,Home,4418110.03,8.83,Approved,09-03-2019
LON_1822,CID_2351,Home,2767431.69,9.11,Approved,
LON_1823,CID_3572,Personal,1394045.19,8.81,Approved,08-09-2020
LON_1824,CID_879,LAP,3186684.44,9,Approved,23-02-2023
LON_1825,CID_1709,Personal,990501.53,9.3,Approved,19-04-2022
LON_1826,CID_3909,Gold,166016.73,8.96,Approved,25-10-2024
LON_1827,CID_995,Personal,,9.23,,
LON_1828,CID_911,Personal,1347834.77,9.18,Approved,19-12-2024
LON_1829,CID_3515,Auto,682192.79,9.22,Approved,25-05-2023
LON_1830,CID_1834,Personal,368838.03,9.37,Approved,21-07-2024
LON_1831,CID_2612,Home,7178685.04,9.01,Approved,08-09-2025
LON_1832,CID_4264,Business Loan,214912.98,8.89,Rejected,23-12-2025
LON_1833,CID_595,Business Loan,,,,14-07-2022
LON_1834,CID_4239,Home,2092427.5,9.42,Approved,22-02-2019
LON_1835,CID_1549,Gold,287221.7,8.88,Approved,12-11-2019
LON_1836,CID_009,,3849251.61,8.76,Approved,24-04-2024
LON_1837,CID_2636,Gold,702378.27,9.1,Approved,13-03-2019
LON_1838,CID_901,Eduction Loan,762034.25,9.13,Approved,20-01-2020
LON_1839,CID_4864,Auto,2039147.65,,Approved,07-12-2022
LON_1840,CID_2746,Auto,1709010.03,8.94,Approved,15-12-2022
LON_1841,CID_4329,Business Loan,1801946.58,9.14,Approved,
LON_1842,CID_3696,Personal,441409.3,9.14,Approved,28-08-2020
LON_1843,CID_2177,Eduction Loan,738741.25,9.5,Approved,07-05-2019
LON_1844,CID_1743,LAP,5264783.28,9.48,Approved,01-01-2020
LON_1845,CID_4052,Gold,521824.99,9.47,Rejected,09-02-2025
LON_1846,CID_3497,LAP,1472180.06,9.43,Approved,18-09-2022
LON_1847,CID_4646,LAP,3095871.71,9.5,Approved,18-06-2019
LON_1848,CID_3114,Business Loan,1847717.33,9.21,Approved,07-02-2024
LON_1849,CID_4171,,408947.86,8.76,Rejected,25-08-2020
LON_1850,CID_2760,Business Loan,921093.21,9.48,Approved,28-10-2020
LON_1851,CID_1974,Gold,251960.16,9.35,Approved,17-06-2019
LON_1852,CID_3888,Auto,2089855.91,8.84,Approved,21-01-2019
LON_1853,CID_2536,Auto,1701595.29,8.75,Approved,05-12-2022
LON_1854,CID_768,Eduction Loan,,9.25,,
LON_1855,CID_729,Business Loan,1499210.7,9.5,Approved,25-07-2025
LON_1856,CID_3462,Auto,664315.75,9.1,Approved,22-02-2026
LON_1857,CID_2818,Gold,,9.43,,22-05-2022
LON_1858,CID_1226,Home,5293214.7,9.26,Approved,26-06-2025
LON_1859,CID_2746,Business Loan,3884769.72,8.94,Approved,
LON_1860,CID_1658,Auto,,,,13-02-2025
LON_1861,CID_3982,Gold,632452.41,,Approved,26-11-2024
LON_1862,CID_3176,Business Loan,1703650.22,9.45,Approved,02-04-2024
LON_1863,CID_247,Gold,389245.47,9.47,Approved,08-04-2025
LON_1864,CID_2152,Eduction Loan,1320664,9.32,Approved,23-05-2022
LON_1865,CID_2666,LAP,3731785.53,8.85,Approved,05-05-2025
LON_1866,CID_4145,Personal,1145236,9.04,Approved,25-01-2019
LON_1867,CID_479,Eduction Loan,2312687,9.14,Approved,13-12-2019
LON_1868,CID_2636,Auto,2100251.58,9.24,Approved,03-02-2020
LON_1869,CID_4556,LAP,,9,,22-07-2025
LON_1870,CID_4402,Business Loan,3641366.61,9.28,Approved,21-04-2025
LON_1871,CID_2818,Home,2400120.46,9.26,Rejected,17-05-2022
LON_1872,CID_986,Business Loan,4947961.42,8.75,Approved,02-04-2021
LON_1873,CID_2203,Personal,50051.78,9.2,Approved,01-02-2020
LON_1874,CID_484,Home,1380659.71,8.77,Approved,20-05-2023
LON_1875,CID_4875,Personal,484889.45,9.11,Approved,20-08-2021
LON_1876,CID_1081,Auto,2080963.18,9.26,Rejected,02-12-2025
LON_1877,CID_1549,Gold,142609.71,8.77,Approved,12-09-2021
LON_1878,CID_2622,LAP,5269153.63,9.16,Approved,02-04-2022
LON_1879,CID_3498,Business Loan,680094.49,9.19,Approved,01-02-2022
LON_1880,CID_1305,Gold,567192.58,8.83,Approved,07-10-2023
LON_1881,CID_2757,Personal,460962.22,8.84,Approved,05-07-2025
LON_1882,CID_3179,Personal,985408.03,9.42,Approved,24-06-2019
LON_1883,CID_3210,,4477210.41,9.29,Approved,10-10-2020
LON_1884,CID_3495,LAP,6034125.13,9.13,Approved,20-11-2024
LON_1885,CID_3058,LAP,720530.67,9.24,Approved,25-04-2025
LON_1886,CID_3529,Gold,580690.4,9.34,Approved,25-05-2022
LON_1887,CID_1612,Personal,1378432.03,9.23,Approved,16-04-2024
LON_1888,CID_1145,LAP,5046951.23,9.13,Approved,27-11-2021
LON_1889,CID_3610,Business Loan,,9.47,,04-12-2025
LON_1890,CID_944,Personal,115147.24,9.39,Approved,31-01-2020
LON_1891,CID_937,Gold,749360.11,9.11,Approved,27-08-2021
LON_1892,CID_543,Home,6689386.86,9.04,Rejected,21-09-2019
LON_1893,CID_3341,LAP,1978241.79,8.78,Approved,14-12-2023
LON_1894,CID_4052,LAP,4529670.17,8.77,Approved,16-03-2020
LON_1895,CID_2254,Gold,132576.81,9.23,Approved,12-03-2021
LON_1896,CID_3910,Gold,366886.44,8.96,Approved,25-10-2020
LON_1897,CID_869,Eduction Loan,1632735.4,9.34,Approved,10-04-2019
LON_1898,CID_4875,Home,782533.13,,Approved,30-07-2023
LON_1899,CID_4410,Eduction Loan,308698.84,8.89,Approved,03-12-2024
LON_1900,CID_3205,Home,7575424.73,9.18,Approved,13-12-2022
LON_1901,CID_3857,LAP,6328363.58,9.39,Approved,03-12-2023
LON_1902,CID_2718,Business Loan,2005367.49,8.8,Approved,19-10-2024
LON_1903,CID_188,Personal,,8.92,,17-09-2022
LON_1904,CID_3210,Home,7481286.34,8.97,Approved,19-05-2023
LON_1905,CID_2141,Personal,1315041.68,8.87,Approved,28-12-2024
LON_1906,CID_499,Eduction Loan,,9.21,,08-12-2025
LON_1907,CID_276,LAP,4973369.99,8.83,Approved,13-12-2021
LON_1908,CID_1226,Personal,540165.6,8.95,Approved,
LON_1909,CID_2114,Home,5150242.45,9.3,Rejected,13-09-2019
LON_1910,CID_3110,Gold,86142.16,9.46,Rejected,25-05-2019
LON_1911,CID_4912,Personal,1427366.29,9.2,Approved,27-11-2019
LON_1912,CID_4411,Gold,758882.52,8.95,Approved,26-05-2019
LON_1913,CID_171,LAP,1809141.77,9.01,Approved,21-07-2021
LON_1914,CID_3385,Personal,88213.04,,Approved,26-10-2025
LON_1915,CID_3360,Business Loan,3481256.32,8.76,Approved,05-05-2023
LON_1916,CID_3942,Business Loan,801139.49,9.28,Approved,18-04-2020
LON_1917,CID_3082,Personal,1350862.76,9.49,Approved,04-03-2021
LON_1918,CID_2057,Gold,736912.81,8.93,Approved,
LON_1919,CID_410,Gold,,9.42,,15-05-2025
LON_1920,CID_499,Eduction Loan,143205.82,9.29,Approved,10-11-2019
LON_1921,CID_2177,Home,4227725,8.96,Approved,03-10-2025
LON_1922,CID_687,Auto,454833.17,9.05,Approved,11-11-2019
LON_1923,CID_2000,Auto,2355169.83,8.9,Approved,02-01-2023
LON_1924,CID_2177,Gold,579113.07,9.46,Approved,13-04-2022
LON_1925,CID_461,LAP,6282955.79,8.99,Approved,03-03-2020
LON_1926,CID_700,Auto,2265999.64,9.28,Approved,19-02-2022
LON_1927,CID_4916,,8252418.31,9.38,Approved,03-06-2022
LON_1928,CID_2113,Home,1543358.42,9.29,Approved,
LON_1929,CID_4435,Business Loan,2313331.57,9.32,Rejected,29-03-2019
LON_1930,CID_528,Eduction Loan,197892.93,8.96,Approved,13-12-2019
LON_1931,CID_3434,Auto,2158249.46,9.04,Approved,17-04-2023
LON_1932,CID_4731,Gold,64199.97,8.9,Approved,01-11-2023
LON_1933,CID_3034,Personal,1007583.56,8.77,Approved,17-04-2019
LON_1934,CID_3067,Eduction Loan,2731603.79,9.36,Approved,23-04-2019
LON_1935,CID_960,Business Loan,4180349.38,9.08,Approved,22-08-2019
LON_1936,CID_4153,LAP,2900340.77,9.29,Approved,30-12-2024
LON_1937,CID_3401,Gold,,9.18,,27-10-2020
LON_1938,CID_2510,Gold,604138.08,9.44,Approved,
LON_1939,CID_2687,Eduction Loan,2079536.32,8.96,Rejected,01-02-2025
LON_1940,CID_2243,Auto,1492044.19,8.78,Approved,05-01-2022
LON_1941,CID_2926,Eduction Loan,1993790.22,9.33,Approved,11-06-2022
LON_1942,CID_063,Eduction Loan,867100.88,8.88,Approved,
LON_1943,CID_1975,Gold,58492.9,,Approved,29-03-2025
LON_1944,CID_4912,Gold,75110.32,9.45,Approved,04-11-2025
LON_1945,CID_2295,Auto,2390239.22,9.08,Approved,05-02-2022
LON_1946,CID_432,Eduction Loan,1535293.89,8.92,Approved,06-12-2025
LON_1947,CID_2884,Home,1472795.78,8.78,Approved,09-12-2023
LON_1948,CID_2283,Personal,,,,27-11-2021
LON_1949,CID_2110,Personal,1033662.34,9.39,Approved,
LON_1950,CID_2121,Auto,,9.13,,14-11-2019
LON_1951,CID_631,Home,3269206.89,9.03,Approved,31-08-2023
LON_1952,CID_3225,Business Loan,2247081.59,8.96,Approved,22-10-2025
LON_1953,CID_279,Auto,2441482.25,9.42,Approved,19-04-2022
LON_1954,CID_243,Home,3630566.26,8.97,Approved,
LON_1955,CID_3093,Personal,933105.31,9.36,Approved,12-09-2024
LON_1956,CID_3401,Home,3720137.39,9.19,Approved,06-09-2020
LON_1957,CID_4476,Eduction Loan,2993680.47,8.81,Approved,08-07-2021
LON_1958,CID_4689,LAP,4523173.31,9.3,Approved,11-05-2020
LON_1959,CID_2884,Eduction Loan,249151.36,9.1,Approved,12-12-2023
LON_1960,CID_2154,Auto,608305.45,9.18,Rejected,08-09-2022
LON_1961,CID_2138,,2326165.9,9.02,Approved,17-04-2020
LON_1962,CID_4959,Gold,594254.71,9.41,Approved,12-12-2022
LON_1963,CID_4050,LAP,,9.02,,01-08-2021
LON_1964,CID_4779,Eduction Loan,1314665.67,9.18,Approved,28-05-2020
LON_1965,CID_2306,Home,7099810.31,9.06,Approved,19-07-2020
LON_1966,CID_4481,Eduction Loan,931967.05,8.99,Approved,21-09-2023
LON_1967,CID_4099,Home,5396099.88,9.22,Approved,06-01-2021
LON_1968,CID_911,Personal,291817.87,9.06,Approved,08-04-2024
LON_1969,CID_650,Home,7890399.76,9.38,Approved,14-11-2020
LON_1970,CID_3176,Home,4876625.28,9.15,Approved,26-09-2023
LON_1971,CID_3037,Home,3919698.81,9.17,Approved,02-05-2020
LON_1972,CID_654,Eduction Loan,2705226.29,9.19,Approved,05-07-2019
LON_1973,CID_4060,Business Loan,,9.46,,27-01-2026
LON_1974,CID_1658,Business Loan,4207062.43,8.97,Approved,05-07-2020
LON_1975,CID_1333,Business Loan,3876587.42,9.44,Rejected,10-12-2019
LON_1976,CID_2923,Personal,910652.27,9.03,Approved,03-04-2023
LON_1977,CID_2092,Gold,166076.14,,Approved,01-02-2020
LON_1978,CID_4530,Auto,1309239.65,8.79,Approved,21-11-2024
LON_1979,CID_1264,Eduction Loan,2791326.35,8.96,Approved,31-12-2020
LON_1980,CID_3888,Personal,1230281.41,9.3,Rejected,12-05-2021
LON_1981,CID_2548,LAP,2164316.72,9.41,Approved,23-11-2022
LON_1982,CID_2615,Home,1507684.16,8.96,Approved,24-11-2020
LON_1983,CID_1249,Auto,2473693.1,9.32,Rejected,15-02-2022
LON_1984,CID_341,Personal,349922.51,9.38,Approved,23-04-2019
LON_1985,CID_3315,LAP,3904036.67,8.9,Approved,16-04-2019
LON_1986,CID_4650,Home,2895618.94,9.46,Approved,28-12-2023
LON_1987,CID_4001,Home,7563821.43,8.97,Approved,06-05-2020
LON_1988,CID_1027,Gold,409806.77,8.82,Approved,14-02-2022
LON_1989,CID_2959,Auto,2038556.54,9.31,Approved,01-11-2019
LON_1990,CID_654,Home,4810011.47,8.96,Approved,
LON_1991,CID_4654,Business Loan,3502100.36,9.42,Approved,16-02-2020
LON_1992,CID_318,Auto,597436.89,9.17,Approved,08-01-2026
LON_1993,CID_1755,Business Loan,3210968.23,8.93,Approved,
LON_1994,CID_2530,Auto,1254771.21,,Approved,27-07-2024
LON_1995,CID_019,Home,2187870.23,9.41,Rejected,
LON_1996,CID_336,Gold,81791.18,9.17,Approved,
LON_1997,CID_3124,Gold,559745.88,9.21,Approved,19-08-2021
LON_1998,CID_2662,Gold,438455.08,9.47,Rejected,07-08-2021
LON_1999,CID_4825,Business Loan,2528287.76,9.35,Approved,02-01-2023
LON_2000,CID_3781,Gold,257471.26,8.91,Rejected,22-03-2022
