payment_id,loan_id,payment_amount,payment_date
1,LON_001,"28,245.74",2020-08-10
2,LON_001,"28,245.74",2020-09-11
3,LON_001,"28,245.74",2020-10-09
4,LON_002,"17,208.02",2019-06-14
5,LON_002,"17,208.02",2019-07-15
6,LON_002,"17,044.36",2019-08-16
7,LON_003,"12,234.17",2021-04-24
8,LON_004,"13,315.95",2019-03-02
9,LON_004,"13,315.95",2019-04-02
10,LON_005,"27,512.95",2022-11-07
11,LON_005,"27,512.95",2023-01-07
12,LON_005,"27,512.95",2023-03-08
13,LON_005,"27,512.95",2023-05-07
14,LON_006,"13,062.93",2022-02-01
15,LON_006,"12,855.73",2022-03-02
16,LON_006,"12,748.95",2022-03-30
17,LON_010,"7,555.85",2023-03-19
18,LON_010,"7,555.85",2023-04-18
19,LON_011,"32,829.54",2019-11-21
20,LON_011,"32,829.54",2019-12-19
21,LON_012,"74,073.56",2025-05-01
22,LON_012,"74,073.56",2025-05-27
23,LON_013,"20,911.39",2019-06-05
24,LON_013,"20,911.39",2019-07-07
25,LON_013,"20,911.39",2019-08-07
26,LON_016,"16,026.75",2025-08-11
27,LON_018,"44,072.47",2020-11-23
28,LON_018,"44,072.47",2020-12-22
29,LON_018,"44,072.47",2021-01-19
30,LON_018,"44,072.47",2021-02-16
31,LON_022,"48,396.64",2021-02-01
32,LON_022,"48,396.64",2021-04-01
33,LON_022,"48,396.64",2021-06-02
34,LON_022,"48,237.55",2021-07-30
35,LON_023,"45,250.07",2025-11-21
36,LON_023,"45,250.07",2025-12-22
37,LON_023,"45,250.07",2026-01-21
38,LON_023,"45,250.07",2026-02-22
39,LON_026,"19,359.02",2024-07-24
40,LON_026,"19,359.02",2024-08-20
41,LON_027,"24,188.94",2025-03-21
42,LON_027,"23,617.94",2025-04-21
43,LON_027,"24,188.94",2025-05-21
44,LON_027,"24,188.94",2025-06-21
45,LON_027,"24,188.94",2025-07-21
46,LON_029,"25,700.58",2024-01-08
47,LON_029,"25,700.58",2024-02-06
48,LON_030,"5,132.22",2025-09-01
49,LON_030,"5,132.22",2025-10-01
50,LON_030,"5,132.22",2025-10-29
51,LON_031,"28,506.43",2019-10-01
52,LON_031,"28,506.43",2019-10-28
53,LON_031,"28,506.43",2019-11-27
54,LON_031,"28,506.43",2019-12-24
55,LON_032,"61,948.14",2021-10-07
56,LON_032,"61,948.14",2021-11-05
57,LON_033,"28,111.00",2025-06-13
58,LON_033,"27,772.86",2025-07-12
59,LON_033,"28,111.00",2025-08-12
60,LON_033,"28,111.00",2025-09-09
61,LON_033,"28,111.00",2025-10-11
62,LON_033,"28,111.00",2025-11-10
63,LON_034,"47,166.22",2020-02-26
64,LON_035,"27,805.99",2020-03-14
65,LON_035,"28,635.24",2020-04-13
66,LON_035,"28,635.24",2020-05-12
67,LON_035,"28,635.24",2020-06-12
68,LON_036,"98,454.08",2021-03-11
69,LON_036,"98,454.08",2021-04-10
70,LON_036,"98,454.08",2021-05-08
71,LON_036,"98,454.08",2021-06-03
72,LON_036,"98,454.08",2021-07-02
73,LON_037,"36,326.49",2021-11-23
74,LON_037,"36,326.49",2021-12-21
75,LON_037,"36,326.49",2022-01-19
76,LON_037,"36,326.49",2022-02-16
77,LON_038,"50,167.47",2025-02-16
78,LON_038,"50,167.47",2025-03-16
79,LON_038,"50,167.47",2025-04-13
80,LON_038,"50,167.47",2025-05-09
81,LON_038,"50,167.47",2025-06-07
82,LON_038,"48,682.63",2025-07-05
83,LON_039,"63,328.73",2024-07-20
84,LON_039,"63,328.73",2024-08-21
85,LON_039,"62,353.32",2024-09-20
86,LON_039,"63,328.73",2024-10-20
87,LON_039,"61,895.77",2024-11-22
88,LON_041,"68,450.51",2025-04-14
89,LON_041,"68,450.51",2025-05-14
90,LON_041,"68,450.51",2025-06-13
91,LON_042,"11,366.30",2025-03-02
92,LON_042,"11,366.30",2025-03-30
93,LON_043,"27,504.89",2025-01-17
94,LON_043,"27,504.89",2025-02-17
95,LON_043,"26,687.61",2025-03-20
96,LON_044,"80,173.86",2025-09-22
97,LON_044,"80,173.86",2025-10-19
98,LON_044,"80,173.86",2025-11-15
99,LON_044,"80,173.86",2025-12-15
100,LON_046,"59,489.98",2025-08-24
101,LON_046,"58,236.92",2025-09-24
102,LON_046,"59,489.98",2025-10-25
103,LON_046,"59,489.98",2025-11-22
104,LON_047,"34,508.23",2021-09-23
105,LON_047,"33,879.60",2021-10-22
106,LON_047,"34,508.23",2021-11-22
107,LON_048,"7,265.35",2019-11-28
108,LON_048,"7,265.35",2019-12-29
109,LON_048,"7,265.35",2020-01-28
110,LON_048,"7,265.35",2020-02-27
111,LON_051,"7,546.45",2025-12-07
112,LON_051,"7,546.45",2026-01-04
113,LON_055,"27,920.42",2026-03-28
114,LON_055,"27,920.42",2026-04-24
115,LON_055,"27,920.42",2026-05-23
116,LON_055,"27,920.42",2026-06-21
117,LON_056,"15,039.54",2026-03-19
118,LON_057,"37,365.18",2019-03-13
119,LON_057,"37,365.18",2019-04-08
120,LON_057,"37,365.18",2019-05-06
121,LON_057,"37,365.18",2019-06-03
122,LON_057,"37,365.18",2019-07-01
123,LON_057,"37,365.18",2019-07-29
124,LON_058,"25,362.93",2019-07-02
125,LON_058,"25,362.93",2019-07-28
126,LON_058,"25,362.93",2019-08-26
127,LON_059,"19,093.83",2023-02-28
128,LON_059,"19,093.83",2023-04-01
129,LON_059,"19,093.83",2023-04-30
130,LON_060,"15,325.71",2025-05-12
131,LON_060,"15,286.60",2025-06-08
132,LON_060,"15,325.71",2025-07-07
133,LON_060,"15,325.71",2025-08-04
134,LON_060,"15,325.71",2025-08-30
135,LON_060,"14,951.58",2025-09-29
136,LON_061,"70,019.74",2020-11-17
137,LON_061,"70,019.74",2020-12-17
138,LON_061,"70,019.74",2021-01-17
139,LON_061,"69,272.48",2021-02-16
140,LON_061,"70,019.74",2021-03-17
141,LON_062,"3,067.84",2023-09-21
142,LON_062,"3,157.14",2023-10-19
143,LON_062,"3,067.84",2023-11-17
144,LON_063,"8,592.05",2019-07-08
145,LON_063,"8,592.05",2019-08-05
146,LON_063,"8,592.05",2019-09-03
147,LON_064,"10,873.11",2021-08-19
148,LON_064,"10,873.11",2021-09-16
149,LON_064,"10,873.11",2021-10-15
150,LON_064,"10,721.74",2021-11-11
151,LON_065,"62,940.51",2019-11-07
152,LON_065,"62,940.51",2019-12-05
153,LON_067,"6,771.69",2022-01-10
154,LON_067,"6,943.90",2022-02-08
155,LON_068,"24,730.50",2023-12-13
156,LON_068,"24,730.50",2024-01-09
157,LON_069,"15,732.82",2023-12-08
158,LON_069,"16,014.04",2024-01-04
159,LON_069,"16,014.04",2024-02-02
160,LON_069,"16,014.04",2024-02-29
161,LON_070,"37,580.08",2021-04-30
162,LON_070,"37,580.08",2021-05-28
163,LON_070,"36,506.98",2021-06-26
164,LON_070,"37,580.08",2021-07-22
165,LON_071,"4,659.99",2022-07-30
166,LON_071,"4,659.99",2022-08-27
167,LON_071,"4,659.99",2022-09-23
168,LON_073,"45,769.55",2023-04-19
169,LON_073,"46,708.13",2023-06-19
170,LON_073,"46,261.28",2023-08-18
171,LON_073,"45,902.33",2023-10-17
172,LON_073,"46,261.28",2023-12-16
173,LON_073,"46,261.28",2024-02-14
174,LON_074,"31,638.50",2022-06-19
175,LON_074,"31,638.50",2022-07-18
176,LON_074,"31,638.50",2022-08-15
177,LON_075,"17,152.25",2024-04-20
178,LON_075,"17,601.90",2024-05-19
179,LON_075,"17,601.90",2024-06-17
180,LON_075,"17,601.90",2024-07-18
181,LON_075,"17,601.90",2024-08-18
182,LON_075,"17,601.90",2024-09-17
183,LON_076,"27,511.65",2020-12-21
184,LON_077,"18,396.11",2021-10-05
185,LON_077,"18,396.11",2021-11-03
186,LON_077,"18,396.11",2021-12-03
187,LON_077,"18,396.11",2022-01-01
188,LON_078,"41,324.63",2024-05-17
189,LON_078,"41,324.63",2024-06-15
190,LON_079,"17,455.98",2023-05-28
191,LON_080,"14,369.58",2020-04-25
192,LON_080,"14,369.58",2020-05-28
193,LON_081,"11,666.88",2019-08-20
194,LON_081,"11,666.88",2019-09-20
195,LON_082,"38,960.07",2024-04-13
196,LON_082,"38,960.07",2024-05-09
197,LON_082,"38,960.07",2024-06-06
198,LON_085,"68,452.69",2024-12-09
199,LON_085,"68,452.69",2025-01-07
200,LON_085,"68,452.69",2025-02-06
201,LON_085,"68,452.69",2025-03-08
202,LON_086,"16,756.81",2021-09-09
203,LON_086,"17,068.10",2021-10-08
204,LON_086,"17,068.10",2021-11-06
205,LON_086,"17,068.10",2021-12-08
206,LON_086,"17,068.10",2022-01-06
207,LON_087,"12,017.57",2021-09-10
208,LON_087,"12,017.57",2021-10-08
209,LON_088,"11,383.72",2022-10-17
210,LON_089,"16,673.63",2025-08-18
211,LON_089,"16,673.63",2025-09-15
212,LON_089,"16,673.63",2025-10-13
213,LON_089,"16,673.63",2025-11-11
214,LON_089,"16,431.79",2025-12-09
215,LON_090,"54,161.31",2023-01-17
216,LON_090,"55,332.24",2023-02-13
217,LON_091,"16,994.45",2025-02-15
218,LON_091,"17,337.48",2025-03-16
219,LON_091,"17,337.48",2025-04-18
220,LON_091,"17,337.48",2025-05-17
221,LON_092,"27,603.47",2023-12-20
222,LON_092,"27,603.47",2024-01-20
223,LON_092,"27,603.47",2024-02-21
224,LON_093,"21,167.00",2020-12-16
225,LON_093,"21,167.00",2021-01-14
226,LON_093,"21,410.92",2021-02-13
227,LON_095,"6,601.80",2024-03-24
228,LON_095,"6,601.80",2024-05-21
229,LON_095,"6,601.80",2024-07-22
230,LON_096,"28,481.78",2022-11-25
231,LON_096,"28,481.78",2022-12-25
232,LON_097,"28,615.27",2019-12-26
233,LON_097,"28,615.27",2020-01-24
234,LON_097,"28,615.27",2020-02-23
235,LON_097,"28,615.27",2020-03-26
236,LON_099,"87,270.20",2021-11-14
237,LON_099,"87,155.40",2021-12-15
238,LON_100,"2,150.03",2020-05-14
239,LON_100,"2,150.03",2020-06-14
240,LON_1000,"18,216.58",2020-08-25
241,LON_1000,"18,216.58",2020-09-24
242,LON_1000,"18,216.58",2020-10-20
243,LON_1000,"18,216.58",2020-11-17
244,LON_1001,"9,554.61",2023-06-04
245,LON_1001,"9,554.61",2023-07-02
246,LON_1002,"10,081.27",2022-06-19
247,LON_1002,"9,878.07",2022-07-17
248,LON_1002,"10,081.27",2022-08-13
249,LON_1002,"10,081.27",2022-09-12
250,LON_1002,"10,081.27",2022-10-08
251,LON_1003,"1,11,736.03",2019-02-26
252,LON_1003,"1,11,736.03",2019-03-27
253,LON_1003,"1,11,736.03",2019-04-29
254,LON_1004,"42,667.52",2025-03-26
255,LON_1004,"42,667.52",2025-04-22
256,LON_1004,"42,667.52",2025-05-20
257,LON_1004,"42,667.52",2025-06-16
258,LON_1004,"42,334.77",2025-07-14
259,LON_1006,"17,445.95",2023-05-17
260,LON_1007,"33,190.58",2020-08-12
261,LON_1007,"33,190.58",2020-09-13
262,LON_1007,"33,190.58",2020-10-11
263,LON_1007,"33,190.58",2020-11-10
264,LON_1007,"33,190.58",2020-12-11
265,LON_101,"31,357.67",2025-11-18
266,LON_101,"31,357.67",2025-12-17
267,LON_101,"31,357.67",2026-01-14
268,LON_101,"31,357.67",2026-02-11
269,LON_101,"31,357.67",2026-03-09
270,LON_1011,"46,921.77",2025-11-19
271,LON_1013,"25,203.38",2024-09-05
272,LON_1013,"25,203.38",2024-10-02
273,LON_1013,"25,203.38",2024-10-31
274,LON_1013,"25,203.38",2024-11-28
275,LON_1013,"25,203.38",2024-12-27
276,LON_1014,"11,812.28",2023-03-11
277,LON_1014,"11,812.28",2023-04-08
278,LON_1014,"11,812.28",2023-05-06
279,LON_1014,"11,812.28",2023-06-03
280,LON_1014,"11,812.28",2023-07-01
281,LON_1015,"28,187.64",2024-06-29
282,LON_1015,"28,187.64",2024-07-29
283,LON_1015,"28,187.64",2024-08-26
284,LON_1015,"28,187.64",2024-09-23
285,LON_1015,"28,187.64",2024-10-19
286,LON_1017,"6,438.84",2024-05-16
287,LON_1017,"6,438.84",2024-06-13
288,LON_1017,"6,401.84",2024-07-15
289,LON_1018,"47,672.07",2019-09-15
290,LON_1018,"47,672.07",2019-10-15
291,LON_1019,"36,530.67",2024-05-18
292,LON_1019,"36,530.67",2024-06-14
293,LON_102,"32,155.50",2019-05-10
294,LON_102,"32,155.50",2019-06-10
295,LON_102,"32,281.98",2019-07-10
296,LON_1020,"21,553.16",2020-12-09
297,LON_1020,"21,553.16",2021-01-09
298,LON_1020,"21,553.16",2021-02-06
299,LON_1021,"53,215.51",2025-05-18
300,LON_1021,"53,215.51",2025-06-18
301,LON_1021,"53,215.51",2025-07-21
302,LON_1021,"53,215.51",2025-08-20
303,LON_1021,"53,215.51",2025-09-20
304,LON_1022,"33,189.14",2022-05-07
305,LON_1022,"33,189.14",2022-06-04
306,LON_1022,"33,189.14",2022-07-02
307,LON_1022,"33,189.14",2022-07-29
308,LON_1025,"54,698.75",2021-01-12
309,LON_1025,"54,698.75",2021-02-13
310,LON_1025,"54,698.75",2021-03-16
311,LON_1025,"54,698.75",2021-04-17
312,LON_1027,"26,900.95",2024-08-10
313,LON_1027,"26,900.95",2024-09-09
314,LON_1027,"26,900.95",2024-10-10
315,LON_1027,"26,900.95",2024-11-08
316,LON_1027,"26,900.95",2024-12-09
317,LON_1028,"31,056.01",2020-12-05
318,LON_1028,"31,056.01",2021-01-03
319,LON_1028,"31,056.01",2021-01-29
320,LON_1028,"31,056.01",2021-02-26
321,LON_1028,"31,120.69",2021-03-28
322,LON_1028,"31,056.01",2021-04-23
323,LON_1029,"57,602.92",2020-05-18
324,LON_1029,"57,365.05",2020-06-14
325,LON_1029,"57,365.05",2020-07-11
326,LON_1029,"57,365.05",2020-08-10
327,LON_1029,"57,365.05",2020-09-06
328,LON_1029,"57,365.05",2020-10-04
329,LON_1029,"57,365.05",2020-10-31
330,LON_103,"67,197.59",2021-04-18
331,LON_103,"67,197.59",2021-05-19
332,LON_103,"67,197.59",2021-06-18
333,LON_1030,"18,524.47",2025-01-07
334,LON_1030,"18,594.67",2025-02-07
335,LON_1030,"18,594.67",2025-03-10
336,LON_1030,"18,594.67",2025-04-07
337,LON_1031,"42,941.63",2025-01-09
338,LON_1031,"42,792.51",2025-02-07
339,LON_1031,"42,792.51",2025-03-09
340,LON_1031,"42,792.51",2025-04-08
341,LON_1031,"43,458.99",2025-05-10
342,LON_1032,"9,343.89",2022-08-24
343,LON_1032,"9,374.97",2022-09-25
344,LON_1033,"82,554.82",2023-01-07
345,LON_1033,"80,237.17",2023-02-06
346,LON_1033,"82,554.82",2023-03-10
347,LON_1033,"82,554.82",2023-04-08
348,LON_1034,"87,174.07",2022-01-28
349,LON_1034,"87,174.07",2022-02-27
350,LON_1034,"87,588.13",2022-03-31
351,LON_1034,"87,174.07",2022-04-30
352,LON_1034,"87,174.07",2022-05-28
353,LON_1035,"42,192.67",2021-10-08
354,LON_1035,"42,192.67",2021-11-06
355,LON_1035,"42,192.67",2021-12-05
356,LON_1036,"15,613.56",2025-03-21
357,LON_1036,"15,754.48",2025-04-21
358,LON_1037,"6,505.02",2024-12-29
359,LON_1037,"6,505.02",2025-02-27
360,LON_1037,"6,505.02",2025-04-28
361,LON_1037,"6,620.18",2025-06-26
362,LON_1038,"75,500.73",2021-04-06
363,LON_1038,"75,500.73",2021-06-04
364,LON_1038,"75,500.73",2021-08-05
365,LON_1038,"75,500.73",2021-10-04
366,LON_1039,"18,962.52",2021-06-28
367,LON_1039,"18,962.52",2021-07-28
368,LON_1039,"18,962.52",2021-08-29
369,LON_1039,"18,962.52",2021-09-29
370,LON_1040,"20,497.78",2023-04-04
371,LON_1040,"20,497.78",2023-05-04
372,LON_1040,"20,497.78",2023-05-31
373,LON_1040,"20,497.78",2023-06-28
374,LON_1041,"16,793.36",2019-11-25
375,LON_1041,"16,793.36",2019-12-26
376,LON_1041,"16,793.36",2020-01-25
377,LON_1042,"29,100.09",2022-09-01
378,LON_1042,"28,376.72",2022-10-04
379,LON_1042,"28,658.95",2022-11-02
380,LON_1042,"28,376.72",2022-12-04
381,LON_1042,"28,376.72",2023-01-05
382,LON_1042,"28,376.72",2023-02-05
383,LON_1043,"34,308.73",2023-06-04
384,LON_1043,"34,308.73",2023-07-04
385,LON_1043,"34,308.73",2023-07-30
386,LON_1043,"34,308.73",2023-08-28
387,LON_1043,"34,308.73",2023-09-24
388,LON_1044,"15,158.78",2019-10-29
389,LON_1044,"15,037.91",2019-11-28
390,LON_1044,"15,158.78",2019-12-29
391,LON_1046,"22,892.12",2024-01-13
392,LON_1046,"22,892.12",2024-02-13
393,LON_1046,"22,892.12",2024-03-15
394,LON_1046,"22,532.90",2024-04-13
395,LON_1046,"22,892.12",2024-05-15
396,LON_1046,"22,873.48",2024-06-15
397,LON_1047,"4,570.38",2024-02-09
398,LON_1047,"4,570.38",2024-03-10
399,LON_105,"63,565.72",2023-11-05
400,LON_105,"64,198.88",2023-12-08
401,LON_1050,"40,640.49",2019-11-04
402,LON_1050,"40,640.49",2019-12-06
403,LON_1050,"40,640.49",2020-01-03
404,LON_1050,"40,640.49",2020-02-02
405,LON_1051,"2,326.49",2024-07-13
406,LON_1051,"2,336.70",2024-08-10
407,LON_1051,"2,326.49",2024-09-10
408,LON_1052,"31,597.86",2022-06-19
409,LON_1052,"31,597.86",2022-07-19
410,LON_1053,"30,212.35",2025-01-21
411,LON_1053,"30,212.35",2025-02-23
412,LON_1054,"16,021.26",2021-05-12
413,LON_1054,"16,021.26",2021-06-12
414,LON_1054,"16,021.26",2021-07-13
415,LON_1058,"3,413.23",2025-01-22
416,LON_1058,"3,413.23",2025-02-20
417,LON_1060,"13,728.21",2025-02-18
418,LON_1060,"13,728.21",2025-03-18
419,LON_1060,"13,728.21",2025-04-14
420,LON_1061,"1,19,234.38",2020-08-26
421,LON_1061,"1,19,234.38",2020-09-24
422,LON_1061,"1,19,234.38",2020-10-24
423,LON_1061,"1,19,234.38",2020-11-24
424,LON_1062,"11,660.10",2021-10-18
425,LON_1062,"11,660.10",2021-11-16
426,LON_1062,"11,660.10",2021-12-16
427,LON_1062,"11,660.10",2022-01-15
428,LON_1062,"11,467.58",2022-02-13
429,LON_1063,"12,490.04",2020-02-21
430,LON_1064,"24,060.32",2020-04-05
431,LON_1064,"24,060.32",2020-05-01
432,LON_1065,"30,508.29",2021-05-23
433,LON_1065,"30,508.29",2021-06-21
434,LON_1065,"30,508.29",2021-07-18
435,LON_1066,"46,751.69",2022-09-08
436,LON_1066,"46,751.69",2022-10-08
437,LON_1066,"46,751.69",2022-11-07
438,LON_1066,"46,751.69",2022-12-06
439,LON_1066,"46,751.69",2023-01-07
440,LON_1066,"46,751.69",2023-02-04
441,LON_1066,"46,751.69",2023-03-06
442,LON_1067,"48,947.81",2021-06-22
443,LON_1067,"50,248.16",2021-07-24
444,LON_1067,"50,248.16",2021-08-21
445,LON_1068,"21,189.84",2023-10-02
446,LON_1068,"21,189.84",2023-11-03
447,LON_1068,"21,189.84",2023-12-03
448,LON_1068,"21,189.84",2024-01-04
449,LON_1069,"21,382.51",2025-08-25
450,LON_107,"40,516.13",2020-10-13
451,LON_107,"40,516.13",2020-11-11
452,LON_107,"40,516.13",2020-12-10
453,LON_1070,"28,445.90",2020-10-27
454,LON_1070,"28,445.90",2020-11-26
455,LON_1070,"28,445.90",2020-12-26
456,LON_1070,"28,445.90",2021-01-27
457,LON_1072,"80,571.10",2020-06-22
458,LON_1072,"80,571.10",2020-07-20
459,LON_1072,"79,164.44",2020-08-17
460,LON_1075,"35,442.09",2025-01-15
461,LON_1075,"35,442.09",2025-02-15
462,LON_1075,"35,442.09",2025-03-20
463,LON_1076,"33,228.52",2021-07-17
464,LON_1076,"33,228.52",2021-08-14
465,LON_1077,"37,583.26",2020-05-15
466,LON_1079,"19,700.96",2022-11-09
467,LON_1079,"19,700.96",2022-12-10
468,LON_1079,"19,700.96",2023-01-08
469,LON_1079,"19,700.96",2023-02-08
470,LON_1080,"19,359.02",2020-11-24
471,LON_1080,"19,359.02",2020-12-25
472,LON_1081,"25,086.82",2024-02-02
473,LON_1081,"25,086.82",2024-03-03
474,LON_1081,"25,086.82",2024-04-02
475,LON_1081,"25,086.82",2024-05-03
476,LON_1081,"24,973.55",2024-06-01
477,LON_1082,"8,319.94",2020-05-08
478,LON_1082,"8,319.94",2020-06-03
479,LON_1082,"8,401.43",2020-07-01
480,LON_1085,"42,385.30",2021-03-30
481,LON_1085,"42,385.30",2021-04-30
482,LON_1085,"42,385.30",2021-05-31
483,LON_1085,"42,385.30",2021-06-30
484,LON_1085,"42,385.30",2021-08-01
485,LON_1085,"42,385.30",2021-09-02
486,LON_1086,"25,007.82",2019-10-13
487,LON_1086,"24,385.19",2019-11-11
488,LON_1086,"25,007.82",2019-12-10
489,LON_1086,"25,007.82",2020-01-09
490,LON_1087,"6,944.37",2022-12-03
491,LON_1088,"19,854.99",2025-12-07
492,LON_1088,"19,854.99",2026-01-05
493,LON_1088,"19,854.99",2026-02-01
494,LON_1088,"19,854.99",2026-03-02
495,LON_1089,"50,667.71",2024-12-15
496,LON_1089,"49,274.71",2025-01-11
497,LON_1090,"35,564.60",2022-03-23
498,LON_1090,"35,564.60",2022-04-24
499,LON_1090,"35,564.60",2022-05-23
500,LON_1091,"33,655.67",2023-12-02
501,LON_1091,"33,655.67",2024-01-02
502,LON_1091,"33,655.67",2024-02-01
503,LON_1091,"33,655.67",2024-03-01
504,LON_1093,"49,955.88",2023-11-12
505,LON_1093,"49,578.22",2023-12-13
506,LON_1093,"49,578.22",2024-01-13
507,LON_1094,"17,113.63",2024-03-13
508,LON_1094,"16,626.56",2024-04-10
509,LON_1094,"16,626.56",2024-05-12
510,LON_1094,"16,626.56",2024-06-09
511,LON_1095,"9,069.76",2023-08-20
512,LON_1095,"9,069.76",2023-09-20
513,LON_1095,"9,069.76",2023-10-22
514,LON_1095,"9,069.76",2023-11-20
515,LON_1095,"9,069.76",2023-12-21
516,LON_1098,"20,373.46",2021-02-28
517,LON_1098,"20,373.46",2021-03-28
518,LON_1098,"20,373.46",2021-04-27
519,LON_110,"29,234.65",2025-11-30
520,LON_110,"29,234.65",2025-12-29
521,LON_110,"29,234.65",2026-01-26
522,LON_110,"29,234.65",2026-02-23
523,LON_110,"29,234.65",2026-03-24
524,LON_110,"29,234.65",2026-04-21
525,LON_110,"29,234.65",2026-05-17
526,LON_1100,"48,593.23",2022-02-03
527,LON_1101,"80,328.68",2022-11-18
528,LON_1101,"80,328.68",2022-12-17
529,LON_1101,"79,291.25",2023-01-13
530,LON_1101,"80,328.68",2023-02-11
531,LON_1101,"80,328.68",2023-03-10
532,LON_1101,"80,328.68",2023-04-08
533,LON_1103,"17,271.93",2025-05-19
534,LON_1103,"17,271.93",2025-06-18
535,LON_1103,"17,271.93",2025-07-19
536,LON_1103,"17,271.93",2025-08-18
537,LON_1105,"58,300.33",2021-06-09
538,LON_1106,"26,456.01",2022-03-01
539,LON_1106,"26,456.01",2022-03-31
540,LON_1107,"16,405.00",2020-07-01
541,LON_1107,"16,405.00",2020-07-29
542,LON_1107,"16,405.00",2020-08-27
543,LON_111,"2,861.12",2021-06-06
544,LON_111,"2,861.12",2021-07-03
545,LON_111,"2,861.12",2021-08-01
546,LON_111,"2,861.12",2021-08-28
547,LON_1110,"4,051.16",2019-12-25
548,LON_1110,"4,051.16",2020-01-26
549,LON_1110,"4,051.16",2020-02-24
550,LON_1111,"17,674.00",2021-05-10
551,LON_1111,"17,674.00",2021-06-06
552,LON_1115,"18,286.69",2025-10-07
553,LON_1115,"18,286.69",2025-11-06
554,LON_1115,"18,286.69",2025-12-06
555,LON_1115,"18,286.69",2026-01-04
556,LON_1116,"32,510.76",2022-07-03
557,LON_1116,"33,188.58",2022-08-03
558,LON_1116,"32,510.76",2022-09-02
559,LON_1116,"32,510.76",2022-10-02
560,LON_1116,"32,510.76",2022-11-02
561,LON_1118,"16,194.96",2020-11-21
562,LON_1118,"15,736.50",2020-12-23
563,LON_1118,"15,736.50",2021-01-22
564,LON_1118,"15,736.50",2021-02-20
565,LON_1119,"10,912.44",2020-10-06
566,LON_1119,"10,912.44",2020-11-04
567,LON_1119,"10,912.44",2020-12-04
568,LON_112,"12,867.00",2022-03-15
569,LON_112,"12,867.00",2022-04-14
570,LON_112,"12,867.00",2022-05-10
571,LON_112,"12,867.00",2022-06-08
572,LON_1121,"17,163.73",2022-08-17
573,LON_1121,"17,163.73",2022-09-15
574,LON_1121,"17,163.73",2022-10-18
575,LON_1121,"16,655.52",2022-11-16
576,LON_1122,"28,670.13",2022-06-16
577,LON_1122,"28,670.13",2022-07-14
578,LON_1122,"28,670.13",2022-08-13
579,LON_1123,"24,485.21",2024-03-24
580,LON_1123,"24,485.21",2024-04-25
581,LON_1123,"24,485.21",2024-05-24
582,LON_1123,"24,485.21",2024-06-25
583,LON_1123,"24,485.21",2024-07-26
584,LON_1128,"51,341.78",2021-04-26
585,LON_1128,"50,865.50",2021-05-25
586,LON_1128,"50,865.50",2021-06-24
587,LON_1128,"50,865.50",2021-07-24
588,LON_1128,"50,865.50",2021-08-24
589,LON_1128,"52,391.02",2021-09-21
590,LON_113,"21,597.55",2023-08-27
591,LON_113,"21,817.48",2023-09-25
592,LON_1130,"25,774.60",2024-11-05
593,LON_1130,"25,774.60",2024-12-06
594,LON_1130,"25,774.60",2025-01-03
595,LON_1130,"26,544.91",2025-02-02
596,LON_1130,"26,547.15",2025-03-06
597,LON_1130,"25,774.60",2025-04-04
598,LON_1130,"25,774.60",2025-05-03
599,LON_1132,"23,986.40",2023-04-13
600,LON_1132,"23,790.30",2023-05-14
601,LON_1133,"12,159.02",2025-05-16
602,LON_1133,"12,159.02",2025-06-13
603,LON_1133,"12,159.02",2025-07-10
604,LON_1135,"37,300.60",2023-09-13
605,LON_1135,"37,300.60",2023-10-13
606,LON_1135,"38,102.38",2023-11-08
607,LON_1135,"37,300.60",2023-12-06
608,LON_1136,"75,117.59",2024-05-27
609,LON_1136,"75,117.59",2024-06-25
610,LON_1139,"16,008.11",2019-07-29
611,LON_1139,"16,008.11",2019-08-28
612,LON_114,"48,465.79",2024-07-22
613,LON_114,"48,465.79",2024-08-22
614,LON_1140,"44,927.60",2021-08-06
615,LON_1140,"44,927.60",2021-09-06
616,LON_1140,"44,927.60",2021-10-06
617,LON_1144,"37,841.46",2024-05-19
618,LON_1144,"37,841.46",2024-06-17
619,LON_1144,"37,841.46",2024-07-15
620,LON_1144,"37,841.46",2024-08-10
621,LON_1146,"25,738.32",2020-11-27
622,LON_1146,"25,738.32",2020-12-24
623,LON_1146,"25,738.32",2021-01-23
624,LON_1148,"22,862.11",2026-02-27
625,LON_1148,"22,862.11",2026-03-29
626,LON_1149,"4,561.89",2022-08-06
627,LON_1149,"4,561.89",2022-09-02
628,LON_1149,"4,561.89",2022-10-01
629,LON_115,"5,172.60",2021-10-13
630,LON_115,"5,161.38",2021-11-10
631,LON_115,"5,090.80",2021-12-10
632,LON_1150,"16,207.55",2025-07-20
633,LON_1150,"16,207.55",2025-08-21
634,LON_1150,"16,207.55",2025-09-20
635,LON_1152,"27,756.85",2024-09-09
636,LON_1152,"28,569.54",2024-10-09
637,LON_1152,"28,569.54",2024-11-11
638,LON_1152,"28,569.54",2024-12-10
639,LON_1152,"28,569.54",2025-01-10
640,LON_1152,"28,569.54",2025-02-12
641,LON_1153,"9,794.07",2024-12-19
642,LON_1153,"9,794.07",2025-01-16
643,LON_1153,"9,794.07",2025-02-12
644,LON_1153,"9,794.07",2025-03-13
645,LON_1153,"9,794.07",2025-04-10
646,LON_1154,"46,644.94",2024-03-19
647,LON_1155,"37,494.69",2022-07-20
648,LON_1155,"38,111.99",2022-08-20
649,LON_1155,"37,494.69",2022-09-21
650,LON_1155,"37,494.69",2022-10-21
651,LON_1155,"37,494.69",2022-11-23
652,LON_1156,"53,559.92",2022-11-25
653,LON_1156,"53,921.89",2022-12-24
654,LON_1157,"70,289.68",2020-07-08
655,LON_1157,"69,270.18",2020-08-06
656,LON_1157,"69,270.18",2020-09-05
657,LON_1157,"69,270.18",2020-10-05
658,LON_1157,"69,270.18",2020-11-04
659,LON_1157,"69,270.18",2020-12-05
660,LON_1157,"69,270.18",2021-01-02
661,LON_1158,"21,459.29",2019-12-21
662,LON_1158,"21,459.29",2020-01-21
663,LON_1158,"21,459.29",2020-02-19
664,LON_1158,"21,459.29",2020-03-20
665,LON_1158,"21,479.97",2020-04-18
666,LON_1159,"1,10,357.53",2024-07-16
667,LON_1159,"1,10,357.53",2024-08-15
668,LON_116,"35,306.37",2023-11-15
669,LON_116,"34,784.50",2023-12-17
670,LON_116,"34,784.50",2024-01-16
671,LON_116,"34,784.50",2024-02-14
672,LON_1161,"10,130.84",2019-03-18
673,LON_1161,"10,130.84",2019-04-13
674,LON_1162,"15,827.63",2021-04-15
675,LON_1162,"15,827.63",2021-05-15
676,LON_1162,"15,827.63",2021-06-15
677,LON_1162,"15,827.63",2021-07-14
678,LON_1162,"15,827.63",2021-08-14
679,LON_1162,"15,827.63",2021-09-13
680,LON_1164,"6,848.18",2021-10-24
681,LON_1164,"6,848.18",2021-11-23
682,LON_1164,"6,848.18",2021-12-26
683,LON_1164,"6,848.18",2022-01-25
684,LON_1164,"6,848.18",2022-02-26
685,LON_1164,"6,848.18",2022-03-27
686,LON_1165,"5,531.81",2024-12-23
687,LON_1167,"8,527.74",2024-06-14
688,LON_1167,"8,527.74",2024-07-12
689,LON_1167,"8,527.74",2024-08-11
690,LON_1167,"8,307.91",2024-09-12
691,LON_1167,"8,527.74",2024-10-12
692,LON_1167,"8,527.74",2024-11-09
693,LON_1169,"29,712.56",2022-08-07
694,LON_1169,"29,712.56",2022-09-06
695,LON_117,"27,132.08",2021-08-30
696,LON_117,"27,132.08",2021-09-26
697,LON_117,"27,099.83",2021-10-25
698,LON_117,"27,132.08",2021-11-22
699,LON_1170,"11,494.34",2022-05-10
700,LON_1170,"11,494.34",2022-06-08
701,LON_1170,"11,494.34",2022-07-09
702,LON_1171,"7,180.38",2022-04-15
703,LON_1171,"7,180.38",2022-05-14
704,LON_1171,"7,180.38",2022-06-15
705,LON_1171,"7,180.38",2022-07-15
706,LON_1171,"7,180.38",2022-08-15
707,LON_1173,"31,719.22",2019-11-09
708,LON_1173,"31,719.22",2019-12-10
709,LON_1174,"47,895.58",2020-04-03
710,LON_1174,"47,895.58",2020-05-31
711,LON_1174,"47,895.58",2020-07-31
712,LON_1175,"20,592.86",2023-06-27
713,LON_1175,"20,592.86",2023-07-26
714,LON_1175,"20,592.86",2023-08-21
715,LON_1175,"20,592.86",2023-09-18
716,LON_1177,"34,390.67",2023-08-07
717,LON_1177,"34,390.67",2023-09-04
718,LON_1178,"34,497.41",2025-08-14
719,LON_118,"12,356.09",2021-02-26
720,LON_118,"12,356.09",2021-04-28
721,LON_118,"12,356.09",2021-06-28
722,LON_118,"12,356.09",2021-08-27
723,LON_1180,"18,425.62",2020-06-11
724,LON_1180,"18,425.62",2020-07-10
725,LON_1181,"45,005.16",2020-03-07
726,LON_1181,"45,877.87",2020-04-07
727,LON_1181,"45,877.87",2020-05-05
728,LON_1181,"45,877.87",2020-06-04
729,LON_1183,"22,935.80",2024-12-02
730,LON_1184,"17,279.33",2024-09-29
731,LON_1184,"17,193.53",2024-10-27
732,LON_1184,"17,279.33",2024-11-24
733,LON_1184,"17,279.33",2024-12-22
734,LON_1185,"20,985.68",2019-06-08
735,LON_1185,"20,985.68",2019-07-07
736,LON_1185,"20,985.68",2019-08-04
737,LON_1186,"11,887.52",2024-03-17
738,LON_1186,"11,887.52",2024-04-17
739,LON_1187,"6,662.18",2020-11-29
740,LON_1187,"6,662.18",2020-12-31
741,LON_1187,"6,662.18",2021-01-31
742,LON_1187,"6,662.18",2021-03-01
743,LON_1187,"6,489.29",2021-04-02
744,LON_1187,"6,662.18",2021-05-04
745,LON_1188,"9,539.71",2020-04-20
746,LON_1188,"9,539.71",2020-05-21
747,LON_1189,"47,918.25",2025-05-25
748,LON_1189,"49,029.60",2025-07-22
749,LON_119,"16,021.26",2024-12-08
750,LON_119,"16,021.26",2025-01-07
751,LON_1190,"3,938.24",2023-05-08
752,LON_1190,"3,938.24",2023-06-09
753,LON_1191,"49,755.43",2019-07-30
754,LON_1191,"49,755.43",2019-08-30
755,LON_1191,"49,755.43",2019-10-01
756,LON_1191,"49,755.43",2019-10-30
757,LON_1192,"34,193.80",2026-01-22
758,LON_1193,"6,174.09",2023-01-22
759,LON_1193,"6,174.09",2023-02-18
760,LON_1193,"6,174.09",2023-03-18
761,LON_1194,"31,188.61",2020-01-09
762,LON_1195,"35,739.73",2022-10-12
763,LON_1195,"35,739.73",2022-11-11
764,LON_1195,"35,739.73",2022-12-11
765,LON_1195,"35,739.73",2023-01-08
766,LON_1195,"35,739.73",2023-02-08
767,LON_1196,"89,413.53",2023-10-12
768,LON_1196,"89,079.97",2023-11-10
769,LON_1196,"89,413.53",2023-12-09
770,LON_1196,"89,413.53",2024-01-09
771,LON_1198,"55,387.62",2021-05-18
772,LON_1198,"55,387.62",2021-06-16
773,LON_120,"26,751.30",2022-06-13
774,LON_120,"26,751.30",2022-07-14
775,LON_120,"26,037.96",2022-08-12
776,LON_1204,"4,185.96",2022-06-11
777,LON_1204,"4,121.12",2022-07-12
778,LON_1204,"4,185.96",2022-08-10
779,LON_1205,"16,793.36",2026-02-12
780,LON_1205,"16,646.59",2026-03-17
781,LON_1205,"16,793.36",2026-04-15
782,LON_1209,"24,181.50",2022-06-25
783,LON_1209,"24,181.50",2022-07-25
784,LON_1209,"24,181.50",2022-08-24
785,LON_1209,"24,181.50",2022-09-24
786,LON_1210,"13,112.52",2021-05-05
787,LON_1210,"13,112.52",2021-06-02
788,LON_1210,"12,879.81",2021-07-02
789,LON_1211,"59,592.00",2025-10-18
790,LON_1211,"59,592.00",2025-11-18
791,LON_1211,"59,592.00",2025-12-19
792,LON_1212,"13,352.02",2022-07-31
793,LON_1212,"13,352.02",2022-08-26
794,LON_1212,"13,352.02",2022-09-24
795,LON_1213,"19,211.05",2019-06-23
796,LON_1213,"19,211.05",2019-07-22
797,LON_1213,"19,211.05",2019-08-19
798,LON_1213,"19,211.05",2019-09-17
799,LON_1214,"15,921.20",2022-03-08
800,LON_1214,"15,921.20",2022-04-07
801,LON_1214,"15,921.20",2022-05-06
802,LON_1216,"69,227.33",2019-10-06
803,LON_1216,"69,227.33",2019-11-05
804,LON_1216,"69,227.33",2019-12-07
805,LON_1216,"71,118.11",2020-01-07
806,LON_1216,"69,227.33",2020-02-06
807,LON_1216,"69,227.33",2020-03-09
808,LON_1217,"22,742.49",2020-08-19
809,LON_1217,"22,742.49",2020-09-15
810,LON_1218,"19,085.03",2025-08-18
811,LON_1218,"19,085.03",2025-09-19
812,LON_1219,"23,099.30",2022-08-18
813,LON_1219,"23,099.30",2022-09-18
814,LON_1219,"23,099.30",2022-10-21
815,LON_1219,"23,099.30",2022-11-21
816,LON_1219,"23,099.30",2022-12-22
817,LON_1219,"23,099.30",2023-01-20
818,LON_122,"1,21,323.85",2020-04-07
819,LON_122,"1,21,323.85",2020-05-07
820,LON_122,"1,21,323.85",2020-06-04
821,LON_1220,"20,200.71",2021-10-02
822,LON_1220,"20,200.71",2021-10-29
823,LON_1220,"20,200.71",2021-11-27
824,LON_1220,"20,234.15",2021-12-24
825,LON_1222,"29,429.93",2020-04-23
826,LON_1222,"29,429.93",2020-05-23
827,LON_1224,"72,633.36",2025-11-22
828,LON_1224,"72,633.36",2025-12-22
829,LON_1224,"72,633.36",2026-01-22
830,LON_1224,"72,633.36",2026-02-19
831,LON_1224,"72,633.36",2026-03-23
832,LON_1224,"72,633.36",2026-04-20
833,LON_1225,"27,370.78",2021-10-01
834,LON_1225,"27,370.78",2021-10-31
835,LON_1225,"27,370.78",2021-12-03
836,LON_1225,"27,370.78",2022-01-03
837,LON_1225,"27,370.78",2022-02-02
838,LON_1226,"32,330.61",2020-06-25
839,LON_1226,"32,330.61",2020-07-26
840,LON_1227,"17,076.25",2023-07-03
841,LON_1227,"17,076.25",2023-08-02
842,LON_1227,"17,452.05",2023-09-02
843,LON_1228,"5,099.83",2021-06-21
844,LON_1228,"5,099.83",2021-07-20
845,LON_1228,"5,099.83",2021-08-17
846,LON_1229,"73,734.51",2023-08-08
847,LON_1229,"71,663.69",2023-09-06
848,LON_1229,"73,734.51",2023-10-03
849,LON_1229,"73,734.51",2023-10-30
850,LON_1229,"73,407.45",2023-11-27
851,LON_1229,"73,051.21",2023-12-26
852,LON_123,"18,793.39",2019-08-26
853,LON_123,"18,576.11",2019-09-24
854,LON_123,"18,530.03",2019-10-22
855,LON_123,"18,530.03",2019-11-19
856,LON_1232,"22,697.76",2025-03-20
857,LON_1232,"22,697.76",2025-04-19
858,LON_1232,"22,697.76",2025-05-21
859,LON_1233,"37,687.45",2021-02-11
860,LON_1233,"37,687.45",2021-03-12
861,LON_1234,"39,183.73",2022-07-01
862,LON_1234,"39,183.73",2022-08-02
863,LON_1234,"39,183.73",2022-09-02
864,LON_1234,"39,183.73",2022-10-03
865,LON_1235,"10,505.61",2020-07-28
866,LON_1235,"10,505.61",2020-08-28
867,LON_1237,"27,342.54",2021-05-05
868,LON_1237,"27,342.54",2021-06-03
869,LON_1237,"27,342.54",2021-07-03
870,LON_1237,"27,342.54",2021-08-02
871,LON_1238,"20,870.11",2025-06-16
872,LON_1238,"20,870.11",2025-07-14
873,LON_1238,"20,870.11",2025-08-11
874,LON_1239,"1,09,596.80",2026-02-25
875,LON_1239,"1,09,596.80",2026-03-27
876,LON_1239,"1,09,596.80",2026-04-27
877,LON_124,"27,007.54",2019-12-01
878,LON_124,"27,670.22",2019-12-29
879,LON_124,"27,007.54",2020-01-26
880,LON_124,"27,007.54",2020-02-22
881,LON_124,"27,007.54",2020-03-20
882,LON_1240,"60,936.87",2020-12-25
883,LON_1240,"60,936.87",2021-01-26
884,LON_1240,"60,936.87",2021-02-26
885,LON_1240,"60,936.87",2021-03-28
886,LON_1241,"84,310.52",2023-03-11
887,LON_1241,"84,310.52",2023-04-09
888,LON_1242,"6,918.78",2024-03-14
889,LON_1242,"6,918.78",2024-04-11
890,LON_1242,"6,918.78",2024-05-11
891,LON_1245,"15,603.47",2023-09-05
892,LON_1245,"15,603.47",2023-10-05
893,LON_1246,"9,230.98",2021-11-17
894,LON_1246,"9,230.98",2021-12-18
895,LON_1246,"9,393.18",2022-01-20
896,LON_1247,"37,004.47",2020-08-07
897,LON_1247,"37,004.47",2020-09-04
898,LON_1247,"37,004.47",2020-10-01
899,LON_1247,"37,492.97",2020-10-29
900,LON_125,"14,493.27",2021-11-21
901,LON_125,"14,493.27",2021-12-23
902,LON_125,"14,493.27",2022-01-23
903,LON_1251,"10,445.06",2023-07-07
904,LON_1251,"10,445.06",2023-08-02
905,LON_1251,"10,445.06",2023-09-01
906,LON_1251,"10,445.06",2023-09-27
907,LON_1251,"10,445.06",2023-10-25
908,LON_1251,"10,445.06",2023-11-22
909,LON_1252,"39,317.53",2022-01-05
910,LON_1252,"39,317.53",2022-02-03
911,LON_1252,"39,317.53",2022-03-07
912,LON_1253,"30,525.65",2020-01-21
913,LON_1253,"30,525.65",2020-02-21
914,LON_1253,"30,525.65",2020-03-24
915,LON_1253,"30,525.65",2020-04-24
916,LON_1255,"53,937.94",2023-11-22
917,LON_1255,"53,937.94",2023-12-23
918,LON_1255,"53,937.94",2024-01-23
919,LON_1255,"53,704.07",2024-02-21
920,LON_1256,"18,933.20",2022-08-20
921,LON_1256,"18,933.20",2022-09-19
922,LON_1257,"19,764.69",2020-10-09
923,LON_1257,"19,764.69",2020-11-06
924,LON_1257,"19,764.69",2020-12-05
925,LON_1258,"1,11,050.93",2021-02-28
926,LON_1258,"1,11,050.93",2021-03-31
927,LON_1258,"1,11,050.93",2021-05-01
928,LON_1259,"13,217.17",2024-04-25
929,LON_1259,"13,217.17",2024-05-22
930,LON_1259,"13,217.17",2024-06-19
931,LON_1259,"13,564.54",2024-07-18
932,LON_126,"73,267.18",2021-08-13
933,LON_126,"73,267.18",2021-09-13
934,LON_126,"72,614.20",2021-10-14
935,LON_126,"73,267.18",2021-11-11
936,LON_126,"73,267.18",2021-12-12
937,LON_126,"73,267.18",2022-01-11
938,LON_126,"73,267.18",2022-02-10
939,LON_1260,"59,721.70",2023-01-19
940,LON_1260,"59,721.70",2023-02-17
941,LON_1260,"59,721.70",2023-03-18
942,LON_1261,"17,385.23",2020-09-28
943,LON_1261,"17,726.48",2020-10-25
944,LON_1261,"17,385.23",2020-11-22
945,LON_1261,"17,385.23",2020-12-20
946,LON_1262,"16,021.26",2020-12-11
947,LON_1262,"16,021.26",2021-01-11
948,LON_1263,"17,208.02",2025-08-29
949,LON_1263,"17,208.02",2025-09-28
950,LON_1263,"17,208.02",2025-10-25
951,LON_1263,"17,208.02",2025-11-22
952,LON_1263,"17,208.02",2025-12-20
953,LON_1263,"17,275.40",2026-01-17
954,LON_1266,"39,417.83",2020-10-14
955,LON_1266,"39,417.83",2020-11-12
956,LON_1266,"39,417.83",2020-12-10
957,LON_1266,"39,417.83",2021-01-05
958,LON_1267,"16,303.14",2026-02-28
959,LON_1267,"16,303.14",2026-03-28
960,LON_1267,"16,303.14",2026-04-24
961,LON_1268,"28,195.46",2026-01-28
962,LON_1270,"40,822.24",2019-09-04
963,LON_1270,"40,822.24",2019-10-02
964,LON_1271,"45,119.81",2021-01-20
965,LON_1271,"45,119.81",2021-02-19
966,LON_1271,"45,119.81",2021-03-22
967,LON_1275,"43,948.02",2024-07-28
968,LON_1275,"43,948.02",2024-08-27
969,LON_1275,"43,948.02",2024-09-26
970,LON_1275,"43,948.02",2024-10-26
971,LON_1276,"66,143.09",2023-11-05
972,LON_1277,"11,403.92",2024-11-04
973,LON_1277,"11,556.60",2024-12-04
974,LON_1277,"11,556.60",2025-01-03
975,LON_1277,"11,556.60",2025-02-04
976,LON_1277,"11,556.60",2025-03-05
977,LON_1277,"11,556.60",2025-04-04
978,LON_1279,"47,922.93",2019-12-22
979,LON_128,"13,665.19",2021-06-09
980,LON_128,"13,665.19",2021-07-07
981,LON_128,"13,665.19",2021-08-04
982,LON_128,"13,665.19",2021-08-31
983,LON_128,"13,665.19",2021-09-27
984,LON_1282,"19,279.14",2025-06-01
985,LON_1282,"19,279.14",2025-07-02
986,LON_1282,"18,991.06",2025-08-04
987,LON_1283,"16,280.90",2020-05-15
988,LON_1283,"16,280.90",2020-06-15
989,LON_1283,"16,280.90",2020-07-16
990,LON_1283,"16,280.90",2020-08-17
991,LON_1284,"55,250.04",2023-09-18
992,LON_1284,"55,250.04",2023-10-20
993,LON_1284,"55,250.04",2023-11-19
994,LON_1285,"61,197.59",2026-02-11
995,LON_1286,"43,246.27",2021-02-13
996,LON_1286,"43,246.27",2021-03-17
997,LON_1286,"43,246.27",2021-04-15
998,LON_1287,"58,505.88",2023-12-09
999,LON_1287,"58,505.88",2024-01-09
1000,LON_1287,"58,505.88",2024-02-10
1001,LON_1287,"58,505.88",2024-03-12
1002,LON_1289,"22,573.05",2024-07-17
1003,LON_1289,"22,573.05",2024-09-13
1004,LON_129,"47,277.95",2019-11-21
1005,LON_129,"47,277.95",2019-12-20
1006,LON_129,"47,277.95",2020-01-21
1007,LON_1290,"55,269.11",2023-07-21
1008,LON_1290,"55,269.11",2023-08-21
1009,LON_1291,"8,263.56",2019-04-04
1010,LON_1293,"24,247.74",2022-06-18
1011,LON_1293,"24,247.74",2022-07-16
1012,LON_1293,"24,247.74",2022-08-15
1013,LON_1295,"17,865.76",2021-05-14
1014,LON_1297,"32,544.50",2025-04-07
1015,LON_1297,"32,544.50",2025-05-06
1016,LON_1297,"32,544.50",2025-06-02
1017,LON_1297,"32,544.50",2025-06-29
1018,LON_1298,"42,048.33",2025-11-29
1019,LON_1298,"42,048.33",2025-12-27
1020,LON_1298,"42,048.33",2026-01-25
1021,LON_130,"32,117.52",2019-06-09
1022,LON_130,"32,117.52",2019-07-10
1023,LON_130,"32,117.52",2019-08-10
1024,LON_1301,"58,327.98",2019-05-03
1025,LON_1301,"58,327.98",2019-06-03
1026,LON_1302,"24,111.58",2024-10-16
1027,LON_1302,"24,111.58",2024-11-13
1028,LON_1302,"24,111.58",2024-12-11
1029,LON_1302,"24,111.58",2025-01-07
1030,LON_1302,"24,111.58",2025-02-06
1031,LON_1302,"24,111.58",2025-03-04
1032,LON_1303,"56,059.39",2024-05-05
1033,LON_1303,"56,059.39",2024-06-07
1034,LON_1303,"56,059.39",2024-07-06
1035,LON_1304,"45,098.49",2023-02-03
1036,LON_1304,"45,098.49",2023-03-06
1037,LON_1304,"45,098.49",2023-04-06
1038,LON_1306,"13,153.16",2023-09-17
1039,LON_1306,"13,153.16",2023-10-18
1040,LON_1309,"4,666.07",2020-06-06
1041,LON_1309,"4,666.07",2020-07-08
1042,LON_1309,"4,666.07",2020-08-07
1043,LON_1309,"4,666.07",2020-09-07
1044,LON_131,"26,251.39",2021-09-28
1045,LON_131,"26,251.39",2021-10-28
1046,LON_131,"26,251.39",2021-11-28
1047,LON_131,"25,570.19",2021-12-27
1048,LON_131,"26,251.39",2022-01-28
1049,LON_1310,"22,067.17",2019-08-03
1050,LON_1310,"22,067.17",2019-09-03
1051,LON_1310,"22,067.17",2019-10-04
1052,LON_1310,"22,067.17",2019-11-06
1053,LON_1310,"22,067.17",2019-12-06
1054,LON_1310,"22,067.17",2020-01-05
1055,LON_1312,"7,246.32",2020-04-30
1056,LON_1312,"7,271.26",2020-05-30
1057,LON_1312,"7,246.32",2020-07-01
1058,LON_1312,"7,246.32",2020-08-01
1059,LON_1312,"7,246.32",2020-09-02
1060,LON_1312,"7,287.58",2020-10-01
1061,LON_1315,"41,081.80",2020-03-16
1062,LON_1315,"41,081.80",2020-05-15
1063,LON_1316,"32,981.99",2021-05-05
1064,LON_1316,"32,981.99",2021-06-06
1065,LON_1316,"32,981.99",2021-07-06
1066,LON_1317,"28,286.31",2024-06-03
1067,LON_1317,"28,286.31",2024-07-02
1068,LON_1317,"28,421.49",2024-08-02
1069,LON_1318,"18,566.71",2023-10-11
1070,LON_1318,"18,566.71",2023-11-09
1071,LON_1318,"18,600.42",2023-12-07
1072,LON_1318,"18,783.14",2024-01-04
1073,LON_1319,"61,672.31",2023-10-23
1074,LON_1319,"61,672.31",2023-11-23
1075,LON_1319,"61,552.34",2023-12-22
1076,LON_132,"38,622.88",2021-05-01
1077,LON_132,"38,622.88",2021-05-29
1078,LON_132,"38,622.88",2021-06-24
1079,LON_1321,"69,279.20",2019-03-04
1080,LON_1321,"69,279.20",2019-04-05
1081,LON_1321,"69,279.20",2019-05-06
1082,LON_1326,"27,759.00",2020-10-02
1083,LON_1326,"27,759.00",2020-11-01
1084,LON_1327,"47,798.83",2026-01-19
1085,LON_1327,"47,798.83",2026-02-19
1086,LON_1327,"46,916.72",2026-03-21
1087,LON_1328,"24,436.88",2021-04-16
1088,LON_1328,"24,436.88",2021-05-15
1089,LON_1329,"2,031.50",2020-07-12
1090,LON_1329,"2,031.50",2020-08-10
1091,LON_1330,"13,347.37",2024-12-10
1092,LON_1330,"13,568.35",2025-01-08
1093,LON_1333,"10,161.24",2023-02-01
1094,LON_1333,"10,281.95",2023-04-02
1095,LON_1333,"10,161.24",2023-06-01
1096,LON_1334,"35,844.12",2025-07-14
1097,LON_1334,"35,844.12",2025-08-12
1098,LON_1334,"35,844.12",2025-09-10
1099,LON_1334,"35,844.12",2025-10-10
1100,LON_1334,"35,844.12",2025-11-10
1101,LON_1334,"35,844.12",2025-12-09
1102,LON_1335,"32,334.98",2025-08-24
1103,LON_1335,"32,334.98",2025-09-22
1104,LON_1335,"32,334.98",2025-10-19
1105,LON_1335,"32,334.98",2025-11-17
1106,LON_1336,"53,738.00",2025-06-23
1107,LON_1336,"53,738.00",2025-07-22
1108,LON_1336,"53,738.00",2025-08-24
1109,LON_1337,"60,993.80",2024-12-01
1110,LON_1337,"60,993.80",2024-12-30
1111,LON_1337,"60,993.80",2025-01-31
1112,LON_1337,"60,993.80",2025-03-03
1113,LON_1337,"60,993.80",2025-04-03
1114,LON_1337,"60,993.80",2025-05-03
1115,LON_1337,"61,992.54",2025-06-05
1116,LON_1337,"60,993.80",2025-07-04
1117,LON_1338,"48,012.82",2023-11-08
1118,LON_1339,"4,594.01",2021-07-07
1119,LON_1339,"4,594.01",2021-08-06
1120,LON_1339,"4,594.01",2021-09-02
1121,LON_134,"7,450.98",2025-06-24
1122,LON_1340,"25,342.71",2024-12-04
1123,LON_1340,"25,342.71",2025-01-04
1124,LON_1341,"15,441.28",2024-01-08
1125,LON_1342,"1,47,627.51",2020-06-19
1126,LON_1342,"1,47,627.51",2020-07-20
1127,LON_1342,"1,47,627.51",2020-08-22
1128,LON_1342,"1,47,627.51",2020-09-20
1129,LON_1343,"39,295.43",2025-01-12
1130,LON_1343,"39,295.43",2025-03-12
1131,LON_1343,"38,643.02",2025-05-11
1132,LON_1344,"18,219.17",2025-05-04
1133,LON_1344,"18,219.17",2025-06-01
1134,LON_1344,"18,219.17",2025-07-01
1135,LON_1345,"43,920.01",2025-06-29
1136,LON_1345,"43,920.01",2025-07-28
1137,LON_1346,"15,538.99",2023-04-07
1138,LON_1346,"15,538.99",2023-05-08
1139,LON_1347,"34,916.89",2025-09-19
1140,LON_1347,"34,916.89",2025-10-19
1141,LON_1347,"34,916.89",2025-11-18
1142,LON_1348,"1,08,337.69",2021-02-15
1143,LON_1348,"1,08,337.69",2021-03-17
1144,LON_1348,"1,08,337.69",2021-04-16
1145,LON_1348,"1,08,337.69",2021-05-17
1146,LON_135,"6,986.24",2022-03-04
1147,LON_135,"6,986.24",2022-04-03
1148,LON_135,"6,986.24",2022-04-30
1149,LON_1350,"15,224.38",2023-05-12
1150,LON_1350,"15,224.38",2023-06-11
1151,LON_1350,"15,224.38",2023-07-11
1152,LON_1351,"46,555.26",2024-09-25
1153,LON_1351,"46,555.26",2024-10-22
1154,LON_1351,"46,555.26",2024-11-21
1155,LON_1353,"45,519.86",2023-06-24
1156,LON_1353,"45,519.86",2023-07-25
1157,LON_1353,"45,519.86",2023-08-23
1158,LON_1354,"4,496.24",2022-03-12
1159,LON_1354,"4,496.24",2022-04-11
1160,LON_1355,"19,912.13",2022-07-05
1161,LON_1355,"19,569.90",2022-08-04
1162,LON_1356,"9,568.09",2026-01-02
1163,LON_1357,"26,804.79",2024-05-23
1164,LON_1357,"26,804.79",2024-06-23
1165,LON_1357,"26,804.79",2024-07-21
1166,LON_1358,"22,849.99",2019-04-08
1167,LON_1358,"22,849.99",2019-05-08
1168,LON_1359,"13,936.69",2025-07-17
1169,LON_136,"38,558.94",2023-11-29
1170,LON_136,"38,800.30",2023-12-25
1171,LON_1360,"93,848.88",2019-08-12
1172,LON_1360,"93,848.88",2019-09-09
1173,LON_1361,"35,546.35",2019-05-26
1174,LON_1361,"35,546.35",2019-06-21
1175,LON_1363,"6,691.51",2022-07-10
1176,LON_1363,"6,691.51",2022-08-08
1177,LON_1363,"6,691.51",2022-09-09
1178,LON_1364,"30,670.21",2019-06-01
1179,LON_1364,"30,670.21",2019-07-03
1180,LON_1364,"30,670.21",2019-08-02
1181,LON_1366,"35,953.08",2021-10-09
1182,LON_1368,"48,805.54",2023-09-07
1183,LON_1368,"49,693.41",2023-10-06
1184,LON_1368,"49,693.41",2023-11-08
1185,LON_1369,"7,724.24",2021-11-16
1186,LON_1369,"7,724.24",2021-12-16
1187,LON_1369,"7,724.24",2022-01-16
1188,LON_1370,"1,20,273.58",2020-01-03
1189,LON_1370,"1,18,131.90",2020-01-31
1190,LON_1370,"1,20,273.58",2020-03-01
1191,LON_1370,"1,20,273.58",2020-04-01
1192,LON_1371,"52,222.58",2021-01-03
1193,LON_1371,"52,222.58",2021-02-01
1194,LON_1372,"49,500.03",2019-07-31
1195,LON_1372,"49,500.03",2019-08-28
1196,LON_1372,"49,500.03",2019-09-26
1197,LON_1372,"49,500.03",2019-10-24
1198,LON_1373,"30,797.68",2020-12-16
1199,LON_1373,"30,797.68",2021-01-15
1200,LON_1374,"24,624.30",2023-05-09
1201,LON_1374,"24,624.30",2023-06-08
1202,LON_1375,"26,484.93",2019-07-29
1203,LON_1375,"26,484.93",2019-08-26
1204,LON_1375,"27,231.37",2019-09-25
1205,LON_1375,"26,484.93",2019-10-21
1206,LON_1375,"26,484.93",2019-11-20
1207,LON_1375,"26,630.29",2019-12-18
1208,LON_1376,"32,513.28",2020-06-26
1209,LON_1376,"32,513.28",2020-08-24
1210,LON_1376,"32,513.28",2020-10-23
1211,LON_1376,"32,513.28",2020-12-21
1212,LON_1377,"75,555.25",2025-12-13
1213,LON_1377,"75,555.25",2026-02-10
1214,LON_1378,"16,771.83",2021-12-27
1215,LON_1378,"17,202.69",2022-01-26
1216,LON_1379,"22,058.53",2024-03-16
1217,LON_1379,"21,998.17",2024-04-17
1218,LON_1379,"22,058.53",2024-05-15
1219,LON_1379,"22,058.53",2024-06-14
1220,LON_138,"68,320.55",2021-01-09
1221,LON_138,"68,320.55",2021-02-09
1222,LON_1381,"28,418.96",2024-07-21
1223,LON_1381,"28,272.82",2024-08-17
1224,LON_1382,"8,881.02",2025-02-25
1225,LON_1382,"8,881.02",2025-03-28
1226,LON_1382,"8,881.02",2025-04-27
1227,LON_1382,"8,881.02",2025-05-28
1228,LON_1383,"56,058.28",2023-04-09
1229,LON_1383,"56,058.28",2023-05-10
1230,LON_1383,"56,058.28",2023-06-08
1231,LON_1383,"56,058.28",2023-07-10
1232,LON_1383,"56,058.28",2023-08-11
1233,LON_1383,"56,058.28",2023-09-10
1234,LON_1384,"11,095.58",2019-02-24
1235,LON_1384,"11,095.58",2019-03-24
1236,LON_1384,"11,095.58",2019-04-24
1237,LON_1385,"28,660.92",2019-04-21
1238,LON_1385,"28,660.92",2019-05-19
1239,LON_1386,"26,804.79",2025-12-24
1240,LON_1386,"26,804.79",2026-01-23
1241,LON_1387,"38,957.99",2023-02-21
1242,LON_1387,"38,957.99",2023-03-23
1243,LON_1387,"37,915.88",2023-04-21
1244,LON_1388,"26,370.80",2019-02-26
1245,LON_1388,"26,697.33",2019-03-30
1246,LON_1388,"26,697.33",2019-04-29
1247,LON_1389,"37,299.99",2024-09-07
1248,LON_1389,"38,264.01",2024-10-05
1249,LON_1389,"38,264.01",2024-11-05
1250,LON_1389,"38,264.01",2024-12-05
1251,LON_139,"50,707.76",2025-09-03
1252,LON_139,"50,707.76",2025-10-04
1253,LON_139,"50,707.76",2025-11-05
1254,LON_1390,"37,339.38",2025-10-21
1255,LON_1390,"37,339.38",2025-11-19
1256,LON_1390,"36,943.63",2025-12-16
1257,LON_1390,"37,339.38",2026-01-13
1258,LON_1390,"38,345.14",2026-02-11
1259,LON_1390,"37,339.38",2026-03-12
1260,LON_1391,"16,122.12",2025-06-10
1261,LON_1391,"16,122.12",2025-07-09
1262,LON_1391,"16,122.12",2025-08-08
1263,LON_1391,"16,122.12",2025-09-07
1264,LON_1391,"16,122.12",2025-10-07
1265,LON_1391,"16,122.12",2025-11-05
1266,LON_1393,"20,562.59",2023-11-08
1267,LON_1393,"20,562.59",2023-12-06
1268,LON_1393,"20,562.59",2024-01-03
1269,LON_1395,"43,351.89",2019-07-28
1270,LON_1395,"43,351.89",2019-08-26
1271,LON_1395,"43,351.89",2019-09-27
1272,LON_1396,"26,919.26",2019-02-27
1273,LON_1396,"26,647.23",2019-03-26
1274,LON_1396,"26,647.23",2019-04-24
1275,LON_1396,"26,647.23",2019-05-22
1276,LON_1397,"15,273.97",2021-08-12
1277,LON_1397,"15,273.97",2021-09-13
1278,LON_1397,"15,273.97",2021-10-14
1279,LON_1397,"15,273.97",2021-11-15
1280,LON_1398,"1,14,970.26",2019-10-26
1281,LON_1398,"1,14,970.26",2019-11-27
1282,LON_1399,"38,850.42",2026-02-02
1283,LON_1399,"39,260.60",2026-03-03
1284,LON_1399,"39,260.60",2026-04-03
1285,LON_1399,"39,260.60",2026-05-04
1286,LON_1399,"39,260.60",2026-06-01
1287,LON_140,"48,909.23",2023-08-27
1288,LON_1400,"14,003.18",2022-12-06
1289,LON_1400,"14,003.18",2023-01-03
1290,LON_1400,"14,003.18",2023-02-01
1291,LON_1400,"14,003.18",2023-02-28
1292,LON_1402,"15,726.88",2019-10-12
1293,LON_1402,"15,726.88",2019-11-09
1294,LON_1402,"15,726.88",2019-12-08
1295,LON_1402,"15,726.88",2020-01-06
1296,LON_1403,"16,951.57",2020-07-15
1297,LON_1403,"16,951.57",2020-08-16
1298,LON_1403,"16,951.57",2020-09-15
1299,LON_1403,"16,951.57",2020-10-15
1300,LON_1404,"26,568.53",2019-10-23
1301,LON_1404,"26,007.78",2019-11-22
1302,LON_1404,"26,568.53",2019-12-25
1303,LON_1406,"62,801.82",2026-02-05
1304,LON_1406,"62,801.82",2026-03-06
1305,LON_1406,"62,801.82",2026-04-04
1306,LON_1406,"62,801.82",2026-05-01
1307,LON_1408,"62,209.83",2024-11-07
1308,LON_1408,"62,209.83",2024-12-07
1309,LON_1408,"61,947.82",2025-01-08
1310,LON_141,"14,222.95",2024-08-19
1311,LON_141,"14,222.95",2024-09-18
1312,LON_141,"14,222.95",2024-10-18
1313,LON_141,"13,937.87",2024-11-17
1314,LON_1410,"9,695.57",2024-07-05
1315,LON_1410,"9,695.57",2024-08-06
1316,LON_1411,"15,996.14",2022-07-19
1317,LON_1411,"15,844.42",2022-08-20
1318,LON_1411,"15,844.42",2022-09-19
1319,LON_1411,"15,844.42",2022-10-20
1320,LON_1412,"49,126.04",2025-03-13
1321,LON_1412,"49,126.04",2025-04-08
1322,LON_1412,"49,126.04",2025-05-08
1323,LON_1412,"49,126.04",2025-06-05
1324,LON_1413,"21,284.13",2019-02-18
1325,LON_1413,"21,284.13",2019-03-20
1326,LON_1413,"21,284.13",2019-04-19
1327,LON_1415,"32,748.71",2021-05-05
1328,LON_1415,"32,748.71",2021-06-02
1329,LON_1415,"32,748.71",2021-07-01
1330,LON_1415,"32,748.71",2021-07-27
1331,LON_1416,"13,395.01",2024-04-15
1332,LON_1416,"13,522.40",2024-05-13
1333,LON_1416,"13,522.40",2024-06-09
1334,LON_1417,"28,212.56",2023-10-05
1335,LON_1417,"28,212.56",2023-11-01
1336,LON_1417,"28,212.56",2023-11-29
1337,LON_1419,"27,117.01",2021-06-19
1338,LON_1419,"26,789.38",2021-07-16
1339,LON_1419,"26,603.44",2021-08-13
1340,LON_142,"84,588.02",2024-03-21
1341,LON_142,"84,588.02",2024-04-21
1342,LON_142,"84,588.02",2024-05-23
1343,LON_1420,"66,181.26",2023-04-22
1344,LON_1420,"66,181.26",2023-05-19
1345,LON_1420,"66,181.26",2023-06-18
1346,LON_1422,"16,428.90",2026-02-23
1347,LON_1422,"16,428.90",2026-03-24
1348,LON_1422,"16,428.90",2026-04-19
1349,LON_1424,"19,933.96",2021-04-07
1350,LON_1424,"19,933.96",2021-06-06
1351,LON_1424,"19,933.96",2021-08-07
1352,LON_1424,"19,933.96",2021-10-05
1353,LON_1425,"36,153.26",2020-08-19
1354,LON_1425,"36,153.26",2020-09-19
1355,LON_1429,"17,071.75",2026-03-22
1356,LON_1429,"17,071.75",2026-04-23
1357,LON_143,"10,042.40",2024-11-08
1358,LON_143,"10,042.40",2024-12-09
1359,LON_143,"10,042.40",2025-01-06
1360,LON_143,"10,042.40",2025-02-06
1361,LON_143,"10,051.47",2025-03-08
1362,LON_143,"10,042.40",2025-04-08
1363,LON_1431,"26,101.91",2020-07-14
1364,LON_1431,"26,101.91",2020-08-11
1365,LON_1431,"25,517.59",2020-09-10
1366,LON_1431,"26,101.91",2020-10-08
1367,LON_1432,"1,02,214.59",2024-05-13
1368,LON_1432,"1,02,214.59",2024-06-09
1369,LON_1433,"24,990.76",2024-10-30
1370,LON_1433,"24,990.76",2024-12-02
1371,LON_1433,"24,990.76",2025-01-01
1372,LON_1433,"24,990.76",2025-01-31
1373,LON_1433,"24,990.76",2025-03-04
1374,LON_1434,"35,795.59",2024-12-12
1375,LON_1434,"35,795.59",2025-01-09
1376,LON_1434,"35,795.59",2025-02-10
1377,LON_1434,"35,795.59",2025-03-11
1378,LON_1434,"35,795.59",2025-04-11
1379,LON_1435,"1,45,079.06",2026-03-15
1380,LON_1438,"10,091.68",2024-12-08
1381,LON_1438,"10,091.68",2025-01-05
1382,LON_1438,"10,091.68",2025-02-04
1383,LON_1439,"41,391.51",2023-11-08
1384,LON_1439,"41,391.51",2023-12-09
1385,LON_1439,"41,391.51",2024-01-10
1386,LON_1440,"17,382.55",2022-02-09
1387,LON_1440,"17,287.11",2022-03-12
1388,LON_1441,"5,968.66",2023-02-18
1389,LON_1441,"5,968.66",2023-03-20
1390,LON_1441,"5,968.66",2023-04-21
1391,LON_1441,"5,968.66",2023-05-19
1392,LON_1441,"5,968.66",2023-06-20
1393,LON_1442,"73,452.34",2022-03-02
1394,LON_1442,"73,452.34",2022-03-30
1395,LON_1442,"73,452.34",2022-04-30
1396,LON_1442,"73,452.34",2022-05-31
1397,LON_1444,"27,390.13",2022-02-21
1398,LON_1444,"27,390.13",2022-04-21
1399,LON_1444,"27,390.13",2022-06-19
1400,LON_1446,"30,301.07",2023-08-10
1401,LON_1446,"30,301.07",2023-09-10
1402,LON_1446,"30,385.55",2023-10-09
1403,LON_1448,"38,782.64",2024-05-30
1404,LON_1448,"39,148.92",2024-06-28
1405,LON_1448,"39,148.92",2024-07-30
1406,LON_1449,"23,914.83",2024-04-06
1407,LON_1449,"23,620.13",2024-05-08
1408,LON_1449,"23,914.83",2024-06-05
1409,LON_1449,"23,914.83",2024-07-05
1410,LON_1449,"23,910.51",2024-08-04
1411,LON_145,"40,362.17",2021-05-03
1412,LON_1450,"4,847.78",2023-10-21
1413,LON_1450,"4,847.78",2023-11-22
1414,LON_1450,"4,924.53",2023-12-22
1415,LON_1450,"4,847.78",2024-01-20
1416,LON_1450,"4,847.78",2024-02-19
1417,LON_1451,"31,373.20",2025-07-25
1418,LON_1451,"31,373.20",2025-08-22
1419,LON_1451,"31,373.20",2025-09-17
1420,LON_1451,"31,373.20",2025-10-17
1421,LON_1451,"31,373.20",2025-11-12
1422,LON_1451,"31,373.20",2025-12-10
1423,LON_1452,"19,359.02",2023-01-24
1424,LON_1452,"19,359.02",2023-02-21
1425,LON_1453,"22,824.45",2025-02-01
1426,LON_1453,"22,824.45",2025-03-04
1427,LON_1453,"22,168.59",2025-04-03
1428,LON_1454,"25,071.22",2020-08-30
1429,LON_1454,"25,071.22",2020-09-29
1430,LON_1454,"25,071.22",2020-10-30
1431,LON_1456,"7,801.56",2021-03-25
1432,LON_1456,"7,801.56",2021-04-21
1433,LON_1456,"7,801.56",2021-05-19
1434,LON_1457,"30,301.07",2022-07-11
1435,LON_1457,"30,301.07",2022-08-12
1436,LON_1458,"6,968.15",2025-10-25
1437,LON_1458,"6,968.15",2025-11-26
1438,LON_1458,"6,968.15",2025-12-25
1439,LON_1460,"17,293.01",2023-03-27
1440,LON_1460,"17,293.01",2023-04-26
1441,LON_1460,"17,293.01",2023-05-29
1442,LON_1460,"17,630.08",2023-06-28
1443,LON_1461,"6,105.05",2020-11-10
1444,LON_1461,"6,105.05",2020-12-06
1445,LON_1462,"31,624.07",2021-05-27
1446,LON_1462,"31,403.39",2021-06-27
1447,LON_1463,"22,304.17",2024-05-20
1448,LON_1463,"22,466.56",2024-06-20
1449,LON_1463,"22,466.56",2024-07-22
1450,LON_1463,"23,048.12",2024-08-22
1451,LON_1463,"22,466.56",2024-09-21
1452,LON_1465,"32,415.10",2023-07-24
1453,LON_1465,"32,415.10",2023-08-21
1454,LON_1465,"32,415.10",2023-09-22
1455,LON_1465,"32,686.56",2023-10-22
1456,LON_1465,"32,415.10",2023-11-21
1457,LON_1466,"25,035.73",2024-03-30
1458,LON_1466,"25,035.73",2024-04-29
1459,LON_1466,"25,035.73",2024-05-31
1460,LON_1466,"25,035.73",2024-06-28
1461,LON_1466,"24,570.04",2024-07-28
1462,LON_1468,"29,038.53",2021-11-18
1463,LON_1468,"29,038.53",2021-12-20
1464,LON_147,"76,898.05",2020-10-31
1465,LON_147,"76,898.05",2020-11-29
1466,LON_147,"76,898.05",2020-12-30
1467,LON_147,"76,898.05",2021-02-01
1468,LON_1471,"32,719.30",2021-06-28
1469,LON_1471,"32,719.30",2021-07-29
1470,LON_1471,"32,719.30",2021-08-29
1471,LON_1471,"32,719.30",2021-09-27
1472,LON_1473,"35,761.92",2021-11-20
1473,LON_1473,"35,915.12",2021-12-20
1474,LON_1473,"36,686.66",2022-01-21
1475,LON_1473,"35,761.92",2022-02-21
1476,LON_1474,"4,248.62",2024-03-26
1477,LON_1474,"4,248.62",2024-04-25
1478,LON_1474,"4,248.62",2024-05-25
1479,LON_1475,"57,666.67",2019-03-03
1480,LON_1475,"57,666.67",2019-04-05
1481,LON_1475,"57,666.67",2019-05-04
1482,LON_1476,"12,015.94",2024-04-19
1483,LON_1477,"3,588.81",2023-12-31
1484,LON_1477,"3,680.16",2024-01-31
1485,LON_1477,"3,588.81",2024-03-02
1486,LON_1478,"38,925.21",2019-04-22
1487,LON_1478,"38,925.21",2019-05-19
1488,LON_1479,"16,855.22",2019-12-23
1489,LON_1479,"17,043.83",2020-01-21
1490,LON_148,"2,871.92",2020-05-10
1491,LON_148,"2,817.40",2020-06-08
1492,LON_148,"2,817.40",2020-07-08
1493,LON_148,"2,817.40",2020-08-09
1494,LON_1480,"13,665.19",2019-06-18
1495,LON_1484,"44,096.00",2021-03-18
1496,LON_1484,"44,096.00",2021-04-16
1497,LON_1485,"41,350.07",2020-12-23
1498,LON_1485,"42,398.70",2021-01-20
1499,LON_1485,"42,398.70",2021-02-17
1500,LON_1488,"7,106.73",2022-08-30
1501,LON_1488,"7,106.73",2022-09-29
1502,LON_1488,"7,106.73",2022-10-30
1503,LON_1488,"7,106.73",2022-12-01
1504,LON_1488,"7,106.73",2022-12-31
1505,LON_1489,"24,228.91",2022-03-20
1506,LON_1489,"24,228.91",2022-04-18
1507,LON_1490,"14,828.18",2025-10-06
1508,LON_1490,"14,828.18",2025-11-06
1509,LON_1490,"14,828.18",2025-12-07
1510,LON_1490,"14,828.18",2026-01-06
1511,LON_1493,"18,734.27",2024-06-26
1512,LON_1493,"18,734.27",2024-07-25
1513,LON_1493,"18,734.27",2024-08-22
1514,LON_1494,"2,423.73",2024-11-10
1515,LON_1494,"2,423.73",2024-12-11
1516,LON_1494,"2,423.73",2025-01-11
1517,LON_1494,"2,423.73",2025-02-09
1518,LON_1494,"2,423.73",2025-03-12
1519,LON_1495,"58,027.94",2025-12-27
1520,LON_1495,"58,027.94",2026-01-29
1521,LON_1496,"21,379.74",2019-12-20
1522,LON_1496,"21,379.74",2020-01-21
1523,LON_1496,"21,379.74",2020-02-21
1524,LON_1496,"21,379.74",2020-03-24
1525,LON_1499,"17,869.86",2023-09-18
1526,LON_1500,"12,015.94",2021-10-10
1527,LON_1500,"12,015.94",2021-11-09
1528,LON_1502,"22,731.18",2024-07-25
1529,LON_1502,"22,731.18",2024-08-21
1530,LON_1502,"22,731.18",2024-09-19
1531,LON_1502,"22,731.18",2024-10-16
1532,LON_1505,"17,129.43",2021-04-05
1533,LON_1505,"17,129.43",2021-05-06
1534,LON_1505,"17,129.43",2021-06-05
1535,LON_1508,"17,686.65",2023-12-09
1536,LON_1508,"17,686.65",2024-01-07
1537,LON_1508,"17,686.65",2024-02-04
1538,LON_1509,"20,803.72",2023-11-06
1539,LON_1509,"20,803.72",2023-12-06
1540,LON_1509,"20,803.72",2024-01-05
1541,LON_1509,"21,210.33",2024-02-05
1542,LON_151,"9,470.90",2020-08-14
1543,LON_151,"9,470.90",2020-09-14
1544,LON_151,"9,470.90",2020-10-14
1545,LON_151,"9,470.90",2020-11-12
1546,LON_151,"9,470.90",2020-12-12
1547,LON_1510,"1,08,251.44",2025-04-30
1548,LON_1510,"1,09,149.02",2025-05-29
1549,LON_1510,"1,09,149.02",2025-07-01
1550,LON_1510,"1,09,149.02",2025-07-31
1551,LON_1511,"12,611.97",2025-05-11
1552,LON_1511,"12,889.61",2025-06-08
1553,LON_1512,"15,233.99",2021-03-24
1554,LON_1512,"15,233.99",2021-04-24
1555,LON_1514,"97,159.92",2025-09-13
1556,LON_1514,"97,159.92",2025-10-11
1557,LON_1514,"97,159.92",2025-11-10
1558,LON_1515,"64,677.24",2025-06-17
1559,LON_1515,"64,677.24",2025-07-15
1560,LON_1515,"64,677.24",2025-08-12
1561,LON_1515,"64,677.24",2025-09-10
1562,LON_1516,"32,041.66",2023-01-01
1563,LON_1516,"32,041.66",2023-02-01
1564,LON_1516,"32,041.66",2023-03-04
1565,LON_1516,"32,041.66",2023-04-06
1566,LON_1516,"32,041.66",2023-05-07
1567,LON_1517,"46,640.33",2023-05-20
1568,LON_1517,"46,279.72",2023-06-19
1569,LON_1519,"54,761.98",2020-09-25
1570,LON_1519,"54,761.98",2020-10-27
1571,LON_1519,"54,761.98",2020-11-26
1572,LON_152,"59,569.29",2024-10-02
1573,LON_152,"59,569.29",2024-11-02
1574,LON_1521,"5,443.03",2025-08-24
1575,LON_1521,"5,487.86",2025-09-24
1576,LON_1521,"5,487.86",2025-10-24
1577,LON_1522,"72,689.31",2023-11-20
1578,LON_1522,"72,689.31",2023-12-20
1579,LON_1522,"70,736.87",2024-01-21
1580,LON_1523,"30,011.89",2023-05-24
1581,LON_1523,"30,011.89",2023-06-23
1582,LON_1523,"30,011.89",2023-07-23
1583,LON_1523,"30,011.89",2023-08-23
1584,LON_1524,"12,445.08",2020-01-27
1585,LON_1525,"22,481.44",2022-02-04
1586,LON_1525,"22,481.44",2022-03-08
1587,LON_1525,"22,481.44",2022-04-06
1588,LON_1525,"22,481.44",2022-05-09
1589,LON_1527,"10,805.01",2022-04-28
1590,LON_1527,"10,805.01",2022-05-25
1591,LON_1527,"10,805.01",2022-06-23
1592,LON_1528,"15,499.31",2024-07-31
1593,LON_1528,"15,499.31",2024-08-31
1594,LON_1528,"15,499.31",2024-09-29
1595,LON_1528,"15,326.76",2024-11-01
1596,LON_1528,"15,499.31",2024-12-02
1597,LON_1529,"53,668.05",2021-02-24
1598,LON_153,"3,837.12",2025-08-10
1599,LON_153,"3,837.12",2025-09-09
1600,LON_153,"3,837.12",2025-10-08
1601,LON_153,"3,837.12",2025-11-08
1602,LON_1530,"47,390.74",2023-09-09
1603,LON_1530,"47,390.74",2023-10-10
1604,LON_1531,"73,907.46",2019-12-31
1605,LON_1531,"73,907.46",2020-01-31
1606,LON_1533,"33,633.30",2022-01-27
1607,LON_1533,"33,633.30",2022-02-27
1608,LON_1533,"33,633.30",2022-03-29
1609,LON_1533,"33,633.30",2022-04-28
1610,LON_1534,"37,446.73",2024-11-26
1611,LON_1534,"37,446.73",2025-01-27
1612,LON_1535,"23,538.02",2024-07-29
1613,LON_1535,"23,538.02",2024-08-26
1614,LON_1535,"23,538.02",2024-09-21
1615,LON_1536,"14,998.88",2022-12-12
1616,LON_1537,"11,913.24",2025-12-18
1617,LON_1537,"11,913.24",2026-01-18
1618,LON_1537,"11,913.24",2026-02-16
1619,LON_1537,"11,913.24",2026-03-18
1620,LON_1538,"59,506.27",2023-08-04
1621,LON_1538,"59,506.27",2023-09-06
1622,LON_1538,"59,506.27",2023-10-07
1623,LON_1539,"36,910.73",2021-11-18
1624,LON_1539,"36,910.73",2021-12-16
1625,LON_1539,"36,910.73",2022-01-15
1626,LON_1539,"36,910.73",2022-02-12
1627,LON_154,"18,307.82",2025-03-30
1628,LON_154,"18,307.82",2025-04-29
1629,LON_1540,"23,576.87",2023-09-16
1630,LON_1540,"23,005.95",2023-10-17
1631,LON_1540,"23,005.95",2023-11-16
1632,LON_1540,"23,005.95",2023-12-16
1633,LON_1541,"29,599.26",2019-04-07
1634,LON_1541,"29,599.26",2019-05-07
1635,LON_1541,"29,876.30",2019-06-06
1636,LON_1542,"38,718.04",2024-02-05
1637,LON_1542,"38,718.04",2024-03-07
1638,LON_1543,"55,412.38",2023-01-09
1639,LON_1543,"55,412.38",2023-02-07
1640,LON_1543,"55,412.38",2023-03-11
1641,LON_1545,"8,914.26",2025-07-05
1642,LON_1545,"9,028.18",2025-07-31
1643,LON_1546,"8,718.48",2025-04-03
1644,LON_1546,"8,790.52",2025-05-02
1645,LON_1546,"8,718.48",2025-06-04
1646,LON_1547,"51,065.87",2025-02-23
1647,LON_1547,"51,065.87",2025-03-25
1648,LON_1547,"51,065.87",2025-04-23
1649,LON_1548,"14,368.42",2020-02-03
1650,LON_1548,"14,368.42",2020-03-04
1651,LON_1548,"14,368.42",2020-04-04
1652,LON_1548,"14,288.55",2020-05-05
1653,LON_1548,"14,368.42",2020-06-06
1654,LON_1548,"14,368.42",2020-07-07
1655,LON_155,"17,300.70",2021-09-22
1656,LON_155,"17,300.70",2021-10-21
1657,LON_155,"17,300.70",2021-11-17
1658,LON_155,"17,300.70",2021-12-15
1659,LON_1550,"19,848.65",2020-06-28
1660,LON_1550,"19,848.65",2020-07-26
1661,LON_1551,"31,560.92",2022-10-17
1662,LON_1551,"31,560.92",2022-11-19
1663,LON_1552,"68,201.78",2023-04-13
1664,LON_1554,"6,591.74",2025-09-22
1665,LON_1554,"6,591.74",2025-10-22
1666,LON_1554,"6,591.74",2025-11-24
1667,LON_1555,"82,835.73",2022-08-12
1668,LON_1555,"82,835.73",2022-09-12
1669,LON_1555,"82,228.01",2022-10-12
1670,LON_1556,"66,295.57",2021-03-13
1671,LON_1556,"65,524.29",2021-04-12
1672,LON_1557,"15,340.28",2020-06-22
1673,LON_1557,"15,340.28",2020-07-23
1674,LON_1557,"15,252.24",2020-08-22
1675,LON_1557,"15,340.28",2020-09-21
1676,LON_1558,"35,904.24",2025-02-14
1677,LON_1558,"35,904.24",2025-03-15
1678,LON_1558,"35,904.24",2025-04-16
1679,LON_1559,"17,501.67",2024-09-02
1680,LON_1559,"17,501.67",2024-09-30
1681,LON_1559,"17,501.67",2024-10-29
1682,LON_1559,"17,501.67",2024-11-26
1683,LON_156,"59,359.62",2024-05-21
1684,LON_156,"59,359.62",2024-06-17
1685,LON_1561,"14,369.58",2025-06-29
1686,LON_1561,"14,369.58",2025-07-31
1687,LON_1562,"1,34,764.49",2023-04-28
1688,LON_1563,"21,322.38",2021-08-13
1689,LON_1563,"21,322.38",2021-09-14
1690,LON_1563,"21,322.38",2021-10-14
1691,LON_1564,"55,964.58",2022-06-03
1692,LON_1564,"56,167.74",2022-07-03
1693,LON_1564,"55,964.58",2022-08-02
1694,LON_1564,"55,964.58",2022-09-03
1695,LON_1565,"24,129.06",2022-12-25
1696,LON_1565,"24,129.06",2023-01-22
1697,LON_1566,"7,108.66",2021-04-01
1698,LON_1567,"10,381.01",2019-09-06
1699,LON_1567,"10,493.61",2019-10-05
1700,LON_1568,"48,551.65",2024-07-14
1701,LON_1568,"48,551.65",2024-08-11
1702,LON_1568,"48,551.65",2024-09-12
1703,LON_1568,"48,551.65",2024-10-12
1704,LON_1569,"10,192.03",2019-03-11
1705,LON_1569,"10,192.03",2019-04-09
1706,LON_157,"87,897.64",2020-10-14
1707,LON_157,"87,897.64",2020-11-14
1708,LON_157,"87,897.64",2020-12-13
1709,LON_1570,"34,846.23",2020-09-23
1710,LON_1570,"34,846.23",2020-10-23
1711,LON_1570,"34,846.23",2020-11-20
1712,LON_1572,"45,876.54",2022-11-08
1713,LON_1572,"45,876.54",2022-12-10
1714,LON_1573,"26,023.51",2021-10-21
1715,LON_1573,"26,023.51",2021-11-23
1716,LON_1574,"20,236.23",2023-05-01
1717,LON_1574,"20,236.23",2023-05-27
1718,LON_1574,"20,236.23",2023-06-24
1719,LON_1574,"20,236.23",2023-07-24
1720,LON_1576,"3,004.50",2024-10-25
1721,LON_1576,"3,004.50",2024-11-22
1722,LON_1576,"3,004.50",2024-12-19
1723,LON_1577,"16,998.74",2020-02-17
1724,LON_1577,"16,998.74",2020-03-19
1725,LON_1577,"16,998.74",2020-04-19
1726,LON_1577,"17,300.80",2020-05-20
1727,LON_1577,"16,998.74",2020-06-19
1728,LON_1578,"30,986.73",2025-07-09
1729,LON_158,"19,421.42",2020-03-11
1730,LON_158,"19,957.24",2020-04-09
1731,LON_158,"19,421.42",2020-05-08
1732,LON_1580,"1,11,380.55",2025-02-07
1733,LON_1580,"1,09,318.05",2025-03-08
1734,LON_1580,"1,09,318.05",2025-04-03
1735,LON_1580,"1,09,318.05",2025-05-02
1736,LON_1581,"11,318.20",2020-06-24
1737,LON_1581,"11,262.20",2020-07-26
1738,LON_1581,"11,318.20",2020-08-23
1739,LON_1581,"11,318.20",2020-09-22
1740,LON_1581,"11,318.20",2020-10-24
1741,LON_1582,"59,322.25",2021-02-23
1742,LON_1582,"59,322.25",2021-03-25
1743,LON_1585,"35,632.50",2023-10-24
1744,LON_1585,"35,632.50",2023-11-22
1745,LON_1585,"35,632.50",2023-12-20
1746,LON_1585,"35,632.50",2024-01-17
1747,LON_1586,"22,281.81",2022-05-01
1748,LON_1586,"21,979.14",2022-05-30
1749,LON_1586,"21,979.14",2022-06-27
1750,LON_1586,"21,979.14",2022-07-26
1751,LON_1586,"21,979.14",2022-08-22
1752,LON_1586,"21,979.14",2022-09-18
1753,LON_1586,"21,933.47",2022-10-17
1754,LON_1587,"5,961.82",2023-01-21
1755,LON_1587,"5,986.45",2023-02-18
1756,LON_1587,"5,986.45",2023-03-17
1757,LON_1587,"5,986.45",2023-04-15
1758,LON_1588,"12,462.63",2021-09-22
1759,LON_1589,"7,161.13",2020-08-17
1760,LON_1589,"7,160.39",2020-09-16
1761,LON_1590,"23,235.95",2023-10-30
1762,LON_1590,"23,517.78",2023-11-28
1763,LON_1590,"23,235.95",2023-12-29
1764,LON_1594,"29,961.98",2023-10-31
1765,LON_1594,"29,961.98",2023-11-30
1766,LON_1594,"29,961.98",2023-12-31
1767,LON_1594,"29,961.98",2024-01-30
1768,LON_1594,"29,961.98",2024-03-03
1769,LON_1595,"32,631.46",2025-10-23
1770,LON_1595,"33,096.74",2025-11-22
1771,LON_1595,"33,096.74",2025-12-22
1772,LON_1595,"33,096.74",2026-01-23
1773,LON_1596,"27,605.10",2023-08-13
1774,LON_1596,"27,605.10",2023-09-11
1775,LON_1596,"27,605.10",2023-10-11
1776,LON_1597,"41,824.36",2022-03-05
1777,LON_1598,"16,398.23",2021-08-09
1778,LON_1598,"16,089.73",2021-09-09
1779,LON_1598,"16,398.23",2021-10-10
1780,LON_1598,"16,398.23",2021-11-09
1781,LON_1598,"16,398.23",2021-12-10
1782,LON_1599,"24,182.93",2022-06-29
1783,LON_1599,"24,182.93",2022-07-26
1784,LON_1599,"24,182.93",2022-08-23
1785,LON_1599,"24,182.93",2022-09-19
1786,LON_160,"13,532.62",2023-07-21
1787,LON_160,"13,423.23",2023-08-19
1788,LON_160,"13,532.62",2023-09-14
1789,LON_160,"13,532.62",2023-10-13
1790,LON_160,"13,532.62",2023-11-11
1791,LON_1601,"9,637.43",2023-06-27
1792,LON_1601,"9,637.43",2023-07-27
1793,LON_1602,"40,885.99",2025-04-14
1794,LON_1602,"41,226.33",2025-05-14
1795,LON_1602,"40,885.99",2025-06-11
1796,LON_1602,"40,885.99",2025-07-08
1797,LON_1603,"40,506.57",2020-10-31
1798,LON_1603,"40,506.57",2020-11-29
1799,LON_1603,"40,506.57",2020-12-31
1800,LON_1604,"18,057.31",2023-04-11
1801,LON_1604,"18,057.31",2023-05-09
1802,LON_1605,"53,823.70",2023-02-03
1803,LON_1605,"53,823.70",2023-04-02
1804,LON_1605,"53,823.70",2023-06-02
1805,LON_1605,"54,374.62",2023-08-01
1806,LON_1606,"20,763.47",2021-08-12
1807,LON_1606,"20,763.47",2021-09-13
1808,LON_1606,"20,763.47",2021-10-15
1809,LON_1606,"20,763.47",2021-11-13
1810,LON_1606,"20,763.47",2021-12-14
1811,LON_1606,"20,763.47",2022-01-14
1812,LON_1606,"20,763.47",2022-02-15
1813,LON_1607,"59,972.54",2022-08-07
1814,LON_1607,"59,972.54",2022-09-06
1815,LON_1607,"59,972.54",2022-10-08
1816,LON_1609,"19,409.37",2019-03-14
1817,LON_1609,"19,788.49",2019-04-14
1818,LON_1609,"19,788.49",2019-05-13
1819,LON_1609,"19,788.49",2019-06-14
1820,LON_1609,"19,788.49",2019-07-16
1821,LON_1609,"19,788.49",2019-08-14
1822,LON_161,"42,082.72",2022-08-13
1823,LON_161,"42,113.61",2022-09-11
1824,LON_161,"42,113.61",2022-10-07
1825,LON_1610,"42,607.67",2024-11-03
1826,LON_1610,"42,607.67",2025-01-04
1827,LON_1611,"15,066.41",2019-03-10
1828,LON_1611,"15,066.41",2019-05-09
1829,LON_1611,"15,066.41",2019-07-10
1830,LON_1611,"15,066.41",2019-09-06
1831,LON_1611,"15,066.41",2019-11-06
1832,LON_1614,"5,808.88",2019-08-13
1833,LON_1614,"5,808.88",2019-09-12
1834,LON_1615,"20,118.94",2021-12-04
1835,LON_1615,"20,118.94",2022-01-04
1836,LON_1616,"72,581.26",2022-05-17
1837,LON_1616,"72,581.26",2022-06-16
1838,LON_1616,"72,581.26",2022-07-16
1839,LON_1617,"3,530.56",2022-07-16
1840,LON_1617,"3,530.56",2022-08-14
1841,LON_1617,"3,530.56",2022-09-14
1842,LON_1617,"3,530.56",2022-10-12
1843,LON_1617,"3,530.56",2022-11-12
1844,LON_1619,"3,343.76",2020-04-18
1845,LON_1619,"3,333.61",2020-05-19
1846,LON_162,"64,190.25",2022-05-02
1847,LON_1620,"26,690.01",2020-03-28
1848,LON_1620,"26,690.01",2020-04-30
1849,LON_1622,"1,471.71",2024-04-30
1850,LON_1622,"1,471.71",2024-05-28
1851,LON_1622,"1,471.71",2024-06-28
1852,LON_1622,"1,471.71",2024-07-27
1853,LON_1622,"1,471.71",2024-08-28
1854,LON_1622,"1,471.71",2024-09-25
1855,LON_1623,"16,731.76",2022-02-23
1856,LON_1624,"35,689.02",2023-12-27
1857,LON_1624,"35,689.02",2024-01-23
1858,LON_1625,"31,357.81",2022-04-01
1859,LON_1625,"31,357.81",2022-05-02
1860,LON_1625,"31,357.81",2022-06-02
1861,LON_1627,"38,448.41",2024-07-17
1862,LON_1627,"37,779.75",2024-08-14
1863,LON_1627,"38,448.41",2024-09-11
1864,LON_1628,"28,080.93",2023-07-16
1865,LON_1628,"28,080.93",2023-08-13
1866,LON_1629,"64,348.53",2020-05-06
1867,LON_1629,"64,348.53",2020-06-04
1868,LON_163,"12,935.12",2020-03-14
1869,LON_163,"12,935.12",2020-04-12
1870,LON_163,"12,935.12",2020-05-11
1871,LON_1630,"2,272.41",2021-09-20
1872,LON_1630,"2,272.41",2021-10-19
1873,LON_1630,"2,272.41",2021-11-16
1874,LON_1630,"2,285.07",2021-12-13
1875,LON_1631,"90,939.38",2019-02-27
1876,LON_1631,"90,939.38",2019-04-01
1877,LON_1631,"90,939.38",2019-05-02
1878,LON_1631,"90,939.38",2019-06-01
1879,LON_1631,"90,939.38",2019-07-03
1880,LON_1631,"90,939.38",2019-08-02
1881,LON_1632,"12,042.35",2021-11-21
1882,LON_1632,"11,896.60",2021-12-18
1883,LON_1632,"12,007.63",2022-01-17
1884,LON_1632,"12,042.35",2022-02-12
1885,LON_1632,"12,042.35",2022-03-12
1886,LON_1632,"12,042.35",2022-04-10
1887,LON_1633,"53,079.02",2022-01-30
1888,LON_1633,"53,079.02",2022-03-03
1889,LON_1633,"53,527.30",2022-04-01
1890,LON_1633,"53,079.02",2022-05-02
1891,LON_1633,"53,079.02",2022-06-03
1892,LON_1633,"53,079.02",2022-07-04
1893,LON_1634,"1,11,862.84",2020-03-20
1894,LON_1634,"1,11,862.84",2020-04-19
1895,LON_1634,"1,11,862.84",2020-05-18
1896,LON_1634,"1,11,862.84",2020-06-17
1897,LON_1635,"12,722.36",2026-03-14
1898,LON_1635,"12,722.36",2026-04-13
1899,LON_1635,"12,722.36",2026-05-15
1900,LON_1635,"12,722.36",2026-06-14
1901,LON_1636,"9,584.40",2021-04-03
1902,LON_1636,"9,332.01",2021-05-04
1903,LON_1638,"14,988.46",2022-10-29
1904,LON_1638,"14,988.46",2022-11-27
1905,LON_1639,"5,517.09",2020-04-15
1906,LON_1639,"5,517.09",2020-05-14
1907,LON_1639,"5,517.09",2020-06-13
1908,LON_164,"36,775.92",2019-09-02
1909,LON_1640,"14,198.36",2022-09-15
1910,LON_1640,"14,198.36",2022-10-15
1911,LON_1640,"14,198.36",2022-11-16
1912,LON_1641,"5,231.84",2021-06-06
1913,LON_1641,"5,231.84",2021-07-03
1914,LON_1641,"5,231.84",2021-07-30
1915,LON_1641,"5,231.84",2021-08-28
1916,LON_1641,"5,248.23",2021-09-24
1917,LON_1642,"27,302.52",2021-12-07
1918,LON_1642,"27,302.52",2022-01-05
1919,LON_1643,"13,758.28",2025-04-20
1920,LON_1643,"13,758.28",2025-05-17
1921,LON_1643,"13,455.25",2025-06-14
1922,LON_1643,"13,789.42",2025-07-11
1923,LON_1643,"13,758.28",2025-08-10
1924,LON_1643,"13,758.28",2025-09-05
1925,LON_1644,"14,885.62",2025-09-02
1926,LON_1645,"39,278.49",2023-05-23
1927,LON_1645,"38,214.63",2023-06-24
1928,LON_1647,"29,364.75",2025-03-14
1929,LON_1647,"29,364.75",2025-04-15
1930,LON_1647,"29,364.75",2025-05-15
1931,LON_1648,"40,316.83",2020-10-23
1932,LON_1649,"18,584.66",2025-05-25
1933,LON_1649,"18,584.66",2025-06-24
1934,LON_1649,"18,584.66",2025-07-22
1935,LON_1653,"1,32,572.93",2024-10-20
1936,LON_1653,"1,32,572.93",2024-12-19
1937,LON_1653,"1,32,485.96",2025-02-18
1938,LON_1653,"1,32,572.93",2025-04-18
1939,LON_1653,"1,32,752.51",2025-06-18
1940,LON_1653,"1,32,572.93",2025-08-16
1941,LON_1653,"1,32,572.93",2025-10-17
1942,LON_1655,"28,042.03",2021-07-07
1943,LON_1655,"27,456.36",2021-08-07
1944,LON_1655,"27,519.62",2021-09-05
1945,LON_1655,"27,519.62",2021-10-06
1946,LON_1657,"18,023.79",2020-12-26
1947,LON_1657,"18,023.79",2021-01-24
1948,LON_1657,"18,023.79",2021-02-25
1949,LON_1658,"15,487.21",2022-03-21
1950,LON_1658,"15,487.21",2022-04-20
1951,LON_1658,"15,487.21",2022-05-20
1952,LON_166,"16,295.82",2021-10-23
1953,LON_166,"16,295.82",2021-11-24
1954,LON_166,"16,460.72",2021-12-26
1955,LON_1662,"18,808.25",2019-03-03
1956,LON_1662,"18,808.25",2019-04-03
1957,LON_1662,"18,808.25",2019-05-04
1958,LON_1663,"42,195.29",2019-04-18
1959,LON_1663,"42,195.29",2019-05-17
1960,LON_1663,"42,195.29",2019-06-12
1961,LON_1664,"79,000.96",2020-04-24
1962,LON_1664,"79,000.96",2020-06-23
1963,LON_1664,"79,000.96",2020-08-20
1964,LON_1665,"14,369.58",2021-05-22
1965,LON_1665,"14,369.58",2021-06-19
1966,LON_1666,"14,157.55",2023-07-18
1967,LON_1666,"14,157.55",2023-08-15
1968,LON_1667,"13,026.68",2024-06-28
1969,LON_1667,"13,026.68",2024-07-29
1970,LON_1667,"13,026.68",2024-08-28
1971,LON_1667,"13,026.68",2024-09-28
1972,LON_1667,"13,026.68",2024-10-28
1973,LON_1667,"13,026.68",2024-11-26
1974,LON_1667,"13,026.68",2024-12-26
1975,LON_1669,"18,378.48",2021-02-07
1976,LON_1669,"18,378.48",2021-04-07
1977,LON_1669,"18,378.48",2021-06-07
1978,LON_1669,"18,378.48",2021-08-06
1979,LON_167,"12,845.80",2021-11-29
1980,LON_167,"12,845.80",2021-12-29
1981,LON_167,"12,845.80",2022-01-29
1982,LON_1670,"42,706.11",2021-11-02
1983,LON_1670,"42,706.11",2021-12-04
1984,LON_1670,"42,706.11",2022-01-05
1985,LON_1670,"42,706.11",2022-02-05
1986,LON_1671,"76,488.93",2019-03-21
1987,LON_1671,"75,903.91",2019-05-19
1988,LON_1671,"75,903.91",2019-07-17
1989,LON_1672,"36,185.86",2019-07-26
1990,LON_1672,"36,185.86",2019-08-24
1991,LON_1672,"36,185.86",2019-09-22
1992,LON_1672,"36,185.86",2019-10-24
1993,LON_1672,"35,453.66",2019-11-23
1994,LON_1674,"74,421.70",2022-12-04
1995,LON_1674,"76,396.96",2023-01-02
1996,LON_1674,"74,421.70",2023-02-03
1997,LON_1674,"74,421.70",2023-03-07
1998,LON_1676,"21,617.54",2022-02-04
1999,LON_1676,"21,617.54",2022-03-08
2000,LON_1676,"21,617.54",2022-04-08
2001,LON_1676,"21,617.54",2022-05-08
2002,LON_1676,"20,977.03",2022-06-09
2003,LON_1677,"1,392.27",2020-03-27
2004,LON_1677,"1,392.27",2020-04-29
2005,LON_1677,"1,392.27",2020-05-29
2006,LON_1678,"21,382.39",2021-09-02
2007,LON_1678,"21,382.39",2021-10-02
2008,LON_1678,"21,382.39",2021-10-30
2009,LON_1678,"21,382.39",2021-11-29
2010,LON_1678,"21,382.39",2021-12-29
2011,LON_168,"25,464.00",2019-12-14
2012,LON_168,"24,496.24",2020-01-13
2013,LON_168,"24,986.80",2020-02-09
2014,LON_168,"24,986.80",2020-03-09
2015,LON_1680,"6,690.02",2022-04-13
2016,LON_1680,"6,690.02",2022-05-11
2017,LON_1680,"6,765.56",2022-06-08
2018,LON_1682,"7,331.79",2021-02-22
2019,LON_1682,"7,331.79",2021-03-26
2020,LON_1683,"60,838.34",2022-04-08
2021,LON_1683,"60,838.34",2022-05-11
2022,LON_1684,"7,509.92",2022-01-17
2023,LON_1684,"7,509.92",2022-02-18
2024,LON_1685,"2,593.13",2020-10-08
2025,LON_1685,"2,593.13",2020-11-08
2026,LON_1685,"2,593.13",2020-12-06
2027,LON_1686,"19,691.22",2024-06-07
2028,LON_1686,"19,691.22",2024-07-05
2029,LON_1687,"20,648.19",2020-02-14
2030,LON_1687,"20,648.19",2020-03-13
2031,LON_1687,"20,648.19",2020-04-09
2032,LON_1687,"20,648.19",2020-05-07
2033,LON_1687,"20,648.19",2020-06-03
2034,LON_1687,"20,648.19",2020-07-01
2035,LON_1688,"10,385.35",2023-10-27
2036,LON_1688,"10,385.35",2023-11-27
2037,LON_1688,"10,385.35",2023-12-29
2038,LON_1688,"10,432.72",2024-01-29
2039,LON_1689,"62,780.20",2020-08-30
2040,LON_1689,"62,431.72",2020-09-29
2041,LON_1689,"62,431.72",2020-10-31
2042,LON_1689,"62,431.72",2020-11-28
2043,LON_1689,"62,431.72",2020-12-29
2044,LON_1689,"62,431.72",2021-01-28
2045,LON_1690,"18,545.68",2025-01-16
2046,LON_1690,"18,545.68",2025-02-14
2047,LON_1691,"9,800.97",2025-01-10
2048,LON_1691,"9,591.65",2025-02-05
2049,LON_1691,"9,591.65",2025-03-05
2050,LON_1691,"9,429.22",2025-04-03
2051,LON_1691,"9,591.65",2025-05-01
2052,LON_1692,"15,405.57",2019-03-28
2053,LON_1692,"15,866.69",2019-05-27
2054,LON_1692,"15,866.69",2019-07-28
2055,LON_1692,"15,866.69",2019-09-26
2056,LON_1693,"32,479.50",2023-01-12
2057,LON_1693,"32,479.50",2023-02-13
2058,LON_1693,"32,479.50",2023-03-15
2059,LON_1694,"33,724.40",2024-03-17
2060,LON_1694,"33,724.40",2024-04-16
2061,LON_1696,"9,162.23",2020-09-14
2062,LON_1696,"9,162.23",2020-10-11
2063,LON_1697,"6,298.21",2020-04-17
2064,LON_1697,"6,278.17",2020-05-17
2065,LON_1698,"37,490.37",2023-03-20
2066,LON_1698,"37,490.37",2023-04-19
2067,LON_1698,"37,490.37",2023-05-15
2068,LON_1698,"37,490.37",2023-06-14
2069,LON_1698,"37,490.37",2023-07-12
2070,LON_1699,"25,332.28",2023-10-07
2071,LON_1699,"25,332.28",2023-11-05
2072,LON_1699,"25,332.28",2023-12-01
2073,LON_1699,"25,332.28",2023-12-30
2074,LON_1699,"25,332.28",2024-01-28
2075,LON_1700,"8,387.08",2022-06-12
2076,LON_1700,"8,387.08",2022-07-08
2077,LON_1700,"8,387.08",2022-08-07
2078,LON_1700,"8,387.08",2022-09-02
2079,LON_1700,"8,387.08",2022-09-30
2080,LON_1701,"48,864.10",2019-04-01
2081,LON_1701,"48,864.10",2019-05-01
2082,LON_1703,"3,346.75",2024-03-06
2083,LON_1703,"3,346.75",2024-04-05
2084,LON_1703,"3,346.75",2024-05-03
2085,LON_1703,"3,346.75",2024-05-29
2086,LON_1703,"3,346.75",2024-06-27
2087,LON_1703,"3,346.75",2024-07-24
2088,LON_1703,"3,346.75",2024-08-22
2089,LON_1704,"1,67,267.50",2021-08-09
2090,LON_1704,"1,67,267.50",2021-09-09
2091,LON_1704,"1,67,267.50",2021-10-07
2092,LON_1705,"18,862.65",2020-06-17
2093,LON_1705,"18,862.65",2020-07-14
2094,LON_1705,"19,165.57",2020-08-12
2095,LON_1705,"18,862.65",2020-09-07
2096,LON_1706,"36,190.26",2025-05-10
2097,LON_1706,"36,190.26",2025-06-07
2098,LON_1706,"36,190.26",2025-07-03
2099,LON_1707,"46,845.27",2023-08-19
2100,LON_1707,"46,845.27",2023-09-16
2101,LON_1707,"46,845.27",2023-10-16
2102,LON_1707,"46,845.27",2023-11-15
2103,LON_1708,"4,212.70",2022-01-28
2104,LON_1708,"4,212.70",2022-02-26
2105,LON_1708,"4,212.70",2022-03-25
2106,LON_1708,"4,212.70",2022-04-22
2107,LON_1710,"7,947.57",2019-03-08
2108,LON_1710,"7,947.57",2019-04-06
2109,LON_1710,"8,020.83",2019-05-03
2110,LON_1710,"7,947.57",2019-05-30
2111,LON_1711,"22,661.03",2022-02-10
2112,LON_1711,"22,661.03",2022-03-10
2113,LON_1711,"22,661.03",2022-04-09
2114,LON_1711,"22,661.03",2022-05-07
2115,LON_1712,"27,227.59",2019-08-11
2116,LON_1712,"26,681.51",2019-09-10
2117,LON_1712,"27,227.59",2019-10-09
2118,LON_1712,"26,597.09",2019-11-07
2119,LON_1712,"27,227.59",2019-12-09
2120,LON_1712,"27,227.59",2020-01-08
2121,LON_1714,"24,031.88",2020-07-30
2122,LON_1714,"24,492.30",2020-08-30
2123,LON_1714,"24,031.88",2020-09-30
2124,LON_1715,"17,764.97",2020-10-10
2125,LON_1715,"18,149.56",2020-11-08
2126,LON_1715,"17,775.31",2020-12-05
2127,LON_1718,"36,453.20",2020-12-05
2128,LON_1718,"36,453.20",2021-01-04
2129,LON_1718,"36,453.20",2021-02-01
2130,LON_1718,"36,453.20",2021-02-27
2131,LON_1719,"85,781.09",2022-11-19
2132,LON_1719,"85,781.09",2022-12-21
2133,LON_1719,"85,781.09",2023-01-19
2134,LON_172,"40,177.33",2019-08-17
2135,LON_172,"40,177.33",2019-09-14
2136,LON_172,"40,177.33",2019-10-10
2137,LON_1720,"9,421.04",2023-12-10
2138,LON_1720,"9,421.04",2024-01-08
2139,LON_1720,"9,421.04",2024-02-08
2140,LON_1720,"9,421.04",2024-03-10
2141,LON_1721,"43,511.56",2025-11-21
2142,LON_1721,"43,511.56",2025-12-20
2143,LON_1722,"23,225.58",2019-03-18
2144,LON_1722,"23,225.58",2019-04-19
2145,LON_1724,"50,676.53",2019-10-27
2146,LON_1725,"15,805.20",2024-03-31
2147,LON_1725,"15,805.20",2024-04-30
2148,LON_1726,"50,816.63",2020-08-24
2149,LON_1726,"52,228.83",2020-09-21
2150,LON_1726,"52,228.83",2020-10-19
2151,LON_1726,"52,228.83",2020-11-17
2152,LON_173,"37,288.36",2025-11-13
2153,LON_173,"37,288.36",2025-12-15
2154,LON_173,"37,288.36",2026-01-14
2155,LON_1730,"83,225.73",2020-10-21
2156,LON_1730,"83,225.73",2020-12-20
2157,LON_1730,"83,225.73",2021-02-19
2158,LON_1732,"18,469.33",2025-02-06
2159,LON_1732,"18,469.33",2025-03-09
2160,LON_1732,"18,469.33",2025-04-11
2161,LON_1732,"18,469.33",2025-05-11
2162,LON_1732,"18,469.33",2025-06-12
2163,LON_1734,"18,199.65",2025-11-21
2164,LON_1734,"18,199.65",2025-12-20
2165,LON_1734,"18,199.65",2026-01-21
2166,LON_1734,"18,199.65",2026-02-18
2167,LON_1735,"28,499.88",2019-06-30
2168,LON_1735,"28,499.88",2019-07-30
2169,LON_1735,"28,499.88",2019-08-25
2170,LON_1736,"65,865.66",2025-06-20
2171,LON_1737,"45,348.57",2023-11-30
2172,LON_1737,"45,348.57",2023-12-30
2173,LON_1737,"45,348.57",2024-01-31
2174,LON_1739,"23,824.13",2023-08-10
2175,LON_1739,"23,824.13",2023-09-07
2176,LON_1739,"23,824.13",2023-10-04
2177,LON_1739,"23,824.13",2023-11-02
2178,LON_1739,"23,824.13",2023-11-29
2179,LON_174,"12,671.36",2020-08-28
2180,LON_174,"12,671.36",2020-09-26
2181,LON_174,"13,043.71",2020-10-25
2182,LON_174,"12,671.36",2020-11-25
2183,LON_174,"12,671.36",2020-12-24
2184,LON_174,"12,671.36",2021-01-24
2185,LON_1740,"31,476.76",2021-06-14
2186,LON_1740,"31,476.76",2021-07-12
2187,LON_1742,"17,366.23",2025-02-01
2188,LON_1742,"17,366.23",2025-03-05
2189,LON_1742,"17,366.23",2025-04-02
2190,LON_1743,"23,922.53",2019-03-13
2191,LON_1743,"23,922.53",2019-04-15
2192,LON_1743,"23,922.53",2019-05-16
2193,LON_1743,"23,922.53",2019-06-16
2194,LON_1743,"23,922.53",2019-07-17
2195,LON_1743,"23,922.53",2019-08-17
2196,LON_1744,"79,175.29",2025-07-29
2197,LON_1744,"79,175.29",2025-08-26
2198,LON_1745,"39,780.18",2022-09-01
2199,LON_1746,"43,893.29",2022-08-21
2200,LON_1746,"43,893.29",2022-09-18
2201,LON_1746,"43,705.60",2022-10-17
2202,LON_1747,"74,690.53",2019-02-15
2203,LON_1747,"74,690.53",2019-03-16
2204,LON_1748,"43,831.77",2025-07-16
2205,LON_1748,"43,831.77",2025-08-13
2206,LON_1748,"43,831.77",2025-09-13
2207,LON_1748,"43,831.77",2025-10-12
2208,LON_1749,"34,846.23",2025-03-25
2209,LON_1749,"34,846.23",2025-04-22
2210,LON_175,"36,290.49",2025-08-06
2211,LON_175,"36,290.49",2025-09-07
2212,LON_175,"36,290.49",2025-10-09
2213,LON_175,"36,290.49",2025-11-09
2214,LON_175,"36,290.49",2025-12-10
2215,LON_1752,"45,540.83",2023-01-08
2216,LON_1752,"45,540.83",2023-03-07
2217,LON_1753,"46,476.51",2020-04-27
2218,LON_1753,"46,476.51",2020-05-28
2219,LON_1753,"46,476.51",2020-06-26
2220,LON_1754,"35,985.54",2025-03-14
2221,LON_1754,"35,985.54",2025-04-11
2222,LON_1754,"35,985.54",2025-05-09
2223,LON_1754,"35,985.54",2025-06-05
2224,LON_1755,"11,879.60",2026-03-06
2225,LON_1755,"11,879.60",2026-04-01
2226,LON_1757,"25,434.76",2024-08-29
2227,LON_1757,"25,434.76",2024-09-27
2228,LON_1757,"25,434.76",2024-10-27
2229,LON_1757,"25,434.76",2024-11-28
2230,LON_1757,"25,434.76",2024-12-26
2231,LON_1757,"25,434.76",2025-01-26
2232,LON_1757,"25,434.76",2025-02-26
2233,LON_1757,"25,434.76",2025-03-28
2234,LON_1757,"24,818.07",2025-04-26
2235,LON_1757,"25,434.76",2025-05-27
2236,LON_1757,"25,124.46",2025-06-24
2237,LON_1758,"21,056.77",2022-05-09
2238,LON_1758,"21,056.77",2022-06-11
2239,LON_1759,"19,003.77",2021-04-03
2240,LON_1759,"19,003.77",2021-05-02
2241,LON_1759,"19,003.77",2021-06-02
2242,LON_176,"22,859.93",2023-09-23
2243,LON_176,"22,726.36",2023-10-22
2244,LON_176,"22,620.65",2023-11-22
2245,LON_1760,"12,690.68",2023-07-18
2246,LON_1760,"12,690.68",2023-08-17
2247,LON_1760,"13,032.30",2023-09-17
2248,LON_1761,"55,226.69",2022-01-06
2249,LON_1761,"55,226.69",2022-02-03
2250,LON_1761,"55,226.69",2022-03-05
2251,LON_1762,"69,950.77",2019-02-16
2252,LON_1763,"1,726.63",2024-11-12
2253,LON_1763,"1,726.63",2024-12-11
2254,LON_1763,"1,775.81",2025-01-10
2255,LON_1763,"1,726.63",2025-02-10
2256,LON_1763,"1,726.63",2025-03-12
2257,LON_1763,"1,726.63",2025-04-11
2258,LON_1763,"1,726.63",2025-05-11
2259,LON_1764,"17,202.04",2025-05-06
2260,LON_1764,"17,202.04",2025-06-06
2261,LON_1764,"17,202.04",2025-07-06
2262,LON_1765,"28,691.39",2025-07-23
2263,LON_1765,"28,691.39",2025-08-22
2264,LON_1765,"28,691.39",2025-09-22
2265,LON_1766,"43,962.85",2023-08-20
2266,LON_1766,"43,962.85",2023-09-18
2267,LON_1766,"43,962.85",2023-10-17
2268,LON_1766,"43,962.85",2023-11-17
2269,LON_1766,"43,962.85",2023-12-17
2270,LON_1767,"21,612.26",2020-06-27
2271,LON_1767,"21,612.26",2020-07-25
2272,LON_1767,"21,612.26",2020-08-22
2273,LON_1767,"21,612.26",2020-09-17
2274,LON_1769,"26,616.03",2020-02-16
2275,LON_1769,"26,616.03",2020-03-16
2276,LON_1769,"26,616.03",2020-04-16
2277,LON_1770,"2,777.45",2026-01-05
2278,LON_1770,"2,777.45",2026-02-03
2279,LON_1771,"25,117.17",2024-03-13
2280,LON_1772,"13,643.20",2025-01-24
2281,LON_1773,"89,639.52",2019-08-21
2282,LON_1773,"89,639.52",2019-09-20
2283,LON_1773,"89,639.52",2019-10-21
2284,LON_1774,"66,938.81",2025-08-12
2285,LON_1774,"66,938.81",2025-09-09
2286,LON_1775,"13,764.14",2022-03-24
2287,LON_1775,"13,764.14",2022-04-21
2288,LON_1775,"13,403.86",2022-05-23
2289,LON_1776,"8,590.70",2021-05-18
2290,LON_1776,"8,590.70",2021-06-13
2291,LON_1776,"8,590.70",2021-07-12
2292,LON_1776,"8,590.70",2021-08-08
2293,LON_1776,"8,590.70",2021-09-05
2294,LON_1777,"40,105.45",2026-02-01
2295,LON_1777,"40,105.45",2026-03-02
2296,LON_1777,"40,105.45",2026-03-29
2297,LON_1778,"31,711.80",2024-03-03
2298,LON_1778,"31,711.80",2024-03-31
2299,LON_1778,"31,711.80",2024-04-29
2300,LON_1778,"31,711.80",2024-05-26
2301,LON_1779,"17,467.92",2026-03-01
2302,LON_1779,"17,467.92",2026-03-29
2303,LON_178,"30,458.13",2024-07-06
2304,LON_178,"30,458.13",2024-08-04
2305,LON_178,"30,458.13",2024-09-02
2306,LON_178,"30,458.13",2024-09-29
2307,LON_178,"30,458.13",2024-10-26
2308,LON_1780,"33,297.23",2025-12-05
2309,LON_1780,"33,297.23",2026-01-04
2310,LON_1780,"33,297.23",2026-02-04
2311,LON_1782,"5,978.37",2023-03-15
2312,LON_1782,"5,978.37",2023-04-16
2313,LON_1782,"5,978.37",2023-05-17
2314,LON_1782,"5,978.37",2023-06-16
2315,LON_1784,"16,224.06",2025-04-04
2316,LON_1785,"31,778.93",2023-07-20
2317,LON_1785,"32,264.15",2023-08-18
2318,LON_1785,"31,778.93",2023-09-18
2319,LON_1787,"16,296.18",2021-05-18
2320,LON_1787,"16,296.18",2021-06-18
2321,LON_1787,"16,296.18",2021-07-19
2322,LON_1787,"16,296.18",2021-08-21
2323,LON_1787,"16,296.18",2021-09-21
2324,LON_1788,"50,894.17",2022-09-06
2325,LON_1788,"49,919.06",2022-10-06
2326,LON_1788,"50,700.01",2022-11-04
2327,LON_1788,"50,700.01",2022-12-05
2328,LON_1788,"50,700.01",2023-01-03
2329,LON_1788,"50,700.01",2023-02-03
2330,LON_1789,"47,773.45",2026-02-21
2331,LON_1789,"47,773.45",2026-03-22
2332,LON_1789,"47,773.45",2026-04-20
2333,LON_179,"64,745.35",2019-12-09
2334,LON_1792,"5,843.31",2021-02-26
2335,LON_1792,"5,894.86",2021-03-30
2336,LON_1792,"5,894.86",2021-04-29
2337,LON_1792,"5,894.86",2021-05-28
2338,LON_1792,"5,894.86",2021-06-28
2339,LON_1793,"6,984.02",2022-07-30
2340,LON_1793,"6,984.02",2022-08-26
2341,LON_1793,"6,984.02",2022-09-25
2342,LON_1794,"11,635.32",2024-04-22
2343,LON_1794,"11,635.32",2024-05-22
2344,LON_1795,"27,904.47",2025-01-01
2345,LON_1795,"27,904.47",2025-01-31
2346,LON_1797,"48,478.05",2021-04-04
2347,LON_1797,"49,168.52",2021-06-04
2348,LON_1797,"48,478.05",2021-08-01
2349,LON_1798,"40,586.35",2020-05-29
2350,LON_1798,"41,416.47",2020-06-27
2351,LON_1798,"41,416.47",2020-07-27
2352,LON_1798,"41,416.47",2020-08-26
2353,LON_1799,"12,557.20",2025-07-07
2354,LON_1799,"12,557.20",2025-08-04
2355,LON_1799,"12,557.20",2025-09-05
2356,LON_180,"61,762.78",2023-07-06
2357,LON_180,"61,762.78",2023-08-03
2358,LON_1800,"2,886.17",2019-03-07
2359,LON_1800,"2,784.47",2019-04-05
2360,LON_1800,"2,864.41",2019-05-06
2361,LON_1801,"11,743.24",2025-02-06
2362,LON_1801,"11,743.24",2025-03-07
2363,LON_1801,"11,743.24",2025-04-02
2364,LON_1802,"9,803.91",2023-09-29
2365,LON_1802,"9,803.91",2023-10-30
2366,LON_1802,"9,803.91",2023-11-30
2367,LON_1803,"16,581.40",2022-08-01
2368,LON_1805,"17,676.53",2019-08-11
2369,LON_1805,"17,676.53",2019-09-12
2370,LON_1806,"6,512.40",2023-12-20
2371,LON_1806,"6,512.40",2024-01-17
2372,LON_1806,"6,512.40",2024-02-13
2373,LON_1806,"6,512.40",2024-03-11
2374,LON_1806,"6,512.40",2024-04-09
2375,LON_1808,"56,707.42",2020-04-25
2376,LON_1808,"56,707.42",2020-05-28
2377,LON_1808,"56,707.42",2020-06-26
2378,LON_1808,"57,566.15",2020-07-27
2379,LON_1808,"56,707.42",2020-08-28
2380,LON_1808,"56,707.42",2020-09-29
2381,LON_1809,"4,029.00",2023-05-01
2382,LON_1809,"4,096.22",2023-05-29
2383,LON_181,"5,659.56",2020-06-21
2384,LON_181,"5,659.56",2020-07-20
2385,LON_1810,"10,825.80",2020-07-02
2386,LON_1810,"10,893.33",2020-08-29
2387,LON_1810,"10,825.80",2020-10-29
2388,LON_1810,"10,825.80",2020-12-28
2389,LON_1812,"18,747.43",2024-08-15
2390,LON_1814,"34,821.69",2021-05-17
2391,LON_1814,"34,821.69",2021-06-18
2392,LON_1814,"35,139.83",2021-07-19
2393,LON_1817,"67,996.34",2024-02-20
2394,LON_1817,"67,996.34",2024-03-19
2395,LON_1817,"69,421.54",2024-04-18
2396,LON_1818,"41,133.77",2023-02-16
2397,LON_1818,"41,133.77",2023-03-19
2398,LON_1819,"29,405.36",2021-02-28
2399,LON_1819,"29,093.80",2021-04-01
2400,LON_1819,"29,093.80",2021-04-30
2401,LON_1819,"29,093.80",2021-05-30
2402,LON_182,"32,058.27",2026-03-27
2403,LON_182,"32,058.27",2026-04-26
2404,LON_182,"32,058.27",2026-05-25
2405,LON_182,"32,058.27",2026-06-25
2406,LON_1821,"31,590.62",2019-04-05
2407,LON_1821,"30,681.32",2019-05-05
2408,LON_1821,"31,594.11",2019-06-01
2409,LON_1821,"30,681.32",2019-06-29
2410,LON_1823,"26,808.56",2020-10-22
2411,LON_1823,"26,808.56",2020-11-20
2412,LON_1823,"26,808.56",2020-12-19
2413,LON_1823,"26,808.56",2021-01-15
2414,LON_1824,"28,258.10",2023-03-27
2415,LON_1824,"27,471.42",2023-04-27
2416,LON_1824,"27,471.42",2023-05-27
2417,LON_1825,"20,214.32",2022-05-30
2418,LON_1825,"20,214.32",2022-06-29
2419,LON_1825,"20,214.32",2022-07-25
2420,LON_1826,"20,752.09",2024-12-03
2421,LON_1826,"20,752.09",2024-12-31
2422,LON_1828,"36,427.97",2025-01-08
2423,LON_1828,"36,427.97",2025-02-07
2424,LON_1828,"36,427.97",2025-03-05
2425,LON_1828,"36,471.82",2025-04-04
2426,LON_1829,"14,212.35",2023-06-13
2427,LON_1829,"14,212.35",2023-07-13
2428,LON_183,"34,283.77",2025-05-18
2429,LON_183,"34,283.77",2025-06-15
2430,LON_183,"34,283.77",2025-07-11
2431,LON_1830,"8,382.68",2024-08-26
2432,LON_1830,"8,382.68",2024-09-22
2433,LON_1830,"8,382.68",2024-10-20
2434,LON_1831,"32,779.38",2025-10-10
2435,LON_1831,"32,779.38",2025-11-09
2436,LON_1831,"32,779.38",2025-12-09
2437,LON_1831,"32,779.38",2026-01-11
2438,LON_1831,"32,461.94",2026-02-10
2439,LON_1834,"8,942.00",2019-03-29
2440,LON_1834,"8,942.00",2019-04-27
2441,LON_1834,"8,942.00",2019-05-29
2442,LON_1835,"12,227.76",2019-12-01
2443,LON_1835,"11,967.57",2019-12-29
2444,LON_1835,"11,967.57",2020-01-25
2445,LON_1836,"26,523.73",2024-05-26
2446,LON_1836,"27,393.02",2024-06-27
2447,LON_1837,"1,17,063.04",2019-04-25
2448,LON_1837,"1,17,063.04",2019-05-26
2449,LON_1837,"1,17,063.04",2019-06-26
2450,LON_1837,"1,17,063.04",2019-07-26
2451,LON_1837,"1,17,063.04",2019-08-24
2452,LON_1837,"1,17,063.04",2019-09-23
2453,LON_1838,"11,906.79",2020-02-08
2454,LON_1838,"11,906.79",2020-03-06
2455,LON_1839,"29,130.68",2022-12-27
2456,LON_1839,"29,130.68",2023-01-26
2457,LON_184,"18,574.59",2022-06-17
2458,LON_184,"18,574.59",2022-07-15
2459,LON_184,"18,574.59",2022-08-14
2460,LON_1840,"35,604.38",2023-01-21
2461,LON_1840,"35,604.38",2023-02-17
2462,LON_1840,"35,604.38",2023-03-18
2463,LON_1842,"13,376.04",2020-09-23
2464,LON_1842,"13,376.04",2020-10-22
2465,LON_1842,"13,376.04",2020-11-21
2466,LON_1843,"18,468.53",2019-06-14
2467,LON_1843,"18,468.53",2019-07-13
2468,LON_1844,"43,510.61",2020-01-29
2469,LON_1844,"43,510.61",2020-03-01
2470,LON_1844,"43,025.94",2020-03-31
2471,LON_1844,"43,510.61",2020-05-01
2472,LON_1846,"14,155.58",2022-10-16
2473,LON_1847,"49,933.41",2019-07-08
2474,LON_1847,"49,933.41",2019-08-09
2475,LON_1847,"50,398.13",2019-09-10
2476,LON_1848,"34,216.99",2024-02-29
2477,LON_1848,"34,216.99",2024-03-29
2478,LON_1848,"34,216.99",2024-04-29
2479,LON_185,"4,859.17",2024-07-30
2480,LON_185,"4,859.17",2024-08-25
2481,LON_185,"4,894.47",2024-09-22
2482,LON_1850,"28,784.16",2020-11-14
2483,LON_1850,"28,784.16",2020-12-12
2484,LON_1850,"28,784.16",2021-01-11
2485,LON_1850,"28,784.16",2021-02-12
2486,LON_1850,"28,784.16",2021-03-12
2487,LON_1850,"28,784.16",2021-04-13
2488,LON_1851,"10,954.79",2019-07-20
2489,LON_1851,"10,954.79",2019-08-18
2490,LON_1851,"10,954.79",2019-09-13
2491,LON_1851,"10,954.79",2019-10-13
2492,LON_1852,"44,241.05",2019-02-07
2493,LON_1852,"45,431.65",2019-03-09
2494,LON_1852,"44,113.22",2019-04-07
2495,LON_1852,"45,431.65",2019-05-08
2496,LON_1853,"56,719.84",2022-12-31
2497,LON_1853,"56,719.84",2023-01-30
2498,LON_1853,"56,719.84",2023-03-02
2499,LON_1853,"56,719.84",2023-03-31
2500,LON_1855,"20,537.13",2025-09-05
2501,LON_1855,"20,537.13",2025-11-04
2502,LON_1855,"20,537.13",2026-01-02
2503,LON_1855,"20,537.13",2026-03-03
2504,LON_1855,"20,537.13",2026-05-02
2505,LON_1855,"20,110.35",2026-07-02
2506,LON_1855,"20,537.13",2026-08-31
2507,LON_1855,"20,537.13",2026-10-29
2508,LON_1856,"8,201.43",2026-03-28
2509,LON_1856,"8,201.43",2026-04-26
2510,LON_1856,"8,201.43",2026-05-22
2511,LON_1856,"8,201.43",2026-06-21
2512,LON_1858,"30,774.50",2025-08-04
2513,LON_1858,"30,774.50",2025-09-04
2514,LON_1858,"30,774.50",2025-10-03
2515,LON_186,"8,488.26",2023-04-12
2516,LON_186,"8,488.26",2023-05-11
2517,LON_186,"8,488.26",2023-06-07
2518,LON_1861,"57,495.67",2024-12-24
2519,LON_1861,"57,495.67",2025-01-23
2520,LON_1861,"57,495.67",2025-02-23
2521,LON_1862,"41,552.44",2024-05-12
2522,LON_1862,"42,272.62",2024-07-10
2523,LON_1862,"41,552.44",2024-09-10
2524,LON_1863,"48,655.68",2025-05-11
2525,LON_1864,"20,540.86",2022-07-04
2526,LON_1865,"52,560.36",2025-06-09
2527,LON_1865,"52,560.36",2025-07-10
2528,LON_1865,"52,560.36",2025-08-09
2529,LON_1865,"52,560.36",2025-09-11
2530,LON_1865,"53,831.48",2025-10-10
2531,LON_1866,"57,261.80",2019-02-28
2532,LON_1866,"57,261.80",2019-03-28
2533,LON_1866,"57,261.80",2019-04-26
2534,LON_1867,"52,561.07",2020-01-09
2535,LON_1867,"52,561.07",2020-02-09
2536,LON_1867,"52,561.07",2020-03-08
2537,LON_1867,"52,561.07",2020-04-09
2538,LON_1867,"52,561.07",2020-05-09
2539,LON_1868,"77,787.10",2020-02-27
2540,LON_1868,"77,787.10",2020-03-27
2541,LON_1868,"77,787.10",2020-04-25
2542,LON_1868,"77,888.44",2020-05-21
2543,LON_1868,"77,787.10",2020-06-20
2544,LON_1870,"57,799.47",2025-06-02
2545,LON_1870,"57,799.47",2025-08-01
2546,LON_1872,"1,09,954.70",2021-04-27
2547,LON_1872,"1,09,954.70",2021-06-24
2548,LON_1873,"1,668.39",2020-02-28
2549,LON_1873,"1,668.39",2020-03-28
2550,LON_1873,"1,668.39",2020-04-29
2551,LON_1873,"1,668.39",2020-05-28
2552,LON_1873,"1,687.33",2020-06-28
2553,LON_1873,"1,668.39",2020-07-26
2554,LON_1873,"1,668.39",2020-08-27
2555,LON_1873,"1,668.39",2020-09-25
2556,LON_1873,"1,679.47",2020-10-26
2557,LON_1873,"1,668.39",2020-11-23
2558,LON_1874,"6,734.93",2023-06-19
2559,LON_1874,"6,734.93",2023-07-19
2560,LON_1874,"6,734.93",2023-08-20
2561,LON_1875,"9,507.64",2021-09-05
2562,LON_1875,"9,507.64",2021-10-06
2563,LON_1877,"10,186.41",2021-10-23
2564,LON_1878,"38,182.27",2022-04-25
2565,LON_1878,"38,182.27",2022-05-26
2566,LON_1878,"38,182.27",2022-06-24
2567,LON_1878,"38,182.27",2022-07-27
2568,LON_1878,"38,182.27",2022-08-26
2569,LON_1879,"11,334.91",2022-03-20
2570,LON_1879,"11,334.91",2022-05-18
2571,LON_1879,"11,334.91",2022-07-17
2572,LON_188,"33,759.85",2023-04-13
2573,LON_188,"33,715.29",2023-05-12
2574,LON_188,"33,715.29",2023-06-12
2575,LON_188,"33,715.29",2023-07-12
2576,LON_188,"33,715.29",2023-08-10
2577,LON_188,"33,664.74",2023-09-09
2578,LON_1880,"40,513.76",2023-11-03
2579,LON_1880,"40,151.22",2023-12-02
2580,LON_1880,"40,015.18",2023-12-31
2581,LON_1880,"40,513.76",2024-01-31
2582,LON_1881,"24,261.17",2025-08-14
2583,LON_1881,"24,261.17",2025-09-13
2584,LON_1881,"23,904.06",2025-10-13
2585,LON_1882,"16,423.47",2019-08-08
2586,LON_1882,"16,423.47",2019-09-07
2587,LON_1882,"16,423.47",2019-10-08
2588,LON_1883,"15,661.23",2020-10-31
2589,LON_1883,"15,661.23",2020-11-30
2590,LON_1884,"43,515.14",2024-12-11
2591,LON_1884,"42,493.84",2025-01-08
2592,LON_1885,"5,038.68",2025-05-14
2593,LON_1885,"5,151.57",2025-06-12
2594,LON_1885,"5,038.68",2025-07-13
2595,LON_1885,"5,141.40",2025-08-12
2596,LON_1886,"26,395.02",2022-06-14
2597,LON_1886,"27,147.01",2022-07-15
2598,LON_1886,"26,395.02",2022-08-13
2599,LON_1886,"26,395.02",2022-09-13
2600,LON_1886,"26,395.02",2022-10-11
2601,LON_1887,"25,062.40",2024-05-06
2602,LON_1888,"37,384.82",2022-01-10
2603,LON_1888,"37,384.82",2022-02-11
2604,LON_1890,"2,020.13",2020-02-25
2605,LON_1891,"93,670.01",2021-10-05
2606,LON_1891,"93,670.01",2021-11-02
2607,LON_1891,"96,309.96",2021-11-29
2608,LON_1893,"29,091.79",2024-01-05
2609,LON_1893,"29,933.14",2024-02-04
2610,LON_1893,"29,091.79",2024-03-06
2611,LON_1893,"29,091.79",2024-04-07
2612,LON_1893,"29,091.79",2024-05-07
2613,LON_1893,"29,091.79",2024-06-07
2614,LON_1894,"33,063.29",2020-04-23
2615,LON_1894,"33,063.29",2020-05-24
2616,LON_1895,"14,730.76",2021-04-02
2617,LON_1895,"14,730.76",2021-05-02
2618,LON_1895,"14,730.76",2021-05-30
2619,LON_1895,"14,730.76",2021-06-25
2620,LON_1896,"18,344.32",2020-11-10
2621,LON_1896,"18,344.32",2020-12-12
2622,LON_1897,"35,494.25",2019-05-05
2623,LON_1897,"35,494.25",2019-06-04
2624,LON_1897,"35,494.25",2019-07-04
2625,LON_1897,"35,494.25",2019-08-05
2626,LON_1898,"4,921.59",2023-08-28
2627,LON_1899,"4,749.21",2025-01-16
2628,LON_190,"16,207.55",2020-06-24
2629,LON_190,"16,207.55",2020-07-25
2630,LON_190,"16,207.55",2020-08-23
2631,LON_1900,"61,092.13",2023-01-08
2632,LON_1900,"62,312.78",2023-02-07
2633,LON_1900,"61,092.13",2023-03-07
2634,LON_1900,"62,760.32",2023-04-02
2635,LON_1900,"61,092.13",2023-05-02
2636,LON_1901,"59,143.58",2024-01-06
2637,LON_1901,"59,143.58",2024-02-04
2638,LON_1902,"24,757.62",2024-11-05
2639,LON_1902,"24,757.62",2024-12-07
2640,LON_1902,"24,757.62",2025-01-07
2641,LON_1904,"47,052.12",2023-06-29
2642,LON_1905,"21,917.36",2025-01-31
2643,LON_1905,"21,774.12",2025-03-05
2644,LON_1905,"21,917.36",2025-04-03
2645,LON_1907,"38,553.26",2022-01-13
2646,LON_1907,"38,553.26",2022-02-13
2647,LON_1907,"38,553.26",2022-03-14
2648,LON_1907,"38,553.26",2022-04-13
2649,LON_191,"20,220.29",2019-04-20
2650,LON_191,"20,220.29",2019-05-20
2651,LON_191,"20,220.29",2019-06-19
2652,LON_191,"20,220.29",2019-07-18
2653,LON_191,"20,220.29",2019-08-17
2654,LON_191,"20,220.29",2019-09-16
2655,LON_1911,"42,985.68",2019-12-30
2656,LON_1912,"42,160.14",2019-06-17
2657,LON_1912,"42,160.14",2019-07-15
2658,LON_1913,"14,358.27",2021-08-18
2659,LON_1913,"14,358.27",2021-09-19
2660,LON_1913,"14,358.27",2021-10-18
2661,LON_1914,"1,470.22",2025-12-07
2662,LON_1914,"1,470.22",2026-01-05
2663,LON_1915,"58,020.94",2023-06-12
2664,LON_1915,"58,020.94",2023-07-14
2665,LON_1915,"58,020.94",2023-08-13
2666,LON_1915,"58,020.94",2023-09-14
2667,LON_1915,"58,020.94",2023-10-15
2668,LON_1916,"25,035.61",2020-05-16
2669,LON_1916,"25,035.61",2020-06-16
2670,LON_1916,"25,035.61",2020-07-15
2671,LON_1916,"25,035.61",2020-08-16
2672,LON_1916,"24,668.17",2020-09-17
2673,LON_1916,"25,035.61",2020-10-16
2674,LON_1916,"25,613.52",2020-11-18
2675,LON_1917,"28,142.97",2021-04-16
2676,LON_1917,"28,142.97",2021-05-16
2677,LON_192,"29,643.79",2021-05-28
2678,LON_192,"30,292.70",2021-06-27
2679,LON_192,"29,643.79",2021-07-28
2680,LON_192,"29,643.79",2021-08-28
2681,LON_1920,"3,113.17",2019-11-28
2682,LON_1920,"3,113.17",2019-12-28
2683,LON_1920,"3,113.17",2020-01-30
2684,LON_1920,"3,113.17",2020-02-28
2685,LON_1921,"21,262.82",2025-10-23
2686,LON_1921,"20,724.14",2025-11-23
2687,LON_1921,"20,724.14",2025-12-22
2688,LON_1921,"20,724.14",2026-01-22
2689,LON_1922,"7,456.28",2019-12-16
2690,LON_1922,"7,456.28",2020-01-12
2691,LON_1922,"7,456.28",2020-02-10
2692,LON_1923,"46,179.80",2023-01-22
2693,LON_1923,"46,179.80",2023-02-20
2694,LON_1923,"46,179.80",2023-03-25
2695,LON_1924,"41,365.22",2022-05-03
2696,LON_1925,"55,113.65",2020-03-21
2697,LON_1925,"55,113.65",2020-04-21
2698,LON_1925,"55,113.65",2020-05-23
2699,LON_1925,"56,592.15",2020-06-23
2700,LON_1925,"54,136.29",2020-07-23
2701,LON_1925,"55,113.65",2020-08-25
2702,LON_1925,"54,977.83",2020-09-24
2703,LON_1925,"55,113.65",2020-10-26
2704,LON_1926,"37,147.54",2022-03-16
2705,LON_1926,"37,147.54",2022-04-15
2706,LON_1926,"37,147.54",2022-05-15
2707,LON_1926,"37,147.54",2022-06-17
2708,LON_1926,"37,147.54",2022-07-17
2709,LON_1927,"25,812.02",2022-07-16
2710,LON_1927,"25,812.02",2022-08-14
2711,LON_1927,"25,812.02",2022-09-12
2712,LON_1927,"25,183.21",2022-10-10
2713,LON_193,"42,162.84",2021-09-25
2714,LON_193,"42,162.84",2021-10-24
2715,LON_193,"42,837.21",2021-11-24
2716,LON_193,"42,162.84",2021-12-23
2717,LON_1930,"3,471.81",2020-01-09
2718,LON_1930,"3,471.81",2020-02-11
2719,LON_1930,"3,553.32",2020-03-13
2720,LON_1931,"54,312.82",2023-05-24
2721,LON_1931,"55,339.73",2023-06-23
2722,LON_1931,"55,339.73",2023-07-24
2723,LON_1931,"55,339.73",2023-08-24
2724,LON_1931,"55,339.73",2023-09-21
2725,LON_1932,"3,566.66",2023-12-06
2726,LON_1932,"3,566.66",2024-01-05
2727,LON_1932,"3,566.66",2024-02-03
2728,LON_1933,"71,970.25",2019-05-24
2729,LON_1933,"71,970.25",2019-06-25
2730,LON_1934,"66,624.48",2019-06-05
2731,LON_1934,"66,624.48",2019-07-08
2732,LON_1934,"66,624.48",2019-08-07
2733,LON_1934,"66,624.48",2019-09-06
2734,LON_1934,"66,624.48",2019-10-08
2735,LON_1935,"58,878.16",2019-10-08
2736,LON_1935,"58,878.16",2019-11-06
2737,LON_1935,"58,878.16",2019-12-05
2738,LON_1936,"23,969.76",2025-02-11
2739,LON_1936,"23,969.76",2025-03-11
2740,LON_1936,"23,969.76",2025-04-08
2741,LON_194,"9,960.51",2020-09-27
2742,LON_194,"9,960.51",2020-10-28
2743,LON_1940,"30,449.88",2022-01-27
2744,LON_1940,"29,653.08",2022-02-25
2745,LON_1940,"30,449.88",2022-03-29
2746,LON_1940,"30,449.88",2022-04-26
2747,LON_1940,"30,449.88",2022-05-27
2748,LON_1940,"30,449.88",2022-06-26
2749,LON_1941,"25,561.41",2022-07-04
2750,LON_1941,"25,561.41",2022-08-03
2751,LON_1941,"25,561.41",2022-09-02
2752,LON_1941,"25,661.15",2022-10-03
2753,LON_1941,"25,561.41",2022-11-05
2754,LON_1943,"7,311.61",2025-04-30
2755,LON_1943,"7,311.61",2025-05-30
2756,LON_1943,"7,311.61",2025-07-01
2757,LON_1943,"7,311.61",2025-07-31
2758,LON_1943,"7,311.61",2025-08-30
2759,LON_1943,"7,311.61",2025-09-27
2760,LON_1943,"7,311.61",2025-10-28
2761,LON_1944,"3,265.67",2025-12-11
2762,LON_1944,"3,265.67",2026-01-10
2763,LON_1944,"3,265.67",2026-02-05
2764,LON_1944,"3,294.95",2026-03-07
2765,LON_1945,"35,675.21",2022-03-15
2766,LON_1945,"35,675.21",2022-04-15
2767,LON_1945,"35,675.21",2022-05-16
2768,LON_1945,"35,380.19",2022-06-16
2769,LON_1946,"54,831.92",2026-01-10
2770,LON_1946,"56,148.85",2026-02-08
2771,LON_1947,"6,684.35",2024-01-07
2772,LON_1947,"6,545.76",2024-02-05
2773,LON_1947,"6,545.76",2024-03-08
2774,LON_1947,"6,545.76",2024-04-07
2775,LON_1947,"6,545.76",2024-05-06
2776,LON_195,"23,042.29",2019-05-29
2777,LON_195,"23,564.08",2019-06-30
2778,LON_1951,"19,007.02",2023-09-28
2779,LON_1951,"19,007.02",2023-10-30
2780,LON_1951,"19,007.02",2023-11-30
2781,LON_1951,"19,007.02",2023-12-29
2782,LON_1951,"19,007.02",2024-01-30
2783,LON_1952,"30,539.04",2025-12-02
2784,LON_1952,"31,209.47",2026-01-03
2785,LON_1952,"30,687.41",2026-02-02
2786,LON_1952,"31,209.47",2026-03-06
2787,LON_1953,"42,833.02",2022-05-13
2788,LON_1953,"44,055.20",2022-06-09
2789,LON_1955,"44,433.59",2024-09-29
2790,LON_1955,"44,433.59",2024-10-28
2791,LON_1955,"44,433.59",2024-11-29
2792,LON_1955,"44,433.59",2024-12-31
2793,LON_1955,"44,670.87",2025-01-29
2794,LON_1956,"22,012.65",2020-10-20
2795,LON_1956,"22,012.65",2020-11-15
2796,LON_1956,"21,605.16",2020-12-13
2797,LON_1956,"22,012.65",2021-01-10
2798,LON_1957,"44,681.80",2021-08-13
2799,LON_1957,"44,965.65",2021-09-10
2800,LON_1958,"43,914.30",2020-06-01
2801,LON_1958,"43,969.93",2020-06-30
2802,LON_1959,"3,833.10",2023-12-30
2803,LON_1959,"3,833.10",2024-01-31
2804,LON_196,"11,165.71",2019-04-13
2805,LON_196,"11,165.71",2019-05-10
2806,LON_196,"11,165.71",2019-06-09
2807,LON_1961,"38,718.04",2020-05-12
2808,LON_1961,"37,590.42",2020-06-12
2809,LON_1961,"38,414.10",2020-07-11
2810,LON_1961,"38,718.04",2020-08-11
2811,LON_1962,"29,712.74",2023-01-06
2812,LON_1962,"29,712.74",2023-02-01
2813,LON_1962,"29,712.74",2023-03-02
2814,LON_1962,"29,712.74",2023-03-31
2815,LON_1964,"16,300.51",2020-06-23
2816,LON_1964,"16,433.32",2020-07-21
2817,LON_1964,"16,433.32",2020-08-20
2818,LON_1964,"16,433.32",2020-09-21
2819,LON_1964,"16,433.32",2020-10-21
2820,LON_1964,"16,433.32",2020-11-19
2821,LON_1965,"43,557.12",2020-08-19
2822,LON_1966,"12,426.23",2023-11-03
2823,LON_1966,"12,426.23",2023-12-05
2824,LON_1966,"12,426.23",2024-01-06
2825,LON_1967,"36,959.59",2021-02-21
2826,LON_1967,"37,805.95",2021-03-25
2827,LON_1968,"13,264.45",2024-05-18
2828,LON_1969,"63,471.77",2020-12-20
2829,LON_197,"10,116.21",2019-10-27
2830,LON_197,"10,116.21",2019-11-25
2831,LON_1970,"38,098.64",2023-10-21
2832,LON_1970,"38,098.64",2023-11-21
2833,LON_1970,"38,098.64",2023-12-21
2834,LON_1971,"24,652.19",2020-06-16
2835,LON_1972,"56,358.88",2019-08-02
2836,LON_1972,"56,358.88",2019-08-31
2837,LON_1972,"56,358.88",2019-09-30
2838,LON_1972,"56,358.88",2019-10-31
2839,LON_1974,"82,491.42",2020-07-27
2840,LON_1974,"82,491.42",2020-08-26
2841,LON_1976,"39,593.58",2023-05-02
2842,LON_1976,"39,593.58",2023-06-01
2843,LON_1976,"39,593.58",2023-07-03
2844,LON_1977,"27,679.36",2020-03-16
2845,LON_1978,"22,190.50",2024-12-08
2846,LON_1978,"22,550.51",2025-01-05
2847,LON_1979,"45,021.39",2021-02-04
2848,LON_198,"78,634.14",2024-09-30
2849,LON_198,"78,634.14",2024-10-28
2850,LON_198,"78,634.14",2024-11-24
2851,LON_1981,"12,438.60",2022-12-09
2852,LON_1982,"6,282.02",2020-12-14
2853,LON_1982,"6,282.02",2021-01-12
2854,LON_1984,"21,870.16",2019-06-02
2855,LON_1984,"21,923.09",2019-07-04
2856,LON_1984,"21,870.16",2019-08-02
2857,LON_1984,"21,870.16",2019-09-01
2858,LON_1984,"21,870.16",2019-10-02
2859,LON_1984,"21,870.16",2019-11-01
2860,LON_1985,"61,000.57",2019-05-29
2861,LON_1985,"59,583.73",2019-06-28
2862,LON_1985,"61,000.57",2019-07-29
2863,LON_1985,"61,000.57",2019-08-31
2864,LON_1985,"61,000.57",2019-09-30
2865,LON_1986,"13,043.33",2024-01-19
2866,LON_1986,"13,043.33",2024-02-14
2867,LON_1986,"13,043.33",2024-03-15
2868,LON_1986,"13,043.33",2024-04-10
2869,LON_1987,"59,092.35",2020-05-28
2870,LON_1987,"59,092.35",2020-06-24
2871,LON_1987,"59,092.35",2020-07-23
2872,LON_1987,"59,092.35",2020-08-21
2873,LON_1988,"45,534.09",2022-03-06
2874,LON_1988,"45,534.09",2022-04-04
2875,LON_1988,"45,534.09",2022-05-02
2876,LON_1988,"45,534.09",2022-05-28
2877,LON_1989,"34,551.81",2019-11-22
2878,LON_1989,"34,551.81",2019-12-24
2879,LON_1989,"35,421.46",2020-01-21
2880,LON_1991,"81,444.19",2020-03-31
2881,LON_1991,"81,444.19",2020-05-31
2882,LON_1991,"82,557.54",2020-07-31
2883,LON_1991,"81,444.19",2020-09-28
2884,LON_1991,"81,444.19",2020-11-26
2885,LON_1991,"81,444.19",2021-01-26
2886,LON_1991,"81,444.19",2021-03-26
2887,LON_1992,"9,334.95",2026-02-16
2888,LON_1992,"9,334.95",2026-03-19
2889,LON_1992,"9,334.95",2026-04-18
2890,LON_1992,"9,334.95",2026-05-20
2891,LON_1994,"28,517.53",2024-09-01
2892,LON_1994,"28,517.53",2024-09-28
2893,LON_1994,"28,517.53",2024-10-27
2894,LON_1994,"28,517.53",2024-11-24
2895,LON_1994,"28,512.18",2024-12-21
2896,LON_1997,"39,981.85",2021-09-16
2897,LON_1997,"39,981.85",2021-10-15
2898,LON_1997,"39,981.85",2021-11-14
2899,LON_1999,"48,620.92",2023-02-13
2900,LON_1999,"48,620.92",2023-04-12
2901,LON_201,"19,950.47",2019-12-25
2902,LON_201,"19,950.47",2020-01-23
2903,LON_201,"19,669.44",2020-02-23
2904,LON_202,"19,603.59",2025-08-11
2905,LON_202,"19,603.59",2025-09-10
2906,LON_202,"19,603.59",2025-10-13
2907,LON_203,"26,281.94",2024-03-05
2908,LON_203,"26,281.94",2024-04-03
2909,LON_204,"19,523.53",2025-04-23
2910,LON_204,"19,523.53",2025-05-24
2911,LON_204,"19,523.53",2025-06-23
2912,LON_204,"19,523.53",2025-07-22
2913,LON_205,"26,978.38",2024-02-24
2914,LON_205,"26,978.38",2024-03-24
2915,LON_205,"26,978.38",2024-04-22
2916,LON_205,"26,978.38",2024-05-20
2917,LON_205,"26,978.38",2024-06-17
2918,LON_206,"32,918.50",2021-12-05
2919,LON_206,"32,877.87",2022-01-04
2920,LON_206,"32,918.40",2022-02-04
2921,LON_206,"32,877.87",2022-03-04
2922,LON_206,"32,877.87",2022-04-04
2923,LON_206,"32,877.87",2022-05-04
2924,LON_207,"30,916.97",2020-01-18
2925,LON_207,"30,486.51",2020-02-14
2926,LON_207,"30,916.97",2020-03-15
2927,LON_207,"30,916.97",2020-04-12
2928,LON_207,"30,916.97",2020-05-10
2929,LON_208,"10,435.46",2025-04-26
2930,LON_208,"10,435.46",2025-05-26
2931,LON_208,"10,435.46",2025-06-26
2932,LON_208,"10,435.46",2025-07-26
2933,LON_208,"10,435.46",2025-08-26
2934,LON_209,"38,782.57",2023-09-02
2935,LON_209,"37,833.11",2023-09-30
2936,LON_209,"38,782.57",2023-10-28
2937,LON_209,"38,782.57",2023-11-23
2938,LON_209,"38,782.57",2023-12-21
2939,LON_211,"19,093.83",2020-11-03
2940,LON_211,"19,093.83",2020-12-01
2941,LON_211,"19,093.83",2020-12-29
2942,LON_213,"22,690.82",2026-01-12
2943,LON_213,"22,690.82",2026-02-12
2944,LON_213,"22,690.82",2026-03-15
2945,LON_213,"22,690.82",2026-04-15
2946,LON_214,"58,315.16",2019-06-01
2947,LON_214,"57,414.50",2019-07-03
2948,LON_214,"58,315.16",2019-08-03
2949,LON_215,"38,326.43",2019-02-16
2950,LON_215,"38,762.81",2019-03-16
2951,LON_215,"38,326.43",2019-04-14
2952,LON_215,"38,326.43",2019-05-11
2953,LON_216,"6,209.99",2026-03-20
2954,LON_217,"59,571.69",2022-12-01
2955,LON_217,"60,677.07",2023-01-01
2956,LON_217,"59,571.69",2023-02-02
2957,LON_217,"59,571.69",2023-03-04
2958,LON_219,"12,526.86",2020-01-04
2959,LON_219,"12,526.86",2020-01-31
2960,LON_219,"12,526.86",2020-03-01
2961,LON_220,"26,984.64",2022-03-09
2962,LON_220,"26,984.64",2022-04-08
2963,LON_220,"26,984.64",2022-05-09
2964,LON_220,"26,984.64",2022-06-08
2965,LON_220,"26,984.64",2022-07-08
2966,LON_220,"26,984.64",2022-08-07
2967,LON_221,"21,429.79",2025-09-17
2968,LON_221,"21,429.79",2025-10-16
2969,LON_221,"21,637.71",2025-11-15
2970,LON_222,"29,626.01",2025-10-26
2971,LON_222,"29,626.01",2025-11-23
2972,LON_222,"29,571.89",2025-12-19
2973,LON_222,"29,626.01",2026-01-16
2974,LON_222,"29,626.01",2026-02-14
2975,LON_223,"7,843.64",2021-11-29
2976,LON_223,"7,938.48",2021-12-27
2977,LON_224,"6,447.21",2020-07-27
2978,LON_224,"6,447.21",2020-08-23
2979,LON_224,"6,447.21",2020-09-21
2980,LON_224,"6,447.21",2020-10-20
2981,LON_224,"6,447.21",2020-11-15
2982,LON_224,"6,447.21",2020-12-13
2983,LON_225,"71,637.11",2023-02-02
2984,LON_225,"71,759.28",2023-03-06
2985,LON_225,"71,637.11",2023-04-07
2986,LON_226,"40,797.56",2019-12-09
2987,LON_226,"40,797.56",2020-01-06
2988,LON_226,"40,797.56",2020-02-04
2989,LON_226,"40,797.56",2020-03-04
2990,LON_226,"40,797.56",2020-03-31
2991,LON_228,"2,424.19",2026-01-12
2992,LON_228,"2,424.19",2026-02-10
2993,LON_228,"2,424.19",2026-03-14
2994,LON_228,"2,424.19",2026-04-12
2995,LON_228,"2,392.64",2026-05-12
2996,LON_228,"2,388.28",2026-06-10
2997,LON_229,"49,996.88",2020-04-18
2998,LON_229,"49,996.88",2020-05-18
2999,LON_229,"50,154.49",2020-06-18
3000,LON_229,"49,996.88",2020-07-20
3001,LON_229,"49,996.88",2020-08-19
3002,LON_230,"23,020.52",2022-08-04
3003,LON_230,"23,244.20",2022-09-01
3004,LON_230,"23,020.52",2022-09-30
3005,LON_232,"15,487.21",2020-09-12
3006,LON_232,"15,487.21",2020-10-12
3007,LON_232,"15,487.21",2020-11-13
3008,LON_232,"15,487.21",2020-12-11
3009,LON_233,"10,191.22",2019-11-25
3010,LON_233,"10,090.16",2019-12-25
3011,LON_233,"10,090.16",2020-01-24
3012,LON_233,"10,090.16",2020-02-25
3013,LON_233,"10,090.16",2020-03-24
3014,LON_234,"28,250.76",2025-07-24
3015,LON_234,"28,250.76",2025-08-23
3016,LON_234,"28,250.76",2025-09-20
3017,LON_234,"28,250.76",2025-10-20
3018,LON_235,"1,09,051.68",2026-02-03
3019,LON_235,"1,07,812.57",2026-03-06
3020,LON_235,"1,07,812.57",2026-04-05
3021,LON_235,"1,07,812.57",2026-05-05
3022,LON_235,"1,04,620.73",2026-06-03
3023,LON_236,"48,597.03",2024-05-20
3024,LON_236,"48,597.03",2024-06-20
3025,LON_238,"16,040.19",2022-04-17
3026,LON_238,"16,040.19",2022-05-17
3027,LON_239,"97,105.93",2024-10-08
3028,LON_239,"96,631.11",2024-11-07
3029,LON_239,"96,631.11",2024-12-06
3030,LON_239,"96,631.11",2025-01-06
3031,LON_239,"96,631.11",2025-02-05
3032,LON_240,"68,121.95",2019-07-06
3033,LON_241,"48,827.90",2024-09-09
3034,LON_241,"48,220.16",2024-10-10
3035,LON_241,"48,827.90",2024-11-11
3036,LON_241,"48,827.90",2024-12-10
3037,LON_242,"11,720.98",2020-01-01
3038,LON_242,"11,541.97",2020-02-01
3039,LON_242,"11,720.98",2020-03-03
3040,LON_242,"11,720.98",2020-04-03
3041,LON_242,"11,720.98",2020-05-02
3042,LON_242,"11,720.98",2020-06-03
3043,LON_242,"11,720.98",2020-07-03
3044,LON_243,"16,066.92",2024-01-02
3045,LON_243,"16,066.92",2024-02-01
3046,LON_243,"16,066.92",2024-03-03
3047,LON_243,"16,066.92",2024-04-04
3048,LON_245,"24,574.20",2022-10-30
3049,LON_245,"24,398.04",2022-11-27
3050,LON_246,"8,859.26",2025-11-11
3051,LON_246,"8,859.26",2025-12-11
3052,LON_246,"8,715.35",2026-01-12
3053,LON_246,"8,859.26",2026-02-11
3054,LON_246,"8,859.26",2026-03-13
3055,LON_248,"40,976.01",2023-05-04
3056,LON_248,"41,476.50",2023-06-03
3057,LON_248,"41,476.50",2023-07-05
3058,LON_251,"19,455.57",2020-08-27
3059,LON_251,"19,455.57",2020-09-25
3060,LON_252,"8,256.87",2025-03-01
3061,LON_252,"8,256.87",2025-03-31
3062,LON_252,"8,256.87",2025-05-01
3063,LON_253,"25,892.24",2025-10-14
3064,LON_254,"9,256.66",2020-12-01
3065,LON_254,"9,256.66",2020-12-30
3066,LON_255,"15,374.88",2024-01-22
3067,LON_255,"15,374.88",2024-02-23
3068,LON_255,"15,374.88",2024-03-24
3069,LON_255,"15,374.88",2024-04-23
3070,LON_257,"10,518.20",2024-01-14
3071,LON_257,"10,518.20",2024-02-15
3072,LON_257,"10,518.20",2024-03-16
3073,LON_258,"21,604.60",2020-11-16
3074,LON_258,"21,328.79",2020-12-18
3075,LON_258,"21,328.79",2021-01-16
3076,LON_259,"31,957.31",2024-06-14
3077,LON_259,"31,684.02",2024-07-15
3078,LON_259,"31,957.31",2024-08-14
3079,LON_259,"31,957.31",2024-09-12
3080,LON_259,"31,957.31",2024-10-11
3081,LON_260,"1,05,802.69",2020-07-01
3082,LON_260,"1,05,802.69",2020-08-02
3083,LON_260,"1,05,802.69",2020-08-30
3084,LON_260,"1,05,802.69",2020-09-29
3085,LON_262,"71,114.96",2023-01-14
3086,LON_262,"71,114.96",2023-02-10
3087,LON_262,"71,114.96",2023-03-12
3088,LON_262,"71,114.96",2023-04-09
3089,LON_262,"71,114.96",2023-05-06
3090,LON_263,"6,455.25",2019-12-18
3091,LON_263,"6,455.25",2020-01-18
3092,LON_263,"6,317.31",2020-02-16
3093,LON_264,"17,643.66",2022-10-31
3094,LON_264,"17,643.66",2022-12-02
3095,LON_264,"17,643.66",2022-12-31
3096,LON_264,"17,643.66",2023-02-01
3097,LON_265,"3,894.23",2020-09-04
3098,LON_265,"3,894.23",2020-10-04
3099,LON_265,"3,894.23",2020-11-04
3100,LON_265,"3,894.23",2020-12-04
3101,LON_266,"31,970.06",2021-07-10
3102,LON_266,"31,488.64",2021-08-08
3103,LON_266,"31,488.64",2021-09-04
3104,LON_267,"62,304.52",2022-04-30
3105,LON_267,"62,852.51",2022-06-02
3106,LON_268,"5,194.57",2026-01-24
3107,LON_268,"5,194.57",2026-02-19
3108,LON_268,"5,194.57",2026-03-19
3109,LON_269,"4,300.90",2019-04-08
3110,LON_269,"4,300.90",2019-05-08
3111,LON_270,"11,785.19",2026-01-06
3112,LON_270,"11,785.19",2026-02-07
3113,LON_270,"11,515.73",2026-03-09
3114,LON_270,"11,785.19",2026-04-11
3115,LON_271,"41,158.78",2024-12-17
3116,LON_271,"41,158.78",2025-01-17
3117,LON_271,"41,158.78",2025-02-16
3118,LON_271,"41,158.78",2025-03-19
3119,LON_271,"41,158.78",2025-04-18
3120,LON_272,"1,10,187.33",2024-10-23
3121,LON_272,"1,09,916.32",2024-11-20
3122,LON_272,"1,10,187.33",2024-12-20
3123,LON_272,"1,10,187.33",2025-01-17
3124,LON_273,"16,214.68",2023-04-13
3125,LON_273,"16,214.68",2023-05-12
3126,LON_273,"16,214.68",2023-06-09
3127,LON_274,"5,559.25",2026-02-04
3128,LON_274,"5,559.25",2026-03-07
3129,LON_275,"59,583.99",2023-01-27
3130,LON_275,"59,583.99",2023-02-26
3131,LON_276,"36,170.98",2024-04-02
3132,LON_276,"36,170.98",2024-05-02
3133,LON_276,"36,170.98",2024-06-02
3134,LON_277,"24,998.47",2024-03-10
3135,LON_277,"24,998.47",2024-04-10
3136,LON_277,"24,998.47",2024-05-11
3137,LON_281,"32,676.93",2023-12-26
3138,LON_281,"32,676.93",2024-01-21
3139,LON_281,"32,676.93",2024-02-18
3140,LON_281,"31,696.84",2024-03-17
3141,LON_282,"46,004.72",2024-12-06
3142,LON_282,"46,004.72",2025-01-05
3143,LON_282,"46,004.72",2025-02-04
3144,LON_283,"8,707.01",2021-02-10
3145,LON_283,"8,707.01",2021-03-12
3146,LON_284,"11,600.60",2022-07-15
3147,LON_285,"41,711.29",2024-02-20
3148,LON_285,"40,866.73",2024-03-22
3149,LON_285,"40,866.73",2024-04-20
3150,LON_285,"40,866.73",2024-05-20
3151,LON_285,"40,866.73",2024-06-18
3152,LON_287,"18,271.73",2020-11-07
3153,LON_287,"18,271.73",2020-12-04
3154,LON_287,"18,271.73",2021-01-01
3155,LON_288,"36,557.77",2020-06-25
3156,LON_289,"32,686.16",2025-06-11
3157,LON_289,"32,351.73",2025-07-11
3158,LON_289,"32,351.73",2025-08-11
3159,LON_289,"32,062.18",2025-09-12
3160,LON_290,"14,593.80",2024-02-01
3161,LON_290,"14,593.80",2024-03-02
3162,LON_290,"14,593.80",2024-04-03
3163,LON_290,"14,593.80",2024-05-01
3164,LON_291,"10,103.78",2022-03-17
3165,LON_291,"10,114.63",2022-04-13
3166,LON_292,"3,019.80",2025-05-23
3167,LON_292,"3,046.91",2025-06-22
3168,LON_292,"3,019.80",2025-07-23
3169,LON_292,"3,019.80",2025-08-24
3170,LON_292,"3,019.80",2025-09-25
3171,LON_292,"3,019.80",2025-10-25
3172,LON_293,"82,131.94",2025-12-21
3173,LON_293,"82,131.94",2026-01-17
3174,LON_293,"82,131.94",2026-02-13
3175,LON_293,"82,131.94",2026-03-14
3176,LON_294,"11,913.24",2019-12-12
3177,LON_294,"11,913.24",2020-01-12
3178,LON_294,"11,913.24",2020-02-11
3179,LON_294,"11,913.24",2020-03-11
3180,LON_294,"11,913.24",2020-04-12
3181,LON_294,"11,913.24",2020-05-10
3182,LON_294,"11,913.24",2020-06-09
3183,LON_294,"11,913.24",2020-07-10
3184,LON_295,"34,781.08",2022-08-24
3185,LON_295,"34,781.08",2022-09-23
3186,LON_298,"49,440.76",2024-05-01
3187,LON_298,"49,440.76",2024-06-01
3188,LON_298,"49,440.76",2024-06-30
3189,LON_298,"49,440.76",2024-08-01
3190,LON_298,"49,440.76",2024-09-02
3191,LON_298,"49,205.00",2024-10-03
3192,LON_299,"38,265.51",2024-06-27
3193,LON_299,"38,265.51",2024-07-28
3194,LON_299,"38,265.51",2024-08-27
3195,LON_299,"38,265.51",2024-09-24
3196,LON_300,"41,483.78",2022-09-01
3197,LON_300,"41,483.78",2022-09-30
3198,LON_300,"41,483.78",2022-10-31
3199,LON_301,"19,434.58",2025-04-10
3200,LON_301,"19,434.58",2025-05-10
3201,LON_303,"14,404.39",2021-08-24
3202,LON_303,"14,404.39",2021-09-25
3203,LON_303,"14,830.72",2021-10-26
3204,LON_304,"45,623.21",2026-03-16
3205,LON_304,"45,623.21",2026-04-17
3206,LON_304,"45,623.21",2026-05-16
3207,LON_305,"6,168.75",2024-09-16
3208,LON_305,"6,168.75",2024-10-14
3209,LON_306,"68,841.32",2025-11-13
3210,LON_306,"68,841.32",2025-12-14
3211,LON_308,"46,439.37",2025-07-16
3212,LON_308,"46,439.37",2025-09-14
3213,LON_308,"46,439.37",2025-11-14
3214,LON_308,"46,439.37",2026-01-13
3215,LON_308,"46,439.37",2026-03-14
3216,LON_309,"46,275.16",2022-04-17
3217,LON_309,"46,275.16",2022-05-15
3218,LON_310,"18,213.00",2024-02-23
3219,LON_310,"18,213.00",2024-03-24
3220,LON_311,"6,679.21",2021-05-05
3221,LON_311,"6,679.21",2021-06-03
3222,LON_311,"6,679.21",2021-07-06
3223,LON_312,"16,186.93",2022-12-24
3224,LON_312,"16,186.93",2023-01-21
3225,LON_312,"16,186.93",2023-02-19
3226,LON_313,"34,828.26",2021-10-24
3227,LON_313,"34,828.26",2021-11-21
3228,LON_314,"9,729.64",2022-05-07
3229,LON_314,"10,010.47",2022-06-02
3230,LON_314,"9,729.64",2022-07-02
3231,LON_314,"9,729.64",2022-07-28
3232,LON_314,"9,729.64",2022-08-27
3233,LON_314,"9,729.64",2022-09-23
3234,LON_316,"44,237.59",2024-11-06
3235,LON_316,"44,237.59",2024-12-06
3236,LON_316,"44,237.59",2025-01-05
3237,LON_316,"44,237.59",2025-02-05
3238,LON_316,"44,070.84",2025-03-05
3239,LON_316,"44,237.59",2025-04-06
3240,LON_317,"30,734.27",2023-06-16
3241,LON_317,"30,734.27",2023-07-15
3242,LON_317,"30,734.27",2023-08-16
3243,LON_318,"41,260.49",2019-08-12
3244,LON_318,"40,755.20",2019-09-10
3245,LON_318,"39,612.45",2019-10-07
3246,LON_318,"40,755.20",2019-11-05
3247,LON_318,"40,755.20",2019-12-02
3248,LON_319,"22,276.79",2022-04-05
3249,LON_322,"3,889.15",2022-03-26
3250,LON_322,"3,889.15",2022-04-27
3251,LON_322,"3,889.15",2022-05-28
3252,LON_322,"3,889.15",2022-06-28
3253,LON_323,"70,305.63",2022-11-27
3254,LON_323,"69,557.57",2022-12-27
3255,LON_323,"70,305.63",2023-01-28
3256,LON_323,"70,305.63",2023-02-27
3257,LON_325,"2,956.26",2024-11-18
3258,LON_325,"2,956.26",2024-12-18
3259,LON_325,"3,036.41",2025-01-19
3260,LON_325,"2,944.08",2025-02-16
3261,LON_325,"2,956.26",2025-03-18
3262,LON_325,"2,956.26",2025-04-18
3263,LON_325,"2,956.26",2025-05-18
3264,LON_326,"15,150.54",2025-12-10
3265,LON_326,"15,150.54",2026-01-10
3266,LON_326,"15,150.54",2026-02-11
3267,LON_328,"37,738.96",2022-06-05
3268,LON_328,"37,738.96",2022-07-05
3269,LON_328,"37,738.96",2022-08-05
3270,LON_329,"5,111.97",2023-10-06
3271,LON_329,"5,111.97",2023-11-01
3272,LON_329,"5,065.77",2023-11-29
3273,LON_330,"37,589.23",2025-10-17
3274,LON_330,"37,589.23",2025-11-16
3275,LON_330,"37,589.23",2025-12-16
3276,LON_331,"30,282.70",2025-07-12
3277,LON_331,"30,282.70",2025-08-11
3278,LON_331,"30,282.70",2025-09-07
3279,LON_331,"30,063.09",2025-10-04
3280,LON_332,"11,448.84",2025-12-28
3281,LON_332,"11,448.84",2026-01-28
3282,LON_332,"11,448.84",2026-02-26
3283,LON_332,"11,448.84",2026-03-30
3284,LON_333,"43,012.19",2020-04-16
3285,LON_333,"42,173.05",2020-05-13
3286,LON_333,"43,012.19",2020-06-11
3287,LON_334,"35,765.88",2021-05-15
3288,LON_334,"36,289.79",2021-06-14
3289,LON_334,"36,289.79",2021-07-13
3290,LON_334,"36,289.79",2021-08-13
3291,LON_334,"36,289.79",2021-09-13
3292,LON_336,"14,817.45",2024-12-25
3293,LON_336,"14,817.45",2025-01-27
3294,LON_336,"14,817.45",2025-02-27
3295,LON_337,"29,977.64",2025-03-13
3296,LON_337,"29,977.64",2025-04-15
3297,LON_337,"29,977.64",2025-05-15
3298,LON_337,"29,977.64",2025-06-16
3299,LON_338,"88,762.52",2022-01-09
3300,LON_338,"88,762.52",2022-02-07
3301,LON_338,"88,762.52",2022-03-08
3302,LON_339,"38,732.59",2022-06-13
3303,LON_339,"38,732.59",2022-07-15
3304,LON_339,"38,732.59",2022-08-12
3305,LON_339,"38,732.59",2022-09-13
3306,LON_339,"38,732.59",2022-10-12
3307,LON_339,"38,732.59",2022-11-10
3308,LON_339,"38,119.32",2022-12-12
3309,LON_339,"38,732.59",2023-01-09
3310,LON_340,"15,518.62",2022-12-26
3311,LON_340,"15,518.62",2023-01-27
3312,LON_340,"15,518.62",2023-02-27
3313,LON_340,"15,518.62",2023-03-30
3314,LON_341,"91,367.78",2025-03-18
3315,LON_341,"91,367.78",2025-04-15
3316,LON_341,"90,879.65",2025-05-12
3317,LON_341,"91,367.78",2025-06-09
3318,LON_341,"92,176.61",2025-07-07
3319,LON_342,"44,010.04",2022-05-08
3320,LON_342,"44,010.04",2022-06-04
3321,LON_345,"21,576.72",2025-01-12
3322,LON_345,"21,425.72",2025-02-12
3323,LON_345,"21,425.72",2025-03-15
3324,LON_345,"21,774.93",2025-04-15
3325,LON_345,"21,425.72",2025-05-15
3326,LON_346,"16,068.48",2024-05-05
3327,LON_346,"16,068.48",2024-06-07
3328,LON_348,"50,958.20",2021-05-10
3329,LON_348,"50,958.20",2021-07-08
3330,LON_348,"50,958.20",2021-09-08
3331,LON_349,"30,516.12",2025-07-10
3332,LON_349,"30,397.26",2025-08-11
3333,LON_349,"30,397.26",2025-09-10
3334,LON_350,"37,494.28",2021-01-29
3335,LON_350,"37,494.28",2021-02-24
3336,LON_350,"37,494.28",2021-03-25
3337,LON_350,"37,494.28",2021-04-22
3338,LON_350,"37,494.28",2021-05-19
3339,LON_355,"7,732.14",2024-03-12
3340,LON_355,"7,732.14",2024-04-13
3341,LON_356,"13,020.90",2025-06-13
3342,LON_357,"36,680.24",2023-11-05
3343,LON_357,"36,680.24",2023-12-08
3344,LON_357,"36,680.24",2024-01-06
3345,LON_358,"5,054.77",2020-08-31
3346,LON_358,"5,183.97",2020-09-26
3347,LON_359,"38,511.31",2024-02-16
3348,LON_359,"38,511.31",2024-03-17
3349,LON_362,"10,181.27",2026-01-07
3350,LON_362,"10,181.27",2026-02-07
3351,LON_362,"10,456.11",2026-03-10
3352,LON_363,"46,438.52",2025-11-29
3353,LON_364,"38,032.96",2021-07-05
3354,LON_364,"38,032.96",2021-08-03
3355,LON_364,"38,032.96",2021-09-02
3356,LON_364,"36,931.83",2021-10-01
3357,LON_365,"42,475.00",2024-02-08
3358,LON_365,"42,475.00",2024-04-10
3359,LON_366,"33,519.02",2025-03-24
3360,LON_366,"33,974.87",2025-04-22
3361,LON_366,"33,974.87",2025-05-24
3362,LON_366,"33,974.87",2025-06-23
3363,LON_367,"26,443.17",2024-12-17
3364,LON_367,"26,443.17",2025-01-16
3365,LON_367,"26,443.17",2025-02-16
3366,LON_367,"26,443.17",2025-03-19
3367,LON_369,"3,843.29",2025-06-05
3368,LON_369,"3,843.29",2025-07-05
3369,LON_370,"28,082.10",2023-07-14
3370,LON_370,"28,082.10",2023-08-09
3371,LON_371,"1,553.50",2023-11-01
3372,LON_371,"1,512.31",2023-11-29
3373,LON_373,"9,920.88",2023-10-13
3374,LON_373,"9,920.88",2023-11-10
3375,LON_373,"9,920.88",2023-12-10
3376,LON_373,"9,920.88",2024-01-09
3377,LON_374,"41,708.18",2019-12-29
3378,LON_374,"41,284.62",2020-01-27
3379,LON_374,"41,708.18",2020-02-22
3380,LON_375,"34,600.23",2025-02-23
3381,LON_375,"34,600.23",2025-03-25
3382,LON_375,"34,600.23",2025-04-22
3383,LON_376,"6,704.80",2019-05-05
3384,LON_376,"6,704.80",2019-06-06
3385,LON_376,"6,704.80",2019-07-08
3386,LON_376,"6,704.80",2019-08-06
3387,LON_376,"6,704.80",2019-09-06
3388,LON_376,"6,704.80",2019-10-08
3389,LON_377,"30,477.49",2021-08-27
3390,LON_377,"30,477.49",2021-09-26
3391,LON_380,"4,807.05",2019-08-08
3392,LON_380,"4,807.05",2019-09-08
3393,LON_380,"4,807.05",2019-10-07
3394,LON_381,"6,872.27",2019-09-19
3395,LON_381,"6,872.27",2019-11-18
3396,LON_381,"6,872.27",2020-01-16
3397,LON_383,"36,185.28",2022-06-11
3398,LON_383,"36,185.28",2022-07-09
3399,LON_383,"36,185.28",2022-08-05
3400,LON_384,"93,172.59",2025-04-15
3401,LON_384,"93,172.59",2025-05-16
3402,LON_388,"54,445.53",2023-10-16
3403,LON_388,"53,436.04",2023-11-15
3404,LON_388,"53,436.04",2023-12-14
3405,LON_389,"7,731.75",2019-12-09
3406,LON_389,"7,731.75",2020-01-04
3407,LON_389,"7,731.75",2020-02-01
3408,LON_390,"16,111.30",2019-09-04
3409,LON_390,"16,111.30",2019-10-04
3410,LON_390,"16,111.30",2019-11-03
3411,LON_390,"16,111.30",2019-12-02
3412,LON_392,"26,597.97",2019-03-27
3413,LON_392,"26,597.97",2019-04-23
3414,LON_395,"25,579.77",2022-07-18
3415,LON_395,"25,579.77",2022-08-19
3416,LON_395,"25,579.77",2022-09-19
3417,LON_396,"21,856.76",2024-05-05
3418,LON_396,"21,856.76",2024-06-06
3419,LON_396,"21,856.76",2024-07-07
3420,LON_397,"16,593.44",2021-08-09
3421,LON_397,"16,593.44",2021-09-07
3422,LON_397,"16,593.44",2021-10-04
3423,LON_397,"16,593.44",2021-11-01
3424,LON_397,"16,593.44",2021-11-30
3425,LON_398,"25,183.67",2023-09-25
3426,LON_398,"25,183.67",2023-10-28
3427,LON_398,"25,183.67",2023-11-28
3428,LON_399,"9,642.69",2021-11-10
3429,LON_399,"9,537.23",2021-12-09
3430,LON_399,"9,764.10",2022-01-10
3431,LON_399,"9,764.10",2022-02-09
3432,LON_399,"9,764.10",2022-03-11
3433,LON_400,"60,075.30",2024-08-05
3434,LON_400,"60,075.30",2024-09-05
3435,LON_400,"60,075.30",2024-10-06
3436,LON_400,"60,075.30",2024-11-06
3437,LON_401,"10,635.99",2025-04-02
3438,LON_401,"10,635.99",2025-05-01
3439,LON_401,"10,635.99",2025-05-28
3440,LON_401,"10,635.99",2025-06-25
3441,LON_401,"10,375.36",2025-07-24
3442,LON_402,"16,207.55",2019-10-13
3443,LON_402,"16,207.55",2019-11-11
3444,LON_402,"16,207.55",2019-12-08
3445,LON_402,"16,207.55",2020-01-06
3446,LON_402,"16,478.98",2020-02-03
3447,LON_402,"16,207.55",2020-03-02
3448,LON_402,"15,953.63",2020-03-30
3449,LON_402,"16,094.89",2020-04-27
3450,LON_403,"35,184.70",2019-08-05
3451,LON_403,"35,184.70",2019-09-02
3452,LON_404,"6,793.42",2020-10-19
3453,LON_404,"6,793.42",2020-11-16
3454,LON_405,"32,452.24",2025-12-19
3455,LON_405,"31,779.67",2026-01-19
3456,LON_405,"31,779.67",2026-02-19
3457,LON_405,"32,451.27",2026-03-20
3458,LON_406,"27,330.12",2019-03-18
3459,LON_406,"27,330.12",2019-05-17
3460,LON_407,"69,441.77",2024-09-18
3461,LON_407,"69,441.77",2024-10-19
3462,LON_407,"69,441.77",2024-11-19
3463,LON_407,"69,441.77",2024-12-19
3464,LON_410,"13,742.44",2021-08-09
3465,LON_410,"13,742.44",2021-09-08
3466,LON_412,"40,254.16",2019-02-23
3467,LON_412,"40,254.16",2019-03-25
3468,LON_412,"40,254.16",2019-04-24
3469,LON_413,"28,696.10",2025-06-20
3470,LON_413,"28,696.10",2025-07-19
3471,LON_413,"28,696.10",2025-08-21
3472,LON_416,"10,226.53",2021-05-17
3473,LON_416,"10,226.53",2021-06-16
3474,LON_418,"11,444.09",2025-03-07
3475,LON_418,"11,444.09",2025-04-05
3476,LON_418,"11,444.09",2025-05-02
3477,LON_418,"11,444.09",2025-06-01
3478,LON_418,"11,444.09",2025-06-27
3479,LON_418,"11,444.09",2025-07-26
3480,LON_420,"53,008.17",2019-11-28
3481,LON_420,"53,008.17",2019-12-27
3482,LON_420,"52,412.69",2020-01-29
3483,LON_420,"53,008.17",2020-02-27
3484,LON_420,"53,008.17",2020-03-29
3485,LON_420,"53,008.17",2020-04-30
3486,LON_420,"53,008.17",2020-05-31
3487,LON_420,"53,008.17",2020-07-02
3488,LON_420,"53,008.17",2020-08-01
3489,LON_420,"51,771.12",2020-09-01
3490,LON_421,"47,827.53",2022-09-24
3491,LON_421,"47,827.53",2022-10-26
3492,LON_421,"47,827.53",2022-11-24
3493,LON_421,"47,827.53",2022-12-23
3494,LON_422,"23,261.07",2023-01-22
3495,LON_422,"23,261.07",2023-02-23
3496,LON_423,"24,168.19",2020-01-21
3497,LON_423,"24,168.19",2020-02-18
3498,LON_423,"24,168.19",2020-03-20
3499,LON_423,"24,168.19",2020-04-19
3500,LON_423,"24,168.19",2020-05-18
3501,LON_424,"27,156.81",2023-05-04
3502,LON_424,"27,156.81",2023-06-05
3503,LON_426,"40,399.26",2023-12-12
3504,LON_426,"40,399.26",2024-01-13
3505,LON_426,"40,399.26",2024-02-12
3506,LON_427,"58,132.18",2023-02-04
3507,LON_427,"59,069.97",2023-03-05
3508,LON_430,"42,167.91",2022-01-19
3509,LON_430,"42,167.91",2022-02-19
3510,LON_430,"42,167.91",2022-03-23
3511,LON_430,"43,001.41",2022-04-24
3512,LON_431,"4,324.04",2024-07-21
3513,LON_431,"4,324.04",2024-08-19
3514,LON_434,"40,005.77",2025-10-11
3515,LON_434,"40,005.77",2025-11-09
3516,LON_434,"40,005.77",2025-12-12
3517,LON_434,"40,005.77",2026-01-10
3518,LON_434,"40,005.77",2026-02-10
3519,LON_434,"40,005.77",2026-03-15
3520,LON_434,"40,005.77",2026-04-14
3521,LON_436,"77,591.84",2024-08-03
3522,LON_436,"77,591.84",2024-09-03
3523,LON_436,"77,591.84",2024-10-02
3524,LON_436,"77,591.84",2024-11-01
3525,LON_436,"77,591.84",2024-12-01
3526,LON_437,"13,155.40",2020-05-28
3527,LON_437,"13,624.53",2020-06-28
3528,LON_438,"24,030.07",2025-04-09
3529,LON_438,"23,750.77",2025-05-08
3530,LON_439,"83,302.99",2022-04-29
3531,LON_439,"83,302.99",2022-05-31
3532,LON_439,"83,302.99",2022-07-01
3533,LON_440,"37,080.94",2020-08-24
3534,LON_441,"12,315.32",2023-05-07
3535,LON_442,"48,927.48",2024-10-03
3536,LON_442,"49,552.47",2024-11-02
3537,LON_442,"49,552.47",2024-12-02
3538,LON_442,"49,552.47",2025-01-02
3539,LON_443,"4,750.67",2025-02-17
3540,LON_443,"4,750.67",2025-03-21
3541,LON_443,"4,750.67",2025-04-22
3542,LON_443,"4,750.67",2025-05-22
3543,LON_443,"4,797.91",2025-06-23
3544,LON_443,"4,750.67",2025-07-22
3545,LON_443,"4,750.67",2025-08-24
3546,LON_443,"4,750.67",2025-09-22
3547,LON_444,"40,171.84",2025-12-12
3548,LON_444,"40,171.84",2026-01-12
3549,LON_444,"40,171.84",2026-02-11
3550,LON_444,"40,171.84",2026-03-13
3551,LON_445,"1,14,836.25",2022-10-24
3552,LON_445,"1,14,836.25",2022-11-23
3553,LON_445,"1,14,836.25",2022-12-26
3554,LON_447,"29,385.34",2024-04-25
3555,LON_447,"29,385.34",2024-05-25
3556,LON_447,"29,385.34",2024-06-20
3557,LON_447,"29,385.34",2024-07-18
3558,LON_448,"14,300.93",2023-10-17
3559,LON_448,"14,304.08",2023-11-15
3560,LON_448,"14,300.93",2023-12-14
3561,LON_448,"14,300.93",2024-01-14
3562,LON_449,"46,496.69",2022-12-20
3563,LON_450,"21,023.83",2023-12-31
3564,LON_450,"20,585.74",2024-02-01
3565,LON_450,"20,585.74",2024-03-03
3566,LON_450,"20,585.74",2024-04-03
3567,LON_451,"5,217.96",2019-04-28
3568,LON_451,"5,217.96",2019-05-30
3569,LON_451,"5,352.03",2019-06-29
3570,LON_454,"20,520.84",2023-12-02
3571,LON_454,"20,895.70",2024-01-01
3572,LON_454,"20,895.70",2024-02-01
3573,LON_456,"32,094.12",2019-10-19
3574,LON_456,"32,480.81",2019-11-18
3575,LON_459,"29,898.42",2024-03-23
3576,LON_459,"29,898.42",2024-04-19
3577,LON_459,"29,898.42",2024-05-18
3578,LON_459,"29,898.42",2024-06-13
3579,LON_461,"8,780.72",2021-02-11
3580,LON_461,"8,533.91",2021-03-11
3581,LON_463,"19,225.59",2020-12-29
3582,LON_463,"19,225.59",2021-01-29
3583,LON_463,"19,225.59",2021-02-27
3584,LON_464,"24,408.15",2024-02-08
3585,LON_464,"24,191.43",2024-03-08
3586,LON_464,"24,408.15",2024-04-04
3587,LON_465,"25,936.67",2023-05-29
3588,LON_465,"25,936.67",2023-06-25
3589,LON_465,"25,936.67",2023-07-23
3590,LON_465,"25,936.67",2023-08-21
3591,LON_465,"25,936.67",2023-09-17
3592,LON_465,"25,936.67",2023-10-17
3593,LON_465,"25,936.67",2023-11-14
3594,LON_465,"25,936.67",2023-12-11
3595,LON_466,"28,509.56",2024-01-18
3596,LON_466,"28,509.56",2024-02-16
3597,LON_466,"28,509.56",2024-03-18
3598,LON_466,"28,509.56",2024-04-17
3599,LON_467,"5,194.69",2022-05-22
3600,LON_467,"5,321.68",2022-06-23
3601,LON_467,"5,321.68",2022-07-25
3602,LON_467,"5,403.98",2022-08-24
3603,LON_467,"5,313.41",2022-09-23
3604,LON_467,"5,321.68",2022-10-24
3605,LON_468,"26,091.62",2025-06-03
3606,LON_468,"26,091.62",2025-07-01
3607,LON_468,"26,091.62",2025-07-27
3608,LON_469,"21,270.86",2025-02-19
3609,LON_469,"21,270.86",2025-03-19
3610,LON_470,"95,270.38",2025-03-10
3611,LON_470,"95,270.38",2025-04-10
3612,LON_470,"97,831.42",2025-05-10
3613,LON_470,"94,006.16",2025-06-10
3614,LON_470,"95,270.38",2025-07-12
3615,LON_471,"9,896.42",2022-06-11
3616,LON_471,"9,896.42",2022-07-10
3617,LON_471,"9,896.42",2022-08-07
3618,LON_471,"9,896.42",2022-09-04
3619,LON_471,"10,146.18",2022-10-01
3620,LON_472,"11,065.13",2020-05-14
3621,LON_472,"11,065.13",2020-06-10
3622,LON_472,"11,065.13",2020-07-08
3623,LON_472,"11,065.13",2020-08-05
3624,LON_473,"57,294.37",2025-12-21
3625,LON_473,"57,294.37",2026-01-18
3626,LON_474,"32,231.94",2019-09-17
3627,LON_474,"32,231.94",2019-10-16
3628,LON_474,"32,231.94",2019-11-14
3629,LON_474,"32,231.94",2019-12-12
3630,LON_474,"32,231.94",2020-01-08
3631,LON_474,"32,231.94",2020-02-06
3632,LON_475,"23,476.02",2022-05-21
3633,LON_475,"23,476.02",2022-06-21
3634,LON_478,"11,102.35",2023-06-22
3635,LON_478,"11,102.35",2023-07-23
3636,LON_478,"11,102.35",2023-08-21
3637,LON_478,"11,102.35",2023-09-20
3638,LON_479,"26,772.86",2024-03-12
3639,LON_479,"26,772.86",2024-04-11
3640,LON_479,"26,772.86",2024-05-12
3641,LON_479,"26,772.86",2024-06-12
3642,LON_480,"1,14,687.81",2022-03-31
3643,LON_480,"1,14,687.81",2022-04-28
3644,LON_480,"1,14,687.81",2022-05-30
3645,LON_481,"63,474.64",2020-02-04
3646,LON_481,"63,474.64",2020-03-04
3647,LON_482,"99,643.83",2025-02-08
3648,LON_482,"99,643.83",2025-03-11
3649,LON_482,"99,643.83",2025-04-10
3650,LON_482,"99,643.83",2025-05-09
3651,LON_483,"40,600.43",2022-09-15
3652,LON_483,"40,600.43",2022-10-17
3653,LON_485,"4,049.65",2020-06-16
3654,LON_485,"4,049.65",2020-07-15
3655,LON_485,"4,049.65",2020-08-11
3656,LON_485,"4,049.65",2020-09-07
3657,LON_485,"4,049.65",2020-10-06
3658,LON_485,"4,049.65",2020-11-03
3659,LON_485,"4,049.65",2020-12-01
3660,LON_486,"21,195.50",2020-07-28
3661,LON_486,"20,692.78",2020-08-27
3662,LON_486,"21,195.50",2020-09-24
3663,LON_486,"21,195.50",2020-10-24
3664,LON_486,"21,195.50",2020-11-25
3665,LON_486,"21,195.50",2020-12-23
3666,LON_486,"21,195.50",2021-01-24
3667,LON_487,"63,972.57",2023-02-09
3668,LON_487,"63,972.57",2023-03-13
3669,LON_487,"63,972.57",2023-04-12
3670,LON_488,"17,853.74",2023-07-07
3671,LON_488,"17,853.74",2023-08-05
3672,LON_488,"17,853.74",2023-09-03
3673,LON_490,"22,878.68",2024-02-10
3674,LON_490,"22,878.68",2024-03-12
3675,LON_492,"5,635.85",2020-03-17
3676,LON_492,"5,635.85",2020-04-16
3677,LON_492,"5,504.63",2020-05-12
3678,LON_492,"5,635.85",2020-06-11
3679,LON_493,"37,671.60",2020-08-12
3680,LON_493,"37,671.60",2020-09-11
3681,LON_493,"37,671.60",2020-10-11
3682,LON_493,"37,671.60",2020-11-11
3683,LON_493,"37,671.60",2020-12-09
3684,LON_494,"34,134.88",2023-12-31
3685,LON_494,"34,134.88",2024-01-30
3686,LON_496,"14,600.19",2020-06-26
3687,LON_496,"14,600.19",2020-07-25
3688,LON_496,"14,600.19",2020-08-22
3689,LON_497,"65,233.36",2022-03-01
3690,LON_497,"65,233.36",2022-03-27
3691,LON_497,"65,233.36",2022-04-26
3692,LON_498,"14,079.29",2019-05-09
3693,LON_498,"14,079.29",2019-06-08
3694,LON_499,"27,532.96",2022-05-26
3695,LON_499,"27,532.96",2022-06-25
3696,LON_499,"27,532.96",2022-07-27
3697,LON_500,"69,331.96",2020-05-20
3698,LON_500,"69,331.96",2020-06-20
3699,LON_500,"69,331.96",2020-07-19
3700,LON_500,"69,331.96",2020-08-18
3701,LON_500,"69,331.96",2020-09-18
3702,LON_502,"13,534.11",2023-03-07
3703,LON_502,"13,534.11",2023-04-05
3704,LON_502,"13,534.11",2023-05-02
3705,LON_504,"11,757.32",2019-10-16
3706,LON_504,"11,728.45",2019-11-14
3707,LON_504,"11,757.32",2019-12-12
3708,LON_504,"12,103.61",2020-01-10
3709,LON_504,"11,757.32",2020-02-05
3710,LON_504,"11,757.32",2020-03-04
3711,LON_505,"23,362.82",2023-11-05
3712,LON_506,"81,564.92",2019-12-28
3713,LON_506,"82,698.27",2020-01-27
3714,LON_506,"81,564.92",2020-02-23
3715,LON_507,"18,584.66",2025-01-22
3716,LON_508,"37,294.74",2019-10-25
3717,LON_508,"37,042.82",2019-11-24
3718,LON_508,"37,042.82",2019-12-21
3719,LON_508,"37,042.82",2020-01-19
3720,LON_508,"37,042.82",2020-02-15
3721,LON_508,"37,042.82",2020-03-14
3722,LON_509,"13,402.40",2021-10-24
3723,LON_509,"13,402.40",2021-11-22
3724,LON_509,"13,402.40",2021-12-23
3725,LON_509,"13,402.40",2022-01-20
3726,LON_511,"19,571.93",2022-12-13
3727,LON_511,"19,571.93",2023-01-12
3728,LON_511,"19,571.93",2023-02-08
3729,LON_511,"19,571.93",2023-03-09
3730,LON_512,"41,388.16",2020-07-06
3731,LON_513,"49,593.73",2023-11-20
3732,LON_513,"50,622.62",2023-12-20
3733,LON_514,"4,666.30",2019-12-21
3734,LON_514,"4,666.30",2020-01-19
3735,LON_514,"4,601.39",2020-02-16
3736,LON_514,"4,534.58",2020-03-15
3737,LON_516,"12,354.11",2020-05-10
3738,LON_518,"13,489.65",2019-07-03
3739,LON_518,"13,489.65",2019-07-31
3740,LON_518,"13,489.65",2019-08-28
3741,LON_518,"13,489.65",2019-09-25
3742,LON_518,"13,240.79",2019-10-24
3743,LON_518,"13,489.65",2019-11-21
3744,LON_519,"37,677.37",2022-09-07
3745,LON_519,"37,677.37",2022-10-03
3746,LON_519,"37,677.37",2022-11-01
3747,LON_519,"37,677.37",2022-11-29
3748,LON_520,"49,013.88",2025-07-09
3749,LON_520,"49,013.88",2025-08-10
3750,LON_521,"18,974.62",2024-11-06
3751,LON_521,"18,974.62",2024-12-06
3752,LON_521,"18,974.62",2025-01-07
3753,LON_521,"18,974.62",2025-02-07
3754,LON_522,"3,528.44",2022-07-24
3755,LON_522,"3,611.89",2022-08-22
3756,LON_523,"21,951.64",2025-06-01
3757,LON_523,"21,845.71",2025-07-02
3758,LON_523,"21,845.71",2025-08-03
3759,LON_523,"21,845.71",2025-09-02
3760,LON_524,"40,367.65",2024-08-23
3761,LON_524,"40,367.65",2024-09-24
3762,LON_525,"1,05,165.76",2019-03-08
3763,LON_525,"1,05,165.76",2019-04-07
3764,LON_525,"1,05,165.76",2019-05-07
3765,LON_525,"1,05,165.76",2019-06-07
3766,LON_525,"1,05,165.76",2019-07-09
3767,LON_525,"1,03,178.83",2019-08-09
3768,LON_526,"10,229.11",2019-03-20
3769,LON_526,"9,944.79",2019-04-19
3770,LON_526,"9,944.79",2019-05-18
3771,LON_527,"24,477.60",2022-07-02
3772,LON_527,"24,509.96",2022-07-28
3773,LON_527,"24,477.60",2022-08-26
3774,LON_527,"24,477.60",2022-09-24
3775,LON_528,"21,291.16",2019-09-19
3776,LON_529,"33,546.98",2024-12-11
3777,LON_529,"33,546.98",2025-01-12
3778,LON_530,"47,355.52",2025-08-16
3779,LON_530,"47,355.52",2025-10-16
3780,LON_530,"47,355.52",2025-12-16
3781,LON_530,"47,355.52",2026-02-14
3782,LON_531,"7,373.72",2025-06-23
3783,LON_531,"7,373.72",2025-07-21
3784,LON_531,"7,373.72",2025-08-17
3785,LON_532,"24,549.17",2022-08-21
3786,LON_532,"23,993.76",2022-09-19
3787,LON_532,"24,549.17",2022-10-17
3788,LON_533,"76,238.53",2021-09-14
3789,LON_533,"78,029.69",2021-10-16
3790,LON_533,"76,238.53",2021-11-15
3791,LON_533,"76,238.53",2021-12-16
3792,LON_534,"10,165.34",2020-04-14
3793,LON_534,"9,969.41",2020-05-13
3794,LON_534,"10,165.34",2020-06-12
3795,LON_534,"10,165.34",2020-07-14
3796,LON_534,"10,165.34",2020-08-11
3797,LON_534,"10,165.34",2020-09-10
3798,LON_534,"10,161.10",2020-10-10
3799,LON_534,"10,030.61",2020-11-11
3800,LON_537,"41,787.69",2021-11-06
3801,LON_537,"41,787.69",2021-12-04
3802,LON_537,"41,787.69",2021-12-31
3803,LON_537,"41,787.69",2022-01-28
3804,LON_537,"41,787.69",2022-02-25
3805,LON_538,"42,536.40",2021-01-05
3806,LON_538,"42,536.40",2021-01-31
3807,LON_538,"42,536.40",2021-02-28
3808,LON_538,"42,589.91",2021-03-30
3809,LON_540,"27,014.45",2021-07-22
3810,LON_540,"27,011.22",2021-08-20
3811,LON_540,"27,014.45",2021-09-21
3812,LON_541,"41,138.46",2020-01-14
3813,LON_541,"42,616.04",2020-02-13
3814,LON_542,"6,901.37",2024-01-23
3815,LON_543,"35,739.73",2019-07-12
3816,LON_543,"35,739.73",2019-08-10
3817,LON_543,"35,739.73",2019-09-08
3818,LON_543,"35,739.73",2019-10-04
3819,LON_543,"35,739.73",2019-11-03
3820,LON_544,"7,527.80",2023-07-10
3821,LON_546,"49,921.95",2025-12-30
3822,LON_546,"49,921.95",2026-01-30
3823,LON_547,"20,993.57",2019-10-12
3824,LON_548,"14,384.74",2024-12-24
3825,LON_548,"14,384.74",2025-01-25
3826,LON_548,"14,384.74",2025-02-25
3827,LON_549,"1,03,575.39",2023-05-14
3828,LON_549,"1,03,575.39",2023-07-14
3829,LON_551,"17,016.82",2019-06-05
3830,LON_551,"17,016.82",2019-07-02
3831,LON_553,"6,994.12",2019-09-22
3832,LON_553,"6,893.58",2019-10-24
3833,LON_554,"44,899.13",2021-01-26
3834,LON_554,"44,899.13",2021-02-25
3835,LON_554,"44,899.13",2021-03-26
3836,LON_555,"30,089.22",2025-09-23
3837,LON_555,"29,704.07",2025-10-21
3838,LON_555,"30,089.22",2025-11-18
3839,LON_555,"30,089.22",2025-12-16
3840,LON_556,"75,801.95",2025-05-19
3841,LON_556,"75,801.95",2025-06-19
3842,LON_556,"75,801.95",2025-07-20
3843,LON_557,"68,958.56",2022-07-26
3844,LON_557,"68,958.56",2022-08-28
3845,LON_557,"68,958.56",2022-09-27
3846,LON_557,"68,958.56",2022-10-27
3847,LON_557,"68,958.56",2022-11-27
3848,LON_558,"3,290.67",2019-05-02
3849,LON_558,"3,290.67",2019-06-02
3850,LON_559,"1,795.66",2020-08-01
3851,LON_559,"1,795.66",2020-08-29
3852,LON_561,"26,000.84",2024-12-18
3853,LON_561,"26,000.84",2025-01-17
3854,LON_561,"26,000.84",2025-02-17
3855,LON_561,"26,000.84",2025-03-19
3856,LON_561,"26,000.84",2025-04-18
3857,LON_562,"12,327.22",2020-03-07
3858,LON_562,"12,327.22",2020-04-04
3859,LON_562,"12,327.22",2020-05-04
3860,LON_562,"12,327.22",2020-06-01
3861,LON_562,"12,327.22",2020-06-29
3862,LON_563,"22,149.21",2024-01-05
3863,LON_563,"22,149.21",2024-02-03
3864,LON_563,"22,149.21",2024-03-02
3865,LON_564,"43,074.01",2026-01-03
3866,LON_564,"43,074.01",2026-03-03
3867,LON_564,"43,074.01",2026-05-04
3868,LON_564,"43,074.01",2026-07-03
3869,LON_564,"43,074.01",2026-09-01
3870,LON_564,"43,074.01",2026-10-30
3871,LON_565,"28,504.72",2022-05-21
3872,LON_565,"28,504.72",2022-06-21
3873,LON_565,"29,314.05",2022-07-23
3874,LON_568,"8,643.46",2022-09-14
3875,LON_568,"8,643.46",2022-10-15
3876,LON_568,"8,643.46",2022-11-14
3877,LON_568,"8,643.46",2022-12-14
3878,LON_568,"8,643.46",2023-01-14
3879,LON_568,"8,521.15",2023-02-11
3880,LON_568,"8,643.46",2023-03-15
3881,LON_569,"78,072.15",2022-11-22
3882,LON_569,"78,062.06",2022-12-23
3883,LON_569,"78,062.06",2023-01-22
3884,LON_569,"78,062.06",2023-02-22
3885,LON_569,"78,062.06",2023-03-26
3886,LON_569,"78,062.06",2023-04-26
3887,LON_569,"78,062.06",2023-05-28
3888,LON_570,"13,226.42",2021-12-28
3889,LON_570,"13,238.27",2022-01-25
3890,LON_570,"13,168.43",2022-02-26
3891,LON_570,"13,168.43",2022-03-28
3892,LON_571,"6,019.99",2020-12-02
3893,LON_571,"6,063.22",2020-12-31
3894,LON_571,"6,063.22",2021-01-31
3895,LON_571,"6,063.22",2021-03-02
3896,LON_571,"6,063.22",2021-03-31
3897,LON_571,"6,063.22",2021-04-29
3898,LON_571,"6,063.22",2021-05-31
3899,LON_571,"6,063.22",2021-06-29
3900,LON_571,"6,223.07",2021-07-28
3901,LON_572,"55,929.78",2024-06-28
3902,LON_572,"52,924.44",2024-07-27
3903,LON_572,"53,478.55",2024-08-26
3904,LON_573,"20,107.98",2019-04-20
3905,LON_573,"19,981.30",2019-05-20
3906,LON_573,"19,981.30",2019-06-17
3907,LON_573,"19,981.30",2019-07-13
3908,LON_574,"99,433.58",2023-04-26
3909,LON_574,"99,433.58",2023-05-26
3910,LON_574,"97,287.32",2023-06-25
3911,LON_574,"99,433.58",2023-07-25
3912,LON_574,"99,433.58",2023-08-25
3913,LON_574,"99,433.58",2023-09-23
3914,LON_576,"4,650.23",2023-12-16
3915,LON_576,"4,650.23",2024-01-16
3916,LON_576,"4,713.30",2024-02-15
3917,LON_577,"5,179.57",2025-05-04
3918,LON_577,"5,179.57",2025-05-31
3919,LON_577,"5,073.72",2025-06-28
3920,LON_578,"36,221.38",2023-06-19
3921,LON_578,"36,221.38",2023-07-19
3922,LON_578,"36,221.38",2023-08-16
3923,LON_578,"36,221.38",2023-09-16
3924,LON_579,"23,087.12",2020-01-26
3925,LON_579,"23,087.12",2020-02-27
3926,LON_579,"23,087.12",2020-03-28
3927,LON_579,"23,087.12",2020-04-28
3928,LON_579,"23,087.12",2020-05-31
3929,LON_579,"23,613.75",2020-06-30
3930,LON_580,"25,567.83",2019-05-09
3931,LON_580,"25,567.83",2019-06-08
3932,LON_580,"25,567.83",2019-07-09
3933,LON_581,"26,687.48",2020-05-26
3934,LON_581,"26,687.48",2020-06-24
3935,LON_581,"26,687.48",2020-07-23
3936,LON_581,"26,687.48",2020-08-22
3937,LON_582,"32,964.61",2020-02-19
3938,LON_583,"11,490.57",2024-02-02
3939,LON_583,"11,490.57",2024-03-04
3940,LON_583,"11,490.57",2024-04-03
3941,LON_583,"11,490.57",2024-05-02
3942,LON_584,"15,778.53",2025-06-13
3943,LON_584,"15,778.53",2025-07-12
3944,LON_584,"15,778.53",2025-08-10
3945,LON_584,"15,778.53",2025-09-09
3946,LON_584,"15,778.53",2025-10-09
3947,LON_585,"30,104.80",2022-12-10
3948,LON_585,"29,840.79",2023-01-08
3949,LON_586,"40,918.07",2023-06-03
3950,LON_586,"40,918.07",2023-07-01
3951,LON_589,"82,247.39",2026-01-16
3952,LON_589,"82,247.39",2026-02-14
3953,LON_591,"21,255.02",2024-01-01
3954,LON_591,"21,255.02",2024-01-30
3955,LON_591,"21,255.02",2024-03-02
3956,LON_591,"21,255.02",2024-04-01
3957,LON_591,"21,255.02",2024-05-04
3958,LON_592,"73,022.76",2019-11-11
3959,LON_592,"71,072.45",2019-12-10
3960,LON_592,"71,072.45",2020-01-08
3961,LON_592,"71,072.45",2020-02-07
3962,LON_592,"71,072.45",2020-03-10
3963,LON_594,"15,487.21",2023-10-15
3964,LON_594,"15,487.21",2023-11-13
3965,LON_594,"15,487.21",2023-12-15
3966,LON_594,"15,487.21",2024-01-15
3967,LON_594,"15,487.21",2024-02-15
3968,LON_594,"15,487.21",2024-03-17
3969,LON_595,"9,681.64",2020-03-26
3970,LON_595,"9,681.64",2020-04-24
3971,LON_595,"9,681.64",2020-05-22
3972,LON_595,"9,681.64",2020-06-20
3973,LON_595,"9,681.64",2020-07-17
3974,LON_595,"9,634.84",2020-08-14
3975,LON_595,"9,681.64",2020-09-11
3976,LON_595,"9,681.64",2020-10-10
3977,LON_598,"26,804.79",2023-07-24
3978,LON_598,"26,804.79",2023-08-24
3979,LON_599,"44,685.76",2024-06-13
3980,LON_599,"44,685.76",2024-07-11
3981,LON_599,"44,685.76",2024-08-06
3982,LON_599,"44,685.76",2024-09-05
3983,LON_599,"44,685.76",2024-10-02
3984,LON_600,"4,203.13",2022-03-26
3985,LON_600,"4,203.13",2022-04-25
3986,LON_602,"25,342.71",2023-10-15
3987,LON_602,"25,342.71",2023-11-14
3988,LON_603,"33,766.60",2024-07-04
3989,LON_603,"33,766.60",2024-08-03
3990,LON_603,"33,766.60",2024-09-05
3991,LON_606,"12,729.10",2021-11-11
3992,LON_606,"12,523.34",2021-12-13
3993,LON_606,"12,729.10",2022-01-13
3994,LON_608,"23,121.20",2021-10-09
3995,LON_608,"22,460.74",2021-11-10
3996,LON_608,"23,121.20",2021-12-08
3997,LON_608,"23,121.20",2022-01-08
3998,LON_608,"23,121.20",2022-02-08
3999,LON_611,"12,989.79",2021-06-26
4000,LON_611,"12,989.79",2021-07-27
4001,LON_612,"35,570.49",2024-10-22
4002,LON_612,"35,570.49",2024-12-22
4003,LON_612,"35,570.49",2025-02-19
4004,LON_613,"35,266.88",2020-08-02
4005,LON_613,"35,266.88",2020-08-30
4006,LON_614,"22,481.44",2022-07-04
4007,LON_614,"22,481.44",2022-08-04
4008,LON_615,"34,262.95",2021-07-21
4009,LON_616,"23,532.58",2020-03-14
4010,LON_616,"23,532.58",2020-04-15
4011,LON_616,"23,532.58",2020-05-16
4012,LON_616,"23,532.58",2020-06-14
4013,LON_616,"23,532.58",2020-07-15
4014,LON_616,"23,532.58",2020-08-16
4015,LON_617,"15,661.23",2025-05-21
4016,LON_617,"15,661.23",2025-06-18
4017,LON_617,"15,661.23",2025-07-17
4018,LON_620,"29,678.76",2025-10-14
4019,LON_620,"29,678.76",2025-11-13
4020,LON_620,"29,678.76",2025-12-15
4021,LON_620,"29,389.17",2026-01-16
4022,LON_620,"29,678.76",2026-02-14
4023,LON_621,"18,446.93",2024-08-21
4024,LON_621,"18,446.93",2024-10-19
4025,LON_621,"18,446.93",2024-12-18
4026,LON_622,"27,157.64",2025-08-06
4027,LON_622,"27,157.64",2025-09-05
4028,LON_622,"27,157.64",2025-10-02
4029,LON_623,"30,956.54",2024-06-12
4030,LON_623,"30,956.54",2024-07-12
4031,LON_624,"15,008.48",2025-04-29
4032,LON_624,"15,008.48",2025-05-29
4033,LON_624,"15,008.48",2025-06-30
4034,LON_624,"15,458.41",2025-07-31
4035,LON_624,"15,008.48",2025-08-31
4036,LON_625,"10,839.06",2025-04-26
4037,LON_625,"10,839.06",2025-05-26
4038,LON_625,"10,839.06",2025-06-25
4039,LON_625,"10,659.73",2025-07-27
4040,LON_625,"10,839.06",2025-08-28
4041,LON_626,"65,478.81",2021-08-17
4042,LON_626,"65,478.81",2021-10-16
4043,LON_626,"65,478.81",2021-12-14
4044,LON_626,"64,263.07",2022-02-12
4045,LON_626,"65,478.81",2022-04-13
4046,LON_627,"53,069.14",2022-05-15
4047,LON_627,"53,069.14",2022-06-10
4048,LON_627,"53,069.14",2022-07-09
4049,LON_627,"53,069.14",2022-08-07
4050,LON_627,"53,069.14",2022-09-04
4051,LON_627,"53,069.14",2022-09-30
4052,LON_627,"53,069.14",2022-10-28
4053,LON_627,"53,069.14",2022-11-26
4054,LON_630,"45,123.71",2021-04-23
4055,LON_630,"44,832.08",2021-05-25
4056,LON_632,"36,257.31",2026-02-17
4057,LON_632,"36,257.31",2026-03-19
4058,LON_633,"42,078.78",2020-12-17
4059,LON_633,"42,078.78",2021-01-16
4060,LON_633,"42,078.78",2021-02-11
4061,LON_633,"40,865.01",2021-03-13
4062,LON_635,"16,379.53",2025-01-30
4063,LON_638,"6,632.95",2019-10-21
4064,LON_638,"6,632.95",2019-11-17
4065,LON_639,"57,130.73",2024-12-16
4066,LON_639,"56,640.21",2025-01-14
4067,LON_639,"56,640.21",2025-02-11
4068,LON_639,"56,640.21",2025-03-10
4069,LON_640,"37,565.26",2024-07-29
4070,LON_640,"37,565.26",2024-08-28
4071,LON_640,"37,565.26",2024-09-29
4072,LON_640,"37,565.26",2024-10-27
4073,LON_640,"37,565.26",2024-11-28
4074,LON_640,"36,961.50",2024-12-27
4075,LON_642,"12,870.22",2019-04-26
4076,LON_642,"12,870.22",2019-05-26
4077,LON_643,"8,014.91",2023-04-13
4078,LON_643,"8,014.91",2023-05-11
4079,LON_643,"8,014.91",2023-06-09
4080,LON_643,"8,014.91",2023-07-06
4081,LON_646,"25,929.02",2019-02-27
4082,LON_646,"26,174.85",2019-03-25
4083,LON_646,"25,929.02",2019-04-24
4084,LON_646,"25,929.02",2019-05-22
4085,LON_647,"53,948.17",2025-11-11
4086,LON_647,"53,948.17",2025-12-10
4087,LON_647,"53,948.17",2026-01-07
4088,LON_648,"35,242.24",2020-05-25
4089,LON_648,"35,242.24",2020-06-22
4090,LON_649,"56,566.77",2022-01-09
4091,LON_649,"56,566.77",2022-02-10
4092,LON_649,"56,566.77",2022-03-12
4093,LON_649,"56,566.77",2022-04-11
4094,LON_649,"56,566.77",2022-05-12
4095,LON_649,"56,566.77",2022-06-14
4096,LON_649,"56,566.77",2022-07-13
4097,LON_649,"56,566.77",2022-08-14
4098,LON_650,"21,599.61",2025-03-23
4099,LON_650,"21,599.61",2025-04-23
4100,LON_650,"21,599.61",2025-05-26
4101,LON_651,"43,195.46",2019-03-24
4102,LON_651,"43,195.46",2019-04-23
4103,LON_651,"43,195.46",2019-05-24
4104,LON_652,"34,083.42",2020-01-22
4105,LON_652,"34,083.42",2020-02-20
4106,LON_653,"47,142.55",2021-08-30
4107,LON_653,"47,789.88",2021-09-29
4108,LON_655,"33,895.85",2020-02-20
4109,LON_656,"22,550.84",2023-02-08
4110,LON_656,"22,550.84",2023-03-07
4111,LON_657,"31,308.55",2022-11-27
4112,LON_657,"31,308.55",2022-12-26
4113,LON_657,"31,308.55",2023-01-25
4114,LON_657,"31,308.55",2023-02-25
4115,LON_660,"13,713.33",2025-06-05
4116,LON_660,"13,713.33",2025-07-02
4117,LON_660,"13,713.33",2025-08-01
4118,LON_660,"13,713.33",2025-08-29
4119,LON_661,"45,208.31",2020-07-05
4120,LON_661,"45,208.31",2020-08-03
4121,LON_661,"45,208.31",2020-09-03
4122,LON_662,"5,848.09",2021-12-26
4123,LON_662,"5,848.09",2022-01-21
4124,LON_662,"5,848.09",2022-02-19
4125,LON_663,"61,433.91",2025-07-14
4126,LON_663,"63,036.70",2025-08-13
4127,LON_663,"63,036.70",2025-09-13
4128,LON_663,"62,607.41",2025-10-15
4129,LON_664,"36,680.24",2026-01-12
4130,LON_664,"36,680.24",2026-02-09
4131,LON_664,"36,680.24",2026-03-13
4132,LON_664,"36,680.24",2026-04-12
4133,LON_664,"36,680.24",2026-05-11
4134,LON_665,"32,459.66",2023-05-20
4135,LON_666,"69,351.94",2019-03-17
4136,LON_666,"69,351.94",2019-04-18
4137,LON_668,"15,428.60",2021-08-11
4138,LON_668,"15,236.08",2021-09-11
4139,LON_668,"15,236.08",2021-10-10
4140,LON_668,"15,236.08",2021-11-08
4141,LON_669,"77,594.63",2024-01-31
4142,LON_669,"77,594.63",2024-02-28
4143,LON_669,"77,594.63",2024-03-31
4144,LON_669,"77,594.63",2024-04-30
4145,LON_670,"80,753.40",2024-09-07
4146,LON_670,"80,753.40",2024-10-09
4147,LON_670,"80,753.40",2024-11-08
4148,LON_670,"80,753.40",2024-12-10
4149,LON_670,"80,753.40",2025-01-11
4150,LON_670,"80,753.40",2025-02-09
4151,LON_671,"29,038.53",2020-01-25
4152,LON_671,"29,038.53",2020-02-23
4153,LON_671,"29,038.53",2020-03-25
4154,LON_673,"7,570.53",2025-05-03
4155,LON_674,"72,921.80",2021-08-11
4156,LON_674,"72,921.80",2021-09-12
4157,LON_675,"29,835.65",2025-03-16
4158,LON_675,"29,835.65",2025-04-14
4159,LON_676,"29,506.98",2020-09-06
4160,LON_676,"29,506.98",2020-10-04
4161,LON_677,"9,102.60",2023-07-05
4162,LON_677,"9,102.60",2023-08-06
4163,LON_677,"9,102.60",2023-09-06
4164,LON_677,"9,102.60",2023-10-05
4165,LON_678,"1,10,817.78",2023-10-06
4166,LON_679,"51,461.44",2024-02-25
4167,LON_679,"51,461.44",2024-04-25
4168,LON_679,"51,461.44",2024-06-25
4169,LON_679,"51,461.44",2024-08-24
4170,LON_681,"5,625.24",2024-07-01
4171,LON_682,"33,390.01",2020-07-06
4172,LON_682,"33,390.01",2020-08-06
4173,LON_683,"76,613.11",2023-05-17
4174,LON_683,"76,613.11",2023-06-14
4175,LON_683,"76,613.11",2023-07-14
4176,LON_683,"76,613.11",2023-08-15
4177,LON_683,"76,613.11",2023-09-13
4178,LON_684,"67,047.90",2022-12-05
4179,LON_684,"67,047.90",2023-01-03
4180,LON_685,"32,484.68",2024-10-16
4181,LON_686,"76,226.20",2025-04-28
4182,LON_686,"76,226.20",2025-05-27
4183,LON_686,"76,226.20",2025-06-24
4184,LON_688,"20,497.78",2023-01-23
4185,LON_689,"43,523.71",2025-01-23
4186,LON_690,"24,089.46",2023-05-20
4187,LON_690,"24,089.46",2023-06-17
4188,LON_690,"24,089.46",2023-07-16
4189,LON_690,"24,089.46",2023-08-11
4190,LON_691,"21,443.84",2020-11-11
4191,LON_692,"23,042.19",2022-06-09
4192,LON_692,"22,624.08",2022-07-07
4193,LON_692,"22,624.08",2022-08-06
4194,LON_693,"22,481.44",2025-12-21
4195,LON_693,"22,481.44",2026-01-20
4196,LON_693,"22,481.44",2026-02-18
4197,LON_693,"22,481.44",2026-03-22
4198,LON_693,"22,481.44",2026-04-21
4199,LON_694,"10,141.78",2024-10-09
4200,LON_694,"10,141.78",2024-11-08
4201,LON_694,"10,141.78",2024-12-05
4202,LON_694,"10,141.78",2025-01-01
4203,LON_694,"10,141.78",2025-01-29
4204,LON_694,"10,141.78",2025-02-27
4205,LON_694,"10,141.78",2025-03-28
4206,LON_695,"39,920.64",2022-07-30
4207,LON_695,"40,838.18",2022-08-27
4208,LON_695,"40,838.18",2022-09-27
4209,LON_695,"40,838.18",2022-10-27
4210,LON_695,"40,757.87",2022-11-27
4211,LON_695,"40,838.18",2022-12-26
4212,LON_695,"40,838.18",2023-01-26
4213,LON_696,"1,250.90",2024-01-28
4214,LON_696,"1,250.90",2024-02-25
4215,LON_697,"55,111.07",2025-03-08
4216,LON_697,"55,111.07",2025-05-08
4217,LON_697,"55,111.07",2025-07-07
4218,LON_697,"55,111.07",2025-09-06
4219,LON_698,"33,367.46",2019-11-21
4220,LON_698,"33,367.46",2019-12-20
4221,LON_699,"17,869.86",2022-04-02
4222,LON_699,"17,869.86",2022-05-05
4223,LON_702,"56,078.15",2024-08-07
4224,LON_702,"56,998.46",2024-09-04
4225,LON_702,"56,078.15",2024-10-03
4226,LON_703,"11,078.27",2021-02-15
4227,LON_703,"11,078.27",2021-03-15
4228,LON_703,"11,078.27",2021-04-14
4229,LON_703,"11,078.27",2021-05-15
4230,LON_704,"22,038.42",2023-08-01
4231,LON_704,"22,038.42",2023-08-30
4232,LON_704,"22,038.42",2023-09-28
4233,LON_704,"22,623.78",2023-10-28
4234,LON_705,"8,269.33",2023-02-09
4235,LON_705,"8,269.33",2023-03-12
4236,LON_705,"8,269.33",2023-04-12
4237,LON_705,"8,269.33",2023-05-11
4238,LON_705,"8,269.33",2023-06-13
4239,LON_705,"8,269.33",2023-07-13
4240,LON_705,"8,269.33",2023-08-13
4241,LON_706,"47,653.45",2025-05-06
4242,LON_706,"47,653.45",2025-06-04
4243,LON_710,"31,506.66",2021-04-07
4244,LON_710,"31,506.66",2021-05-05
4245,LON_710,"31,506.66",2021-06-05
4246,LON_710,"31,506.66",2021-07-06
4247,LON_710,"31,506.66",2021-08-05
4248,LON_712,"17,552.33",2021-06-28
4249,LON_712,"17,125.95",2021-07-29
4250,LON_712,"17,125.95",2021-08-31
4251,LON_713,"8,037.01",2024-01-02
4252,LON_713,"7,870.35",2024-02-01
4253,LON_713,"7,870.35",2024-03-01
4254,LON_714,"42,597.67",2019-07-20
4255,LON_714,"42,597.67",2019-08-19
4256,LON_714,"42,597.67",2019-09-20
4257,LON_715,"5,147.55",2025-07-12
4258,LON_715,"5,147.55",2025-08-09
4259,LON_716,"24,085.59",2022-09-02
4260,LON_716,"24,085.59",2022-09-30
4261,LON_716,"24,085.59",2022-10-28
4262,LON_717,"45,703.34",2026-01-18
4263,LON_717,"44,855.11",2026-02-15
4264,LON_719,"12,058.03",2022-03-14
4265,LON_719,"12,058.03",2022-04-15
4266,LON_719,"12,058.03",2022-05-16
4267,LON_719,"12,058.03",2022-06-16
4268,LON_719,"12,058.03",2022-07-17
4269,LON_720,"27,853.10",2025-02-10
4270,LON_720,"27,853.10",2025-03-10
4271,LON_720,"27,853.10",2025-04-06
4272,LON_720,"28,569.49",2025-05-04
4273,LON_722,"38,702.87",2023-04-02
4274,LON_722,"38,702.87",2023-04-30
4275,LON_722,"38,702.87",2023-05-30
4276,LON_723,"23,230.82",2025-07-15
4277,LON_723,"23,230.82",2025-08-14
4278,LON_723,"23,230.82",2025-09-13
4279,LON_723,"23,449.99",2025-10-13
4280,LON_724,"44,093.56",2022-11-27
4281,LON_724,"44,093.56",2022-12-27
4282,LON_724,"44,093.56",2023-01-27
4283,LON_725,"60,611.13",2021-02-21
4284,LON_726,"32,920.75",2025-06-17
4285,LON_726,"32,920.75",2025-07-18
4286,LON_726,"32,920.75",2025-08-16
4287,LON_726,"32,920.75",2025-09-15
4288,LON_727,"38,610.53",2025-03-28
4289,LON_727,"38,610.53",2025-04-25
4290,LON_727,"38,610.53",2025-05-25
4291,LON_727,"38,610.53",2025-06-26
4292,LON_728,"15,661.23",2025-07-24
4293,LON_728,"15,661.23",2025-08-22
4294,LON_728,"15,661.23",2025-09-24
4295,LON_729,"22,910.80",2022-04-14
4296,LON_729,"22,483.53",2022-05-12
4297,LON_730,"14,751.98",2022-07-22
4298,LON_730,"14,751.98",2022-08-18
4299,LON_730,"14,751.98",2022-09-17
4300,LON_732,"9,979.61",2024-01-02
4301,LON_732,"9,979.61",2024-01-29
4302,LON_732,"9,979.61",2024-02-26
4303,LON_732,"9,979.61",2024-03-24
4304,LON_732,"9,979.61",2024-04-21
4305,LON_732,"9,979.61",2024-05-21
4306,LON_733,"31,736.37",2024-06-21
4307,LON_733,"31,736.37",2024-07-22
4308,LON_733,"31,842.52",2024-08-21
4309,LON_734,"38,278.88",2021-01-09
4310,LON_734,"38,278.88",2021-02-09
4311,LON_734,"38,278.88",2021-03-09
4312,LON_734,"38,278.88",2021-04-09
4313,LON_734,"38,278.88",2021-05-10
4314,LON_736,"1,27,070.06",2019-04-22
4315,LON_736,"1,27,268.91",2019-05-21
4316,LON_737,"6,029.87",2025-09-14
4317,LON_737,"6,029.87",2025-11-13
4318,LON_737,"6,029.87",2026-01-14
4319,LON_737,"6,029.87",2026-03-13
4320,LON_739,"13,077.70",2022-05-13
4321,LON_739,"13,077.70",2022-06-11
4322,LON_739,"13,077.70",2022-07-12
4323,LON_740,"17,327.70",2019-03-30
4324,LON_740,"17,327.70",2019-04-27
4325,LON_740,"17,327.70",2019-05-25
4326,LON_742,"21,800.18",2020-09-22
4327,LON_742,"21,800.18",2020-10-20
4328,LON_742,"21,800.18",2020-11-17
4329,LON_742,"21,570.19",2020-12-15
4330,LON_743,"5,837.74",2022-01-16
4331,LON_743,"5,697.36",2022-02-13
4332,LON_743,"5,697.36",2022-03-12
4333,LON_743,"5,697.36",2022-04-10
4334,LON_745,"56,675.73",2022-09-24
4335,LON_745,"56,675.73",2022-10-23
4336,LON_745,"56,675.73",2022-11-22
4337,LON_746,"57,650.85",2022-01-16
4338,LON_746,"57,041.40",2022-03-18
4339,LON_746,"57,041.40",2022-05-16
4340,LON_746,"57,041.40",2022-07-15
4341,LON_747,"11,267.64",2019-12-23
4342,LON_747,"11,267.64",2020-01-22
4343,LON_747,"11,267.64",2020-02-24
4344,LON_748,"17,834.01",2023-01-12
4345,LON_748,"17,834.01",2023-02-08
4346,LON_748,"17,834.01",2023-03-07
4347,LON_748,"17,834.01",2023-04-05
4348,LON_748,"17,834.01",2023-05-03
4349,LON_749,"64,034.62",2020-08-28
4350,LON_749,"64,034.62",2020-09-28
4351,LON_749,"64,034.62",2020-10-28
4352,LON_749,"64,034.62",2020-11-27
4353,LON_750,"15,439.76",2020-10-21
4354,LON_750,"15,439.76",2020-11-23
4355,LON_750,"15,439.76",2020-12-22
4356,LON_751,"21,262.52",2021-08-24
4357,LON_751,"21,176.89",2021-09-23
4358,LON_751,"21,334.59",2021-10-20
4359,LON_752,"13,916.47",2024-06-16
4360,LON_752,"13,916.47",2024-07-14
4361,LON_752,"13,916.47",2024-08-13
4362,LON_753,"7,887.71",2019-08-02
4363,LON_753,"7,901.31",2019-08-30
4364,LON_753,"7,887.71",2019-09-29
4365,LON_753,"7,887.71",2019-10-25
4366,LON_754,"42,264.65",2025-07-07
4367,LON_754,"42,264.65",2025-08-04
4368,LON_754,"42,264.65",2025-09-01
4369,LON_755,"8,535.00",2023-08-26
4370,LON_755,"8,458.34",2023-09-27
4371,LON_755,"8,319.86",2023-10-28
4372,LON_755,"8,319.86",2023-11-27
4373,LON_755,"8,319.86",2023-12-29
4374,LON_755,"8,319.86",2024-01-28
4375,LON_755,"8,319.86",2024-02-28
4376,LON_756,"11,077.81",2022-04-12
4377,LON_756,"11,397.40",2022-05-13
4378,LON_756,"11,129.85",2022-06-12
4379,LON_756,"11,129.85",2022-07-15
4380,LON_758,"35,867.33",2021-02-10
4381,LON_760,"22,481.44",2024-11-28
4382,LON_760,"22,481.44",2024-12-30
4383,LON_760,"22,481.44",2025-01-27
4384,LON_760,"22,481.44",2025-02-28
4385,LON_760,"22,481.44",2025-03-28
4386,LON_761,"26,686.94",2024-05-30
4387,LON_761,"26,686.94",2024-06-27
4388,LON_761,"26,686.94",2024-07-28
4389,LON_762,"30,391.61",2020-07-11
4390,LON_762,"30,391.61",2020-08-11
4391,LON_762,"30,391.61",2020-09-10
4392,LON_762,"30,391.61",2020-10-11
4393,LON_762,"30,391.61",2020-11-12
4394,LON_763,"2,351.83",2023-11-26
4395,LON_763,"2,351.83",2023-12-24
4396,LON_763,"2,351.83",2024-01-20
4397,LON_764,"18,540.63",2021-08-28
4398,LON_764,"18,141.96",2021-09-26
4399,LON_764,"18,540.63",2021-10-23
4400,LON_766,"14,787.78",2020-01-20
4401,LON_767,"75,353.48",2019-02-22
4402,LON_767,"73,503.98",2019-03-20
4403,LON_767,"73,503.98",2019-04-18
4404,LON_767,"73,503.98",2019-05-15
4405,LON_768,"25,924.34",2022-09-02
4406,LON_768,"25,924.34",2022-10-02
4407,LON_768,"25,924.34",2022-11-02
4408,LON_769,"5,269.35",2021-12-25
4409,LON_772,"18,784.07",2023-07-25
4410,LON_772,"18,784.07",2023-08-21
4411,LON_772,"18,444.40",2023-09-19
4412,LON_772,"18,784.07",2023-10-16
4413,LON_773,"38,882.22",2020-12-02
4414,LON_773,"38,882.22",2020-12-28
4415,LON_774,"24,850.10",2026-01-02
4416,LON_774,"24,850.10",2026-01-30
4417,LON_774,"24,850.10",2026-03-01
4418,LON_775,"19,625.68",2020-09-04
4419,LON_775,"19,226.81",2020-10-05
4420,LON_775,"19,625.68",2020-11-04
4421,LON_775,"19,133.00",2020-12-06
4422,LON_776,"19,616.03",2020-01-04
4423,LON_776,"19,616.03",2020-02-02
4424,LON_776,"19,616.03",2020-03-06
4425,LON_776,"19,616.03",2020-04-04
4426,LON_776,"19,616.03",2020-05-05
4427,LON_777,"31,457.92",2024-12-20
4428,LON_777,"31,457.92",2025-01-21
4429,LON_778,"69,926.71",2021-01-28
4430,LON_778,"69,926.71",2021-02-27
4431,LON_778,"69,926.71",2021-03-29
4432,LON_778,"69,926.71",2021-05-01
4433,LON_780,"3,723.60",2021-09-02
4434,LON_780,"3,723.60",2021-10-04
4435,LON_780,"3,723.60",2021-11-04
4436,LON_780,"3,723.60",2021-12-05
4437,LON_781,"7,614.15",2020-10-26
4438,LON_781,"7,614.15",2020-11-25
4439,LON_781,"7,614.15",2020-12-25
4440,LON_781,"7,614.15",2021-01-24
4441,LON_781,"7,614.15",2021-02-22
4442,LON_781,"7,513.97",2021-03-24
4443,LON_782,"24,777.89",2025-08-20
4444,LON_782,"24,777.89",2025-09-18
4445,LON_782,"24,777.89",2025-10-16
4446,LON_782,"24,777.89",2025-11-12
4447,LON_784,"1,74,286.29",2022-03-08
4448,LON_784,"1,74,286.29",2022-04-08
4449,LON_785,"75,027.59",2019-02-23
4450,LON_785,"75,027.59",2019-03-22
4451,LON_785,"75,027.59",2019-04-19
4452,LON_785,"75,027.59",2019-05-17
4453,LON_785,"75,027.59",2019-06-14
4454,LON_786,"26,816.74",2022-05-18
4455,LON_786,"27,127.70",2022-06-17
4456,LON_786,"27,127.70",2022-07-17
4457,LON_786,"27,127.70",2022-08-15
4458,LON_786,"27,127.70",2022-09-15
4459,LON_788,"43,060.92",2021-11-06
4460,LON_788,"43,060.92",2021-12-06
4461,LON_788,"42,033.99",2022-01-05
4462,LON_788,"43,060.92",2022-02-03
4463,LON_789,"18,522.21",2019-06-04
4464,LON_789,"18,824.48",2019-07-01
4465,LON_789,"18,824.48",2019-07-30
4466,LON_789,"18,636.62",2019-08-27
4467,LON_790,"7,096.70",2021-07-23
4468,LON_790,"7,307.56",2021-08-21
4469,LON_790,"7,307.56",2021-09-17
4470,LON_790,"7,307.56",2021-10-17
4471,LON_791,"21,778.90",2019-02-27
4472,LON_791,"21,778.90",2019-03-30
4473,LON_791,"21,778.90",2019-04-30
4474,LON_791,"21,778.90",2019-05-31
4475,LON_791,"21,778.90",2019-06-30
4476,LON_792,"27,330.38",2022-12-10
4477,LON_792,"27,330.38",2023-01-07
4478,LON_792,"27,330.38",2023-02-05
4479,LON_792,"27,330.38",2023-03-04
4480,LON_796,"78,913.79",2019-12-24
4481,LON_796,"78,913.79",2020-01-21
4482,LON_796,"78,913.79",2020-02-20
4483,LON_796,"78,913.79",2020-03-22
4484,LON_796,"78,913.79",2020-04-22
4485,LON_799,"8,990.07",2023-07-31
4486,LON_799,"8,990.07",2023-08-29
4487,LON_800,"26,452.67",2024-06-12
4488,LON_800,"26,452.67",2024-07-11
4489,LON_800,"26,452.67",2024-08-07
4490,LON_801,"12,334.95",2021-01-07
4491,LON_802,"18,639.55",2019-04-02
4492,LON_802,"18,639.55",2019-04-30
4493,LON_802,"18,639.55",2019-05-28
4494,LON_805,"29,525.90",2023-04-05
4495,LON_805,"28,629.39",2023-05-05
4496,LON_806,"24,739.58",2025-07-23
4497,LON_806,"24,739.58",2025-08-25
4498,LON_806,"24,739.58",2025-09-24
4499,LON_807,"5,566.03",2023-12-19
4500,LON_807,"5,566.03",2024-01-16
4501,LON_807,"5,566.03",2024-02-13
4502,LON_807,"5,566.03",2024-03-12
4503,LON_807,"5,566.03",2024-04-09
4504,LON_807,"5,566.03",2024-05-07
4505,LON_807,"5,566.03",2024-06-04
4506,LON_808,"8,655.08",2019-03-01
4507,LON_808,"8,655.08",2019-03-30
4508,LON_808,"8,655.08",2019-04-29
4509,LON_810,"24,161.84",2025-06-22
4510,LON_810,"24,161.84",2025-07-24
4511,LON_810,"24,161.84",2025-08-21
4512,LON_811,"17,701.77",2021-12-17
4513,LON_811,"17,701.77",2022-01-13
4514,LON_812,"48,861.08",2023-03-04
4515,LON_812,"49,400.01",2023-04-03
4516,LON_812,"47,995.57",2023-05-03
4517,LON_812,"49,027.77",2023-06-03
4518,LON_813,"41,175.44",2023-08-31
4519,LON_813,"41,175.44",2023-09-29
4520,LON_813,"41,175.44",2023-10-27
4521,LON_813,"41,175.44",2023-11-24
4522,LON_813,"41,175.44",2023-12-22
4523,LON_815,"65,855.76",2024-10-17
4524,LON_815,"64,031.18",2024-11-14
4525,LON_815,"65,855.76",2024-12-13
4526,LON_817,"67,488.07",2022-10-30
4527,LON_817,"67,488.07",2022-11-29
4528,LON_819,"16,340.77",2022-01-17
4529,LON_819,"16,340.77",2022-02-19
4530,LON_819,"16,340.77",2022-03-21
4531,LON_822,"49,490.91",2020-03-16
4532,LON_822,"49,490.91",2020-05-14
4533,LON_822,"49,490.91",2020-07-15
4534,LON_822,"49,490.91",2020-09-13
4535,LON_822,"49,490.91",2020-11-11
4536,LON_822,"49,490.91",2021-01-11
4537,LON_822,"49,490.91",2021-03-11
4538,LON_823,"38,063.54",2023-07-03
4539,LON_823,"38,063.54",2023-07-30
4540,LON_824,"76,626.66",2020-01-11
4541,LON_825,"10,765.41",2020-07-01
4542,LON_825,"10,514.69",2020-07-31
4543,LON_825,"10,765.41",2020-09-01
4544,LON_827,"33,945.03",2024-01-12
4545,LON_827,"34,119.45",2024-02-10
4546,LON_827,"33,945.03",2024-03-10
4547,LON_829,"72,177.34",2022-12-24
4548,LON_829,"72,177.34",2023-01-23
4549,LON_829,"72,177.34",2023-02-20
4550,LON_829,"72,177.34",2023-03-19
4551,LON_829,"71,724.58",2023-04-16
4552,LON_829,"72,177.34",2023-05-14
4553,LON_829,"72,177.34",2023-06-12
4554,LON_829,"72,177.34",2023-07-10
4555,LON_830,"11,457.61",2023-09-25
4556,LON_831,"13,277.46",2020-07-28
4557,LON_831,"13,277.46",2020-08-27
4558,LON_833,"48,354.60",2019-02-23
4559,LON_833,"49,771.47",2019-03-24
4560,LON_833,"48,354.60",2019-04-24
4561,LON_833,"48,354.60",2019-05-24
4562,LON_833,"48,354.60",2019-06-21
4563,LON_834,"15,208.76",2021-11-24
4564,LON_834,"15,621.47",2021-12-27
4565,LON_834,"15,208.76",2022-01-25
4566,LON_834,"15,208.76",2022-02-25
4567,LON_835,"1,55,756.90",2022-01-03
4568,LON_836,"46,499.88",2025-12-05
4569,LON_836,"46,499.88",2026-01-02
4570,LON_836,"46,499.88",2026-01-30
4571,LON_836,"46,314.48",2026-02-28
4572,LON_837,"46,496.50",2021-03-17
4573,LON_837,"46,259.99",2021-04-14
4574,LON_838,"11,951.83",2024-02-23
4575,LON_838,"11,951.83",2024-03-22
4576,LON_839,"1,02,878.00",2019-08-20
4577,LON_839,"1,02,878.00",2019-09-18
4578,LON_839,"1,05,137.30",2019-10-19
4579,LON_839,"1,02,439.22",2019-11-16
4580,LON_839,"1,02,878.00",2019-12-16
4581,LON_840,"5,707.31",2024-01-13
4582,LON_840,"5,707.31",2024-02-10
4583,LON_840,"5,707.31",2024-03-09
4584,LON_840,"5,707.31",2024-04-07
4585,LON_840,"5,707.31",2024-05-04
4586,LON_841,"33,186.89",2023-10-27
4587,LON_841,"33,186.89",2023-11-24
4588,LON_841,"33,186.89",2023-12-21
4589,LON_842,"12,015.94",2019-06-02
4590,LON_842,"12,015.94",2019-07-02
4591,LON_842,"11,728.94",2019-07-31
4592,LON_843,"55,354.01",2023-06-16
4593,LON_843,"55,354.01",2023-07-14
4594,LON_845,"32,514.84",2024-01-13
4595,LON_845,"32,514.84",2024-02-10
4596,LON_845,"32,514.84",2024-03-10
4597,LON_846,"52,355.47",2020-02-20
4598,LON_846,"52,355.47",2020-03-22
4599,LON_846,"52,355.47",2020-04-20
4600,LON_847,"1,32,815.03",2022-08-01
4601,LON_847,"1,32,815.03",2022-08-31
4602,LON_847,"1,33,908.25",2022-09-30
4603,LON_847,"1,32,815.03",2022-10-29
4604,LON_849,"17,790.13",2019-09-12
4605,LON_849,"17,790.13",2019-10-13
4606,LON_849,"17,790.13",2019-11-13
4607,LON_849,"17,790.13",2019-12-14
4608,LON_849,"17,406.28",2020-01-15
4609,LON_849,"17,790.13",2020-02-16
4610,LON_850,"14,079.29",2022-03-13
4611,LON_850,"14,079.29",2022-04-12
4612,LON_851,"27,723.51",2024-06-13
4613,LON_851,"27,723.51",2024-07-14
4614,LON_851,"27,723.51",2024-08-13
4615,LON_852,"33,243.61",2026-01-06
4616,LON_852,"33,243.61",2026-02-05
4617,LON_852,"33,243.61",2026-03-09
4618,LON_853,"43,474.63",2025-01-31
4619,LON_853,"43,474.63",2025-02-28
4620,LON_853,"43,474.63",2025-03-27
4621,LON_853,"43,474.63",2025-04-23
4622,LON_853,"44,705.08",2025-05-21
4623,LON_853,"43,474.63",2025-06-18
4624,LON_855,"35,194.80",2020-08-07
4625,LON_855,"35,194.80",2020-09-06
4626,LON_855,"35,194.80",2020-10-05
4627,LON_856,"17,944.95",2024-08-11
4628,LON_856,"17,944.95",2024-09-07
4629,LON_856,"17,944.95",2024-10-04
4630,LON_857,"18,679.51",2022-03-04
4631,LON_857,"18,679.51",2022-04-04
4632,LON_857,"18,679.51",2022-05-05
4633,LON_859,"18,440.69",2021-03-12
4634,LON_859,"18,440.69",2021-04-10
4635,LON_860,"65,660.39",2019-10-07
4636,LON_860,"65,660.39",2019-11-06
4637,LON_860,"65,660.39",2019-12-07
4638,LON_860,"65,660.39",2020-01-08
4639,LON_861,"33,073.61",2025-03-25
4640,LON_861,"33,073.61",2025-04-23
4641,LON_861,"33,073.61",2025-05-20
4642,LON_861,"33,073.61",2025-06-18
4643,LON_862,"25,546.10",2020-03-11
4644,LON_862,"25,546.10",2020-04-09
4645,LON_862,"25,546.10",2020-05-06
4646,LON_862,"25,278.20",2020-06-04
4647,LON_863,"13,001.58",2019-06-16
4648,LON_863,"13,001.58",2019-07-17
4649,LON_863,"13,001.58",2019-08-15
4650,LON_863,"13,001.58",2019-09-15
4651,LON_864,"23,555.84",2023-06-14
4652,LON_864,"23,555.84",2023-07-16
4653,LON_864,"23,555.84",2023-08-14
4654,LON_864,"23,555.84",2023-09-16
4655,LON_865,"30,480.29",2021-08-07
4656,LON_865,"30,480.29",2021-09-07
4657,LON_865,"30,434.15",2021-10-06
4658,LON_865,"30,480.29",2021-11-06
4659,LON_867,"46,496.63",2023-09-27
4660,LON_867,"46,496.63",2023-10-29
4661,LON_867,"46,496.63",2023-11-30
4662,LON_868,"52,547.76",2019-07-23
4663,LON_870,"15,769.72",2021-11-16
4664,LON_870,"15,769.72",2021-12-14
4665,LON_870,"15,769.72",2022-01-15
4666,LON_871,"53,196.02",2026-03-30
4667,LON_871,"53,196.02",2026-04-30
4668,LON_873,"17,694.87",2025-11-06
4669,LON_873,"17,694.87",2025-12-04
4670,LON_873,"17,694.87",2026-01-01
4671,LON_875,"24,204.98",2021-10-18
4672,LON_875,"24,204.98",2021-11-16
4673,LON_875,"24,204.98",2021-12-18
4674,LON_875,"24,204.98",2022-01-17
4675,LON_875,"24,204.98",2022-02-19
4676,LON_877,"34,052.26",2022-04-22
4677,LON_877,"34,052.26",2022-05-22
4678,LON_877,"34,052.26",2022-06-18
4679,LON_877,"34,052.26",2022-07-15
4680,LON_878,"9,718.34",2021-07-22
4681,LON_878,"9,718.34",2021-08-20
4682,LON_878,"9,943.44",2021-09-21
4683,LON_878,"9,718.34",2021-10-21
4684,LON_878,"9,718.34",2021-11-18
4685,LON_878,"9,718.34",2021-12-20
4686,LON_880,"45,765.51",2019-06-23
4687,LON_880,"45,765.51",2019-07-23
4688,LON_880,"45,765.51",2019-08-21
4689,LON_880,"45,765.51",2019-09-21
4690,LON_882,"25,700.31",2021-07-25
4691,LON_882,"25,700.31",2021-08-21
4692,LON_882,"25,700.31",2021-09-18
4693,LON_882,"25,700.31",2021-10-16
4694,LON_883,"16,593.44",2025-07-10
4695,LON_883,"16,593.44",2025-08-10
4696,LON_883,"16,593.44",2025-09-09
4697,LON_884,"36,824.85",2023-05-19
4698,LON_885,"3,836.63",2023-12-14
4699,LON_885,"3,799.65",2024-01-12
4700,LON_885,"3,799.65",2024-02-12
4701,LON_885,"3,799.65",2024-03-15
4702,LON_885,"3,799.65",2024-04-15
4703,LON_885,"3,799.65",2024-05-17
4704,LON_886,"9,990.39",2025-11-10
4705,LON_886,"9,990.39",2025-12-11
4706,LON_886,"10,194.78",2026-01-09
4707,LON_888,"59,201.69",2020-10-26
4708,LON_889,"42,661.81",2025-09-30
4709,LON_889,"42,661.81",2025-10-31
4710,LON_889,"42,661.81",2025-11-30
4711,LON_890,"18,601.21",2020-08-06
4712,LON_890,"18,601.21",2020-09-07
4713,LON_890,"18,601.21",2020-10-07
4714,LON_890,"18,601.21",2020-11-08
4715,LON_890,"18,601.21",2020-12-08
4716,LON_891,"23,870.62",2022-01-07
4717,LON_891,"23,870.62",2022-02-05
4718,LON_891,"23,870.62",2022-03-08
4719,LON_892,"69,400.63",2020-07-31
4720,LON_892,"69,400.63",2020-08-27
4721,LON_892,"69,400.63",2020-09-24
4722,LON_892,"69,400.63",2020-10-23
4723,LON_892,"69,400.63",2020-11-19
4724,LON_892,"69,400.63",2020-12-17
4725,LON_892,"69,400.63",2021-01-15
4726,LON_893,"12,916.34",2025-05-21
4727,LON_893,"13,123.61",2025-06-18
4728,LON_893,"13,123.61",2025-07-20
4729,LON_893,"13,123.61",2025-08-18
4730,LON_894,"11,051.84",2025-07-19
4731,LON_894,"10,938.80",2025-08-18
4732,LON_895,"26,257.28",2022-09-01
4733,LON_895,"26,257.28",2022-10-04
4734,LON_895,"26,257.28",2022-11-02
4735,LON_896,"27,758.85",2022-12-24
4736,LON_896,"27,758.85",2023-01-24
4737,LON_896,"27,758.85",2023-02-21
4738,LON_899,"64,446.43",2019-03-22
4739,LON_899,"64,446.43",2019-04-21
4740,LON_899,"64,446.43",2019-05-23
4741,LON_899,"64,446.43",2019-06-21
4742,LON_900,"63,446.06",2022-10-22
4743,LON_900,"63,446.06",2022-12-22
4744,LON_900,"62,434.55",2023-02-19
4745,LON_901,"60,487.53",2022-01-04
4746,LON_901,"60,487.53",2022-02-05
4747,LON_901,"60,866.28",2022-03-08
4748,LON_901,"60,487.53",2022-04-07
4749,LON_901,"60,487.53",2022-05-09
4750,LON_901,"60,487.53",2022-06-09
4751,LON_902,"63,717.79",2019-04-17
4752,LON_902,"63,717.79",2019-05-13
4753,LON_902,"63,717.79",2019-06-12
4754,LON_903,"61,849.22",2019-09-22
4755,LON_903,"61,849.22",2019-10-22
4756,LON_904,"40,045.01",2019-03-15
4757,LON_906,"10,530.17",2023-05-02
4758,LON_906,"10,775.42",2023-06-03
4759,LON_906,"10,775.42",2023-07-02
4760,LON_908,"10,002.01",2019-05-12
4761,LON_908,"10,002.01",2019-06-12
4762,LON_909,"44,568.63",2020-11-05
4763,LON_909,"45,569.92",2020-12-03
4764,LON_909,"45,569.92",2020-12-29
4765,LON_909,"45,569.92",2021-01-28
4766,LON_909,"45,569.92",2021-02-23
4767,LON_910,"35,880.24",2024-09-23
4768,LON_910,"35,880.24",2024-10-22
4769,LON_910,"35,880.24",2024-11-20
4770,LON_912,"9,715.99",2020-08-24
4771,LON_912,"9,715.99",2020-09-19
4772,LON_912,"9,694.78",2020-10-17
4773,LON_912,"9,715.99",2020-11-16
4774,LON_912,"9,715.99",2020-12-12
4775,LON_912,"9,715.99",2021-01-11
4776,LON_913,"21,644.62",2026-02-08
4777,LON_913,"21,644.62",2026-03-11
4778,LON_913,"21,714.73",2026-04-11
4779,LON_915,"74,586.66",2025-03-12
4780,LON_915,"74,586.66",2025-04-08
4781,LON_915,"74,586.66",2025-05-06
4782,LON_915,"72,566.06",2025-06-03
4783,LON_915,"74,586.66",2025-07-03
4784,LON_915,"74,586.66",2025-07-31
4785,LON_915,"74,586.66",2025-08-26
4786,LON_918,"45,539.32",2020-09-09
4787,LON_918,"46,620.07",2020-10-10
4788,LON_921,"19,545.68",2025-12-11
4789,LON_921,"19,545.68",2026-01-10
4790,LON_922,"14,828.18",2019-05-23
4791,LON_922,"14,828.18",2019-06-22
4792,LON_922,"14,632.58",2019-07-18
4793,LON_923,"25,342.71",2025-11-16
4794,LON_923,"25,342.71",2025-12-14
4795,LON_923,"25,342.71",2026-01-13
4796,LON_924,"85,075.10",2024-05-16
4797,LON_924,"85,075.10",2024-07-13
4798,LON_925,"11,838.17",2019-04-01
4799,LON_925,"11,838.17",2019-05-02
4800,LON_925,"11,838.17",2019-06-01
4801,LON_925,"11,838.17",2019-06-29
4802,LON_925,"11,838.17",2019-07-29
4803,LON_926,"33,561.12",2021-05-14
4804,LON_926,"33,561.12",2021-06-12
4805,LON_928,"24,184.41",2019-07-24
4806,LON_928,"24,184.41",2019-08-24
4807,LON_929,"51,572.97",2025-09-20
4808,LON_929,"51,572.97",2025-11-20
4809,LON_929,"51,778.29",2026-01-20
4810,LON_929,"51,572.97",2026-03-21
4811,LON_930,"37,075.31",2020-04-16
4812,LON_930,"37,075.31",2020-05-15
4813,LON_932,"60,580.74",2026-02-14
4814,LON_932,"60,580.74",2026-03-17
4815,LON_932,"60,580.74",2026-04-16
4816,LON_933,"21,875.18",2022-04-12
4817,LON_933,"21,875.18",2022-05-11
4818,LON_933,"21,875.18",2022-06-10
4819,LON_934,"22,477.63",2024-11-12
4820,LON_934,"23,011.24",2024-12-13
4821,LON_934,"22,477.63",2025-01-12
4822,LON_934,"22,477.63",2025-02-12
4823,LON_935,"47,787.00",2020-05-01
4824,LON_935,"47,787.00",2020-05-29
4825,LON_935,"47,355.28",2020-06-26
4826,LON_935,"47,787.00",2020-07-24
4827,LON_935,"47,787.00",2020-08-20
4828,LON_936,"28,536.48",2023-07-15
4829,LON_936,"28,536.48",2023-08-14
4830,LON_937,"16,345.70",2021-05-01
4831,LON_937,"16,345.70",2021-05-30
4832,LON_937,"16,345.70",2021-07-01
4833,LON_937,"16,345.70",2021-07-29
4834,LON_939,"20,803.72",2024-12-28
4835,LON_941,"4,908.28",2020-09-26
4836,LON_941,"4,908.28",2020-10-22
4837,LON_941,"4,908.28",2020-11-19
4838,LON_942,"6,658.48",2022-07-14
4839,LON_942,"6,658.48",2022-08-16
4840,LON_942,"6,715.00",2022-09-16
4841,LON_942,"6,658.48",2022-10-16
4842,LON_942,"6,658.48",2022-11-17
4843,LON_942,"6,658.48",2022-12-16
4844,LON_942,"6,658.48",2023-01-16
4845,LON_942,"6,658.48",2023-02-16
4846,LON_943,"48,017.61",2020-06-10
4847,LON_943,"49,425.59",2020-08-09
4848,LON_944,"2,690.51",2024-08-21
4849,LON_944,"2,750.66",2024-09-20
4850,LON_944,"2,690.51",2024-10-19
4851,LON_944,"2,690.51",2024-11-19
4852,LON_945,"46,802.83",2021-06-24
4853,LON_945,"46,802.83",2021-07-23
4854,LON_945,"46,802.83",2021-08-23
4855,LON_946,"12,557.20",2021-10-22
4856,LON_946,"12,557.20",2021-11-19
4857,LON_946,"12,557.20",2021-12-20
4858,LON_946,"12,557.20",2022-01-19
4859,LON_947,"23,230.82",2019-08-15
4860,LON_947,"23,230.82",2019-09-15
4861,LON_947,"23,230.82",2019-10-15
4862,LON_948,"5,500.25",2019-06-02
4863,LON_948,"5,500.25",2019-07-02
4864,LON_948,"5,464.69",2019-07-30
4865,LON_948,"5,500.25",2019-08-30
4866,LON_948,"5,662.53",2019-09-28
4867,LON_948,"5,500.25",2019-10-30
4868,LON_948,"5,611.48",2019-11-28
4869,LON_948,"5,382.87",2019-12-27
4870,LON_949,"96,371.00",2021-01-19
4871,LON_949,"96,371.00",2021-02-15
4872,LON_950,"18,340.12",2025-06-29
4873,LON_950,"18,340.12",2025-07-29
4874,LON_950,"18,049.76",2025-08-27
4875,LON_950,"18,340.12",2025-09-28
4876,LON_951,"44,007.54",2019-06-27
4877,LON_951,"44,007.54",2019-07-25
4878,LON_951,"44,007.54",2019-08-26
4879,LON_951,"44,007.54",2019-09-24
4880,LON_951,"44,007.54",2019-10-25
4881,LON_951,"44,007.54",2019-11-23
4882,LON_951,"44,007.54",2019-12-22
4883,LON_952,"21,042.48",2019-10-25
4884,LON_952,"21,042.48",2019-11-23
4885,LON_953,"22,320.61",2022-02-21
4886,LON_954,"23,815.33",2019-09-24
4887,LON_954,"23,546.20",2019-10-24
4888,LON_956,"36,667.21",2026-02-06
4889,LON_956,"35,629.31",2026-03-04
4890,LON_957,"31,963.49",2024-08-26
4891,LON_957,"31,963.49",2024-09-25
4892,LON_957,"31,963.49",2024-10-23
4893,LON_957,"32,491.79",2024-11-19
4894,LON_957,"31,502.19",2024-12-17
4895,LON_958,"7,870.01",2021-04-12
4896,LON_958,"7,735.49",2021-05-12
4897,LON_958,"7,870.01",2021-06-11
4898,LON_959,"5,652.06",2021-06-02
4899,LON_959,"5,648.69",2021-07-02
4900,LON_959,"5,652.06",2021-08-03
4901,LON_959,"5,652.06",2021-09-02
4902,LON_959,"5,652.06",2021-09-30
4903,LON_959,"5,764.00",2021-10-30
4904,LON_962,"34,955.76",2022-11-06
4905,LON_962,"35,937.04",2022-12-07
4906,LON_962,"34,955.76",2023-01-06
4907,LON_962,"34,955.76",2023-02-03
4908,LON_963,"29,656.37",2021-01-25
4909,LON_963,"30,083.81",2021-02-25
4910,LON_963,"29,276.69",2021-03-27
4911,LON_963,"29,656.37",2021-04-24
4912,LON_964,"60,271.13",2024-06-07
4913,LON_964,"60,271.13",2024-07-07
4914,LON_964,"60,509.71",2024-08-05
4915,LON_966,"11,812.28",2024-12-09
4916,LON_967,"11,713.02",2021-05-31
4917,LON_967,"11,713.02",2021-07-01
4918,LON_967,"11,713.02",2021-08-01
4919,LON_968,"38,830.15",2020-09-20
4920,LON_968,"38,830.15",2020-10-18
4921,LON_969,"5,010.58",2020-11-26
4922,LON_969,"5,010.58",2020-12-29
4923,LON_969,"5,010.58",2021-01-29
4924,LON_971,"22,451.87",2024-02-15
4925,LON_971,"22,451.87",2024-03-18
4926,LON_971,"22,451.87",2024-04-19
4927,LON_971,"22,793.37",2024-05-19
4928,LON_971,"22,451.87",2024-06-19
4929,LON_976,"41,359.32",2024-11-25
4930,LON_976,"41,359.32",2024-12-23
4931,LON_976,"41,359.32",2025-01-20
4932,LON_976,"41,359.32",2025-02-16
4933,LON_978,"58,865.03",2022-07-30
4934,LON_978,"59,556.09",2022-08-28
4935,LON_979,"30,358.23",2021-05-11
4936,LON_979,"30,235.44",2021-06-09
4937,LON_979,"30,235.44",2021-07-11
4938,LON_979,"30,235.44",2021-08-11
4939,LON_979,"30,235.44",2021-09-12
4940,LON_980,"15,688.75",2020-05-25
4941,LON_980,"15,688.75",2020-06-25
4942,LON_982,"15,197.27",2020-09-17
4943,LON_982,"15,305.82",2020-10-18
4944,LON_982,"15,197.27",2020-11-16
4945,LON_982,"15,197.27",2020-12-15
4946,LON_982,"15,197.27",2021-01-15
4947,LON_983,"13,959.19",2022-11-13
4948,LON_985,"3,613.08",2025-09-23
4949,LON_985,"3,571.29",2025-10-25
4950,LON_985,"3,571.29",2025-11-22
4951,LON_985,"3,571.29",2025-12-23
4952,LON_986,"41,272.04",2025-01-13
4953,LON_986,"41,272.04",2025-02-14
4954,LON_986,"41,272.04",2025-03-17
4955,LON_987,"79,891.10",2024-05-17
4956,LON_987,"79,891.10",2024-06-16
4957,LON_987,"79,891.10",2024-07-18
4958,LON_987,"79,891.10",2024-08-17
4959,LON_988,"15,823.62",2024-05-09
4960,LON_988,"15,823.62",2024-06-09
4961,LON_988,"15,823.62",2024-07-07
4962,LON_988,"16,157.06",2024-08-08
4963,LON_988,"15,823.62",2024-09-07
4964,LON_989,"11,107.32",2023-03-03
4965,LON_989,"11,107.32",2023-04-03
4966,LON_989,"11,351.20",2023-05-02
4967,LON_991,"2,422.88",2024-04-18
4968,LON_991,"2,398.58",2024-05-17
4969,LON_991,"2,475.73",2024-06-14
4970,LON_991,"2,422.88",2024-07-13
4971,LON_991,"2,422.88",2024-08-09
4972,LON_992,"47,674.70",2020-03-23
4973,LON_992,"47,674.70",2020-04-23
4974,LON_992,"47,674.70",2020-05-25
4975,LON_993,"27,142.40",2019-12-02
4976,LON_994,"35,969.51",2021-10-25
4977,LON_994,"36,831.86",2021-11-22
4978,LON_994,"36,831.86",2021-12-19
4979,LON_994,"36,831.86",2022-01-16
4980,LON_994,"36,831.86",2022-02-13
4981,LON_995,"37,038.31",2025-09-15
4982,LON_995,"37,038.31",2025-10-16
4983,LON_995,"37,038.31",2025-11-16
4984,LON_995,"37,038.31",2025-12-18
4985,LON_996,"1,22,608.13",2021-09-15
4986,LON_997,"50,956.79",2024-07-14
4987,LON_997,"50,956.79",2024-08-12
4988,LON_997,"50,956.79",2024-09-11
4989,LON_997,"50,956.79",2024-10-11
4990,LON_997,"50,956.79",2024-11-10
4991,LON_997,"50,956.79",2024-12-09
4992,LON_997,"50,956.79",2025-01-08
4993,LON_997,"50,388.65",2025-02-07
4994,LON_998,"51,731.40",2024-01-21
4995,LON_998,"51,731.40",2024-02-18
4996,LON_998,"51,731.40",2024-03-19
4997,LON_999,"64,765.57",2025-09-27
4998,LON_999,"64,765.57",2025-10-27
4999,LON_999,"64,765.57",2025-11-26
5000,LON_999,"64,412.07",2025-12-26
